point,parameter,parameter_value,is_baseline,food_site_count,food_site_width,food_site_capacity,food_value,vertical_comb_benefit,food_site_max_distance,travel_cost_per_distance,mutation_sd,transposition_mutation_correlation,group_kind,group,runs,seeds,stable_fraction,reached_gravity_fraction,retained_vertical_fraction,collapse_fraction,mean_gravity_reach_generation,mean_vertical_reach_generation,mean_partial_tilt_generation,mean_partial_transposition_generation,mean_max_comb_tilt,mean_max_min_transposition,mean_min_success,mean_final_directional_bias,mean_final_attention,mean_final_min_transposition,mean_final_transposition_gap,mean_final_comb_tilt,mean_final_success,mean_final_payoff
baseline,baseline,baseline,true,8,0.270,9,1.000,0.600,6.500,0.055,0.090,1.000,all,all,100,"300,301,302,303,304,305,306,307,308,309,310,311,312,313,314,315,316,317,318,319,320,321,322,323,324,325,326,327,328,329,330,331,332,333,334,335,336,337,338,339,340,341,342,343,344,345,346,347,348,349,350,351,352,353,354,355,356,357,358,359,360,361,362,363,364,365,366,367,368,369,370,371,372,373,374,375,376,377,378,379,380,381,382,383,384,385,386,387,388,389,390,391,392,393,394,395,396,397,398,399",0.910,0.980,0.920,0.000,48.684,50.860,26.210,20.990,0.906,0.888,0.164,0.768,0.792,0.820,0.000,0.847,0.561,5.309
baseline,baseline,baseline,true,8,0.270,9,1.000,0.600,6.500,0.055,0.090,1.000,comparison,successful,91,"300,301,303,304,306,307,308,309,310,311,312,314,315,316,317,318,319,320,321,322,323,325,326,327,328,329,330,332,333,334,335,336,338,339,340,341,342,343,344,345,346,347,348,349,350,351,352,353,354,355,357,358,359,360,361,362,363,364,365,366,367,368,369,370,371,372,373,374,375,377,378,379,381,382,383,384,385,386,387,388,389,390,391,392,393,394,395,396,397,398,399",1.000,1.000,1.000,0.000,48.846,50.132,26.055,20.956,0.908,0.897,0.164,0.773,0.794,0.831,0.000,0.856,0.562,5.350
baseline,baseline,baseline,true,8,0.270,9,1.000,0.600,6.500,0.055,0.090,1.000,comparison,unsuccessful,9,"302,305,313,324,331,337,356,376,380",0.000,0.778,0.111,0.000,46.571,58.222,27.778,21.333,0.887,0.795,0.163,0.723,0.768,0.708,0.000,0.765,0.551,4.886
baseline,baseline,baseline,true,8,0.270,9,1.000,0.600,6.500,0.055,0.090,1.000,outcome,gravity_without_vertical,7,"302,305,324,331,337,356,380",0.000,1.000,0.000,0.000,46.571,49.143,20.286,22.571,0.910,0.902,0.166,0.747,0.784,0.806,0.000,0.786,0.557,5.043
baseline,baseline,baseline,true,8,0.270,9,1.000,0.600,6.500,0.055,0.090,1.000,outcome,partial_tilt,1,313,0.000,0.000,0.000,0.000,not_reached,61.000,22.000,13.000,0.803,0.418,0.162,0.623,0.720,0.305,0.000,0.573,0.521,4.077
baseline,baseline,baseline,true,8,0.270,9,1.000,0.600,6.500,0.055,0.090,1.000,outcome,success,91,"300,301,303,304,306,307,308,309,310,311,312,314,315,316,317,318,319,320,321,322,323,325,326,327,328,329,330,332,333,334,335,336,338,339,340,341,342,343,344,345,346,347,348,349,350,351,352,353,354,355,357,358,359,360,361,362,363,364,365,366,367,368,369,370,371,372,373,374,375,377,378,379,381,382,383,384,385,386,387,388,389,390,391,392,393,394,395,396,397,398,399",1.000,1.000,1.000,0.000,48.846,50.132,26.055,20.956,0.908,0.897,0.164,0.773,0.794,0.831,0.000,0.856,0.562,5.350
baseline,baseline,baseline,true,8,0.270,9,1.000,0.600,6.500,0.055,0.090,1.000,outcome,vertical_without_gravity,1,376,0.000,0.000,1.000,0.000,not_reached,119.000,86.000,21.000,0.815,0.421,0.145,0.656,0.702,0.421,0.000,0.812,0.539,4.598
vertical_comb_benefit_0p520,vertical_comb_benefit,0.520,false,8,0.270,9,1.000,0.520,6.500,0.055,0.090,1.000,all,all,100,"300,301,302,303,304,305,306,307,308,309,310,311,312,313,314,315,316,317,318,319,320,321,322,323,324,325,326,327,328,329,330,331,332,333,334,335,336,337,338,339,340,341,342,343,344,345,346,347,348,349,350,351,352,353,354,355,356,357,358,359,360,361,362,363,364,365,366,367,368,369,370,371,372,373,374,375,376,377,378,379,380,381,382,383,384,385,386,387,388,389,390,391,392,393,394,395,396,397,398,399",0.920,0.980,0.920,0.000,51.082,56.571,31.550,19.350,0.900,0.882,0.164,0.780,0.799,0.815,0.000,0.833,0.563,5.060
vertical_comb_benefit_0p520,vertical_comb_benefit,0.520,false,8,0.270,9,1.000,0.520,6.500,0.055,0.090,1.000,comparison,successful,92,"300,301,302,303,305,307,308,310,311,312,313,314,315,316,317,318,319,320,321,322,323,324,326,328,329,330,331,332,333,334,335,336,337,338,339,340,341,342,343,344,345,346,347,348,349,350,351,352,353,354,355,356,357,358,359,360,361,362,363,364,365,366,367,368,369,370,371,372,373,374,375,376,377,378,379,380,381,382,383,384,387,389,390,391,392,393,394,395,396,397,398,399",1.000,1.000,1.000,0.000,50.641,56.348,30.565,19.250,0.907,0.892,0.164,0.780,0.801,0.828,0.000,0.847,0.564,5.104
vertical_comb_benefit_0p520,vertical_comb_benefit,0.520,false,8,0.270,9,1.000,0.520,6.500,0.055,0.090,1.000,comparison,unsuccessful,8,"304,306,309,325,327,385,386,388",0.000,0.750,0.000,0.000,57.833,60.000,42.875,20.500,0.823,0.764,0.164,0.775,0.783,0.668,0.000,0.664,0.555,4.556
vertical_comb_benefit_0p520,vertical_comb_benefit,0.520,false,8,0.270,9,1.000,0.520,6.500,0.055,0.090,1.000,outcome,gravity_without_vertical,6,"304,306,309,325,385,388",0.000,1.000,0.000,0.000,57.833,60.000,30.833,23.667,0.902,0.888,0.164,0.773,0.803,0.782,0.000,0.762,0.556,4.754
vertical_comb_benefit_0p520,vertical_comb_benefit,0.520,false,8,0.270,9,1.000,0.520,6.500,0.055,0.090,1.000,outcome,partial_transposition,2,"327,386",0.000,0.000,0.000,0.000,not_reached,not_reached,79.000,11.000,0.586,0.391,0.164,0.781,0.723,0.327,0.000,0.372,0.553,3.965
vertical_comb_benefit_0p520,vertical_comb_benefit,0.520,false,8,0.270,9,1.000,0.520,6.500,0.055,0.090,1.000,outcome,success,92,"300,301,302,303,305,307,308,310,311,312,313,314,315,316,317,318,319,320,321,322,323,324,326,328,329,330,331,332,333,334,335,336,337,338,339,340,341,342,343,344,345,346,347,348,349,350,351,352,353,354,355,356,357,358,359,360,361,362,363,364,365,366,367,368,369,370,371,372,373,374,375,376,377,378,379,380,381,382,383,384,387,389,390,391,392,393,394,395,396,397,398,399",1.000,1.000,1.000,0.000,50.641,56.348,30.565,19.250,0.907,0.892,0.164,0.780,0.801,0.828,0.000,0.847,0.564,5.104
vertical_comb_benefit_0p560,vertical_comb_benefit,0.560,false,8,0.270,9,1.000,0.560,6.500,0.055,0.090,1.000,all,all,100,"300,301,302,303,304,305,306,307,308,309,310,311,312,313,314,315,316,317,318,319,320,321,322,323,324,325,326,327,328,329,330,331,332,333,334,335,336,337,338,339,340,341,342,343,344,345,346,347,348,349,350,351,352,353,354,355,356,357,358,359,360,361,362,363,364,365,366,367,368,369,370,371,372,373,374,375,376,377,378,379,380,381,382,383,384,385,386,387,388,389,390,391,392,393,394,395,396,397,398,399",0.940,0.990,0.940,0.000,50.949,50.162,26.470,19.850,0.906,0.893,0.164,0.782,0.797,0.827,0.000,0.854,0.566,5.262
vertical_comb_benefit_0p560,vertical_comb_benefit,0.560,false,8,0.270,9,1.000,0.560,6.500,0.055,0.090,1.000,comparison,successful,94,"300,301,302,303,305,306,307,308,309,310,311,312,313,314,315,316,317,318,319,320,321,322,323,324,325,326,327,328,329,330,332,333,334,335,336,337,338,339,340,341,342,343,344,345,346,347,348,349,350,351,352,353,354,355,356,357,358,360,361,362,363,364,365,366,367,368,369,370,371,372,373,374,375,376,377,378,380,381,383,384,385,386,387,388,390,391,392,393,394,395,396,397,398,399",1.000,1.000,1.000,0.000,50.543,49.426,26.713,19.617,0.908,0.899,0.164,0.783,0.795,0.831,0.000,0.863,0.566,5.290
vertical_comb_benefit_0p560,vertical_comb_benefit,0.560,false,8,0.270,9,1.000,0.560,6.500,0.055,0.090,1.000,comparison,unsuccessful,6,"304,331,359,379,382,389",0.000,0.833,0.000,0.000,58.600,64.000,22.667,23.500,0.863,0.805,0.163,0.755,0.830,0.759,0.000,0.712,0.556,4.812
vertical_comb_benefit_0p560,vertical_comb_benefit,0.560,false,8,0.270,9,1.000,0.560,6.500,0.055,0.090,1.000,outcome,gravity_without_vertical,5,"304,331,359,382,389",0.000,1.000,0.000,0.000,58.600,64.000,22.800,23.400,0.901,0.874,0.163,0.770,0.836,0.819,0.000,0.780,0.557,5.002
vertical_comb_benefit_0p560,vertical_comb_benefit,0.560,false,8,0.270,9,1.000,0.560,6.500,0.055,0.090,1.000,outcome,partial_transposition,1,379,0.000,0.000,0.000,0.000,not_reached,not_reached,22.000,24.000,0.674,0.462,0.161,0.681,0.799,0.462,0.000,0.375,0.550,3.860
vertical_comb_benefit_0p560,vertical_comb_benefit,0.560,false,8,0.270,9,1.000,0.560,6.500,0.055,0.090,1.000,outcome,success,94,"300,301,302,303,305,306,307,308,309,310,311,312,313,314,315,316,317,318,319,320,321,322,323,324,325,326,327,328,329,330,332,333,334,335,336,337,338,339,340,341,342,343,344,345,346,347,348,349,350,351,352,353,354,355,356,357,358,360,361,362,363,364,365,366,367,368,369,370,371,372,373,374,375,376,377,378,380,381,383,384,385,386,387,388,390,391,392,393,394,395,396,397,398,399",1.000,1.000,1.000,0.000,50.543,49.426,26.713,19.617,0.908,0.899,0.164,0.783,0.795,0.831,0.000,0.863,0.566,5.290
food_site_max_distance_5p500,food_site_max_distance,5.500,false,8,0.270,9,1.000,0.600,5.500,0.055,0.090,1.000,all,all,100,"300,301,302,303,304,305,306,307,308,309,310,311,312,313,314,315,316,317,318,319,320,321,322,323,324,325,326,327,328,329,330,331,332,333,334,335,336,337,338,339,340,341,342,343,344,345,346,347,348,349,350,351,352,353,354,355,356,357,358,359,360,361,362,363,364,365,366,367,368,369,370,371,372,373,374,375,376,377,378,379,380,381,382,383,384,385,386,387,388,389,390,391,392,393,394,395,396,397,398,399",0.920,1.000,0.920,0.000,49.170,46.180,24.140,19.390,0.909,0.893,0.195,0.776,0.785,0.827,0.000,0.849,0.570,5.829
food_site_max_distance_5p500,food_site_max_distance,5.500,false,8,0.270,9,1.000,0.600,5.500,0.055,0.090,1.000,comparison,successful,92,"300,301,302,303,304,305,306,307,308,309,310,311,312,313,314,315,316,317,318,319,320,321,322,323,324,327,328,329,330,331,332,333,334,335,336,337,338,339,340,342,343,344,345,346,347,348,349,350,352,353,355,356,357,359,360,362,363,364,365,366,367,368,369,370,371,372,373,374,375,376,377,378,380,381,382,383,384,385,386,387,388,389,390,391,392,393,394,395,396,397,398,399",1.000,1.000,1.000,0.000,48.967,45.967,24.413,19.609,0.909,0.893,0.196,0.777,0.785,0.826,0.000,0.854,0.570,5.848
food_site_max_distance_5p500,food_site_max_distance,5.500,false,8,0.270,9,1.000,0.600,5.500,0.055,0.090,1.000,comparison,unsuccessful,8,"325,326,341,351,354,358,361,379",0.000,1.000,0.000,0.000,51.500,48.625,21.000,16.875,0.900,0.897,0.194,0.756,0.779,0.831,0.000,0.789,0.563,5.606
food_site_max_distance_5p500,food_site_max_distance,5.500,false,8,0.270,9,1.000,0.600,5.500,0.055,0.090,1.000,outcome,gravity_without_vertical,8,"325,326,341,351,354,358,361,379",0.000,1.000,0.000,0.000,51.500,48.625,21.000,16.875,0.900,0.897,0.194,0.756,0.779,0.831,0.000,0.789,0.563,5.606
food_site_max_distance_5p500,food_site_max_distance,5.500,false,8,0.270,9,1.000,0.600,5.500,0.055,0.090,1.000,outcome,success,92,"300,301,302,303,304,305,306,307,308,309,310,311,312,313,314,315,316,317,318,319,320,321,322,323,324,327,328,329,330,331,332,333,334,335,336,337,338,339,340,342,343,344,345,346,347,348,349,350,352,353,355,356,357,359,360,362,363,364,365,366,367,368,369,370,371,372,373,374,375,376,377,378,380,381,382,383,384,385,386,387,388,389,390,391,392,393,394,395,396,397,398,399",1.000,1.000,1.000,0.000,48.967,45.967,24.413,19.609,0.909,0.893,0.196,0.777,0.785,0.826,0.000,0.854,0.570,5.848
food_site_max_distance_6p000,food_site_max_distance,6.000,false,8,0.270,9,1.000,0.600,6.000,0.055,0.090,1.000,all,all,100,"300,301,302,303,304,305,306,307,308,309,310,311,312,313,314,315,316,317,318,319,320,321,322,323,324,325,326,327,328,329,330,331,332,333,334,335,336,337,338,339,340,341,342,343,344,345,346,347,348,349,350,351,352,353,354,355,356,357,358,359,360,361,362,363,364,365,366,367,368,369,370,371,372,373,374,375,376,377,378,379,380,381,382,383,384,385,386,387,388,389,390,391,392,393,394,395,396,397,398,399",0.950,0.990,0.950,0.000,47.162,47.343,25.290,20.700,0.907,0.891,0.178,0.776,0.805,0.827,0.000,0.849,0.570,5.643
food_site_max_distance_6p000,food_site_max_distance,6.000,false,8,0.270,9,1.000,0.600,6.000,0.055,0.090,1.000,comparison,successful,95,"301,302,303,304,305,306,307,308,309,310,311,312,313,314,315,316,317,318,319,320,321,322,323,324,325,326,327,328,329,330,331,332,333,334,335,336,337,338,339,340,341,342,343,344,346,347,348,349,350,351,352,353,354,355,356,357,358,359,360,361,362,363,364,365,366,367,368,369,370,371,372,373,374,375,377,378,379,381,382,383,384,385,386,387,388,389,390,391,392,393,394,396,397,398,399",1.000,1.000,1.000,0.000,47.147,47.074,24.937,20.126,0.911,0.897,0.179,0.778,0.805,0.835,0.000,0.855,0.571,5.673
food_site_max_distance_6p000,food_site_max_distance,6.000,false,8,0.270,9,1.000,0.600,6.000,0.055,0.090,1.000,comparison,unsuccessful,5,"300,345,376,380,395",0.000,0.800,0.000,0.000,47.500,53.750,32.000,31.600,0.835,0.778,0.176,0.736,0.809,0.679,0.000,0.721,0.559,5.076
food_site_max_distance_6p000,food_site_max_distance,6.000,false,8,0.270,9,1.000,0.600,6.000,0.055,0.090,1.000,outcome,flat,1,395,0.000,0.000,0.000,0.000,not_reached,not_reached,51.000,36.000,0.598,0.327,0.180,0.734,0.839,0.156,0.000,0.450,0.580,4.570
food_site_max_distance_6p000,food_site_max_distance,6.000,false,8,0.270,9,1.000,0.600,6.000,0.055,0.090,1.000,outcome,gravity_without_vertical,4,"300,345,376,380",0.000,1.000,0.000,0.000,47.500,53.750,27.250,30.500,0.895,0.891,0.175,0.736,0.801,0.810,0.000,0.789,0.553,5.202
food_site_max_distance_6p000,food_site_max_distance,6.000,false,8,0.270,9,1.000,0.600,6.000,0.055,0.090,1.000,outcome,success,95,"301,302,303,304,305,306,307,308,309,310,311,312,313,314,315,316,317,318,319,320,321,322,323,324,325,326,327,328,329,330,331,332,333,334,335,336,337,338,339,340,341,342,343,344,346,347,348,349,350,351,352,353,354,355,356,357,358,359,360,361,362,363,364,365,366,367,368,369,370,371,372,373,374,375,377,378,379,381,382,383,384,385,386,387,388,389,390,391,392,393,394,396,397,398,399",1.000,1.000,1.000,0.000,47.147,47.074,24.937,20.126,0.911,0.897,0.179,0.778,0.805,0.835,0.000,0.855,0.571,5.673
food_site_max_distance_7p000,food_site_max_distance,7.000,false,8,0.270,9,1.000,0.600,7.000,0.055,0.090,1.000,all,all,100,"300,301,302,303,304,305,306,307,308,309,310,311,312,313,314,315,316,317,318,319,320,321,322,323,324,325,326,327,328,329,330,331,332,333,334,335,336,337,338,339,340,341,342,343,344,345,346,347,348,349,350,351,352,353,354,355,356,357,358,359,360,361,362,363,364,365,366,367,368,369,370,371,372,373,374,375,376,377,378,379,380,381,382,383,384,385,386,387,388,389,390,391,392,393,394,395,396,397,398,399",0.960,1.000,0.960,0.000,53.630,55.657,29.760,22.150,0.907,0.896,0.152,0.789,0.801,0.832,0.000,0.855,0.563,5.173
food_site_max_distance_7p000,food_site_max_distance,7.000,false,8,0.270,9,1.000,0.600,7.000,0.055,0.090,1.000,comparison,successful,96,"300,301,302,303,304,305,306,307,309,310,311,312,313,314,315,316,317,318,319,320,321,323,324,325,326,327,328,329,330,331,332,333,334,335,336,337,338,339,340,341,342,343,344,345,346,347,348,349,350,351,352,353,354,355,356,357,358,359,360,362,363,364,365,366,367,368,369,370,371,372,373,374,375,376,377,378,379,380,381,382,383,384,385,386,387,388,389,390,391,392,393,394,395,397,398,399",1.000,1.000,1.000,0.000,51.969,54.458,29.396,22.083,0.909,0.900,0.151,0.790,0.802,0.835,0.000,0.860,0.564,5.194
food_site_max_distance_7p000,food_site_max_distance,7.000,false,8,0.270,9,1.000,0.600,7.000,0.055,0.090,1.000,comparison,unsuccessful,4,"308,322,361,396",0.000,1.000,0.000,0.000,93.500,94.000,38.500,23.750,0.852,0.812,0.159,0.774,0.772,0.744,0.000,0.727,0.552,4.657
food_site_max_distance_7p000,food_site_max_distance,7.000,false,8,0.270,9,1.000,0.600,7.000,0.055,0.090,1.000,outcome,gravity_without_vertical,4,"308,322,361,396",0.000,1.000,0.000,0.000,93.500,94.000,38.500,23.750,0.852,0.812,0.159,0.774,0.772,0.744,0.000,0.727,0.552,4.657
food_site_max_distance_7p000,food_site_max_distance,7.000,false,8,0.270,9,1.000,0.600,7.000,0.055,0.090,1.000,outcome,success,96,"300,301,302,303,304,305,306,307,309,310,311,312,313,314,315,316,317,318,319,320,321,323,324,325,326,327,328,329,330,331,332,333,334,335,336,337,338,339,340,341,342,343,344,345,346,347,348,349,350,351,352,353,354,355,356,357,358,359,360,362,363,364,365,366,367,368,369,370,371,372,373,374,375,376,377,378,379,380,381,382,383,384,385,386,387,388,389,390,391,392,393,394,395,397,398,399",1.000,1.000,1.000,0.000,51.969,54.458,29.396,22.083,0.909,0.900,0.151,0.790,0.802,0.835,0.000,0.860,0.564,5.194
food_site_max_distance_7p500,food_site_max_distance,7.500,false,8,0.270,9,1.000,0.600,7.500,0.055,0.090,1.000,all,all,100,"300,301,302,303,304,305,306,307,308,309,310,311,312,313,314,315,316,317,318,319,320,321,322,323,324,325,326,327,328,329,330,331,332,333,334,335,336,337,338,339,340,341,342,343,344,345,346,347,348,349,350,351,352,353,354,355,356,357,358,359,360,361,362,363,364,365,366,367,368,369,370,371,372,373,374,375,376,377,378,379,380,381,382,383,384,385,386,387,388,389,390,391,392,393,394,395,396,397,398,399",0.920,0.970,0.920,0.000,53.546,54.926,31.010,20.320,0.897,0.879,0.141,0.791,0.811,0.821,0.000,0.837,0.551,4.808
food_site_max_distance_7p500,food_site_max_distance,7.500,false,8,0.270,9,1.000,0.600,7.500,0.055,0.090,1.000,comparison,successful,92,"300,301,302,303,304,305,306,307,309,310,311,312,313,314,315,316,317,318,319,320,321,322,323,324,325,326,328,329,330,331,332,333,334,335,336,337,338,339,340,341,342,343,344,345,346,347,348,350,351,352,353,354,355,356,357,358,360,362,363,364,365,366,368,369,370,371,372,373,375,376,377,378,379,380,381,382,383,384,385,386,387,388,389,390,391,392,393,394,395,396,397,398",1.000,1.000,1.000,0.000,52.065,54.880,29.283,20.163,0.911,0.899,0.141,0.791,0.811,0.840,0.000,0.857,0.552,4.864
food_site_max_distance_7p500,food_site_max_distance,7.500,false,8,0.270,9,1.000,0.600,7.500,0.055,0.090,1.000,comparison,unsuccessful,8,"308,327,349,359,361,367,374,399",0.000,0.625,0.000,0.000,80.800,56.333,50.875,22.125,0.737,0.653,0.145,0.784,0.816,0.604,0.000,0.606,0.539,4.155
food_site_max_distance_7p500,food_site_max_distance,7.500,false,8,0.270,9,1.000,0.600,7.500,0.055,0.090,1.000,outcome,gravity_without_vertical,5,"308,327,349,361,367",0.000,1.000,0.000,0.000,80.800,56.333,35.400,19.000,0.820,0.820,0.143,0.787,0.831,0.787,0.000,0.748,0.536,4.438
food_site_max_distance_7p500,food_site_max_distance,7.500,false,8,0.270,9,1.000,0.600,7.500,0.055,0.090,1.000,outcome,partial_tilt,1,359,0.000,0.000,0.000,0.000,not_reached,not_reached,108.000,11.000,0.649,0.436,0.144,0.749,0.804,0.213,0.000,0.620,0.542,3.870
food_site_max_distance_7p500,food_site_max_distance,7.500,false,8,0.270,9,1.000,0.600,7.500,0.055,0.090,1.000,outcome,partial_transposition,2,"374,399",0.000,0.000,0.000,0.000,not_reached,not_reached,61.000,35.500,0.574,0.345,0.149,0.794,0.784,0.343,0.000,0.243,0.546,3.591
food_site_max_distance_7p500,food_site_max_distance,7.500,false,8,0.270,9,1.000,0.600,7.500,0.055,0.090,1.000,outcome,success,92,"300,301,302,303,304,305,306,307,309,310,311,312,313,314,315,316,317,318,319,320,321,322,323,324,325,326,328,329,330,331,332,333,334,335,336,337,338,339,340,341,342,343,344,345,346,347,348,350,351,352,353,354,355,356,357,358,360,362,363,364,365,366,368,369,370,371,372,373,375,376,377,378,379,380,381,382,383,384,385,386,387,388,389,390,391,392,393,394,395,396,397,398",1.000,1.000,1.000,0.000,52.065,54.880,29.283,20.163,0.911,0.899,0.141,0.791,0.811,0.840,0.000,0.857,0.552,4.864
transposition_mutation_correlation_0p800,transposition_mutation_correlation,0.800,false,8,0.270,9,1.000,0.600,6.500,0.055,0.090,0.800,all,all,100,"300,301,302,303,304,305,306,307,308,309,310,311,312,313,314,315,316,317,318,319,320,321,322,323,324,325,326,327,328,329,330,331,332,333,334,335,336,337,338,339,340,341,342,343,344,345,346,347,348,349,350,351,352,353,354,355,356,357,358,359,360,361,362,363,364,365,366,367,368,369,370,371,372,373,374,375,376,377,378,379,380,381,382,383,384,385,386,387,388,389,390,391,392,393,394,395,396,397,398,399",0.910,0.980,0.910,0.000,54.663,50.608,26.212,23.970,0.902,0.868,0.164,0.781,0.796,0.813,0.020,0.839,0.561,5.278
transposition_mutation_correlation_0p800,transposition_mutation_correlation,0.800,false,8,0.270,9,1.000,0.600,6.500,0.055,0.090,0.800,comparison,successful,91,"300,301,302,304,305,306,307,308,310,311,312,313,314,315,316,317,318,319,320,321,323,324,325,326,327,328,330,331,332,333,334,335,336,337,338,339,340,341,342,344,345,346,348,349,350,351,353,354,355,356,357,358,359,361,362,363,364,365,366,367,368,369,370,371,372,373,374,375,376,377,378,379,380,381,382,383,384,385,386,387,388,389,390,391,392,393,395,396,397,398,399",1.000,1.000,1.000,0.000,54.429,50.945,26.176,22.956,0.909,0.879,0.164,0.779,0.796,0.824,0.020,0.853,0.562,5.326
transposition_mutation_correlation_0p800,transposition_mutation_correlation,0.800,false,8,0.270,9,1.000,0.600,6.500,0.055,0.090,0.800,comparison,unsuccessful,9,"303,309,322,329,343,347,352,360,394",0.000,0.778,0.000,0.000,57.714,45.500,26.625,34.222,0.826,0.755,0.162,0.801,0.798,0.701,0.019,0.695,0.548,4.793
transposition_mutation_correlation_0p800,transposition_mutation_correlation,0.800,false,8,0.270,9,1.000,0.600,6.500,0.055,0.090,0.800,outcome,flat,1,322,0.000,0.000,0.000,0.000,not_reached,not_reached,not_reached,36.000,0.417,0.336,0.161,0.763,0.809,0.214,0.006,0.284,0.564,4.084
transposition_mutation_correlation_0p800,transposition_mutation_correlation,0.800,false,8,0.270,9,1.000,0.600,6.500,0.055,0.090,0.800,outcome,gravity_without_vertical,7,"303,309,329,343,347,360,394",0.000,1.000,0.000,0.000,57.714,45.500,27.857,32.714,0.894,0.853,0.163,0.803,0.786,0.810,0.023,0.775,0.546,4.909
transposition_mutation_correlation_0p800,transposition_mutation_correlation,0.800,false,8,0.270,9,1.000,0.600,6.500,0.055,0.090,0.800,outcome,partial_tilt,1,352,0.000,0.000,0.000,0.000,not_reached,not_reached,18.000,43.000,0.760,0.481,0.160,0.826,0.872,0.427,0.002,0.546,0.550,4.693
transposition_mutation_correlation_0p800,transposition_mutation_correlation,0.800,false,8,0.270,9,1.000,0.600,6.500,0.055,0.090,0.800,outcome,success,91,"300,301,302,304,305,306,307,308,310,311,312,313,314,315,316,317,318,319,320,321,323,324,325,326,327,328,330,331,332,333,334,335,336,337,338,339,340,341,342,344,345,346,348,349,350,351,353,354,355,356,357,358,359,361,362,363,364,365,366,367,368,369,370,371,372,373,374,375,376,377,378,379,380,381,382,383,384,385,386,387,388,389,390,391,392,393,395,396,397,398,399",1.000,1.000,1.000,0.000,54.429,50.945,26.176,22.956,0.909,0.879,0.164,0.779,0.796,0.824,0.020,0.853,0.562,5.326
transposition_mutation_correlation_0p900,transposition_mutation_correlation,0.900,false,8,0.270,9,1.000,0.600,6.500,0.055,0.090,0.900,all,all,100,"300,301,302,303,304,305,306,307,308,309,310,311,312,313,314,315,316,317,318,319,320,321,322,323,324,325,326,327,328,329,330,331,332,333,334,335,336,337,338,339,340,341,342,343,344,345,346,347,348,349,350,351,352,353,354,355,356,357,358,359,360,361,362,363,364,365,366,367,368,369,370,371,372,373,374,375,376,377,378,379,380,381,382,383,384,385,386,387,388,389,390,391,392,393,394,395,396,397,398,399",0.940,0.980,0.940,0.000,57.459,54.309,28.758,21.310,0.899,0.879,0.164,0.771,0.794,0.810,0.017,0.850,0.565,5.350
transposition_mutation_correlation_0p900,transposition_mutation_correlation,0.900,false,8,0.270,9,1.000,0.600,6.500,0.055,0.090,0.900,comparison,successful,94,"300,301,302,303,305,306,307,308,309,310,311,312,313,314,315,316,317,318,319,320,321,323,324,325,326,327,328,329,330,331,332,333,334,335,336,337,338,339,340,342,343,344,345,347,348,349,350,351,352,353,354,355,356,357,358,359,360,361,362,363,364,365,366,367,368,369,371,372,373,374,375,376,377,378,379,381,382,383,384,385,386,387,388,389,390,391,392,393,394,395,396,397,398,399",1.000,1.000,1.000,0.000,56.521,54.394,28.213,21.553,0.908,0.893,0.164,0.774,0.794,0.827,0.017,0.859,0.566,5.392
transposition_mutation_correlation_0p900,transposition_mutation_correlation,0.900,false,8,0.270,9,1.000,0.600,6.500,0.055,0.090,0.900,comparison,unsuccessful,6,"304,322,341,346,370,380",0.000,0.667,0.000,0.000,79.500,51.667,39.000,17.500,0.765,0.656,0.164,0.732,0.803,0.530,0.029,0.705,0.550,4.691
transposition_mutation_correlation_0p900,transposition_mutation_correlation,0.900,false,8,0.270,9,1.000,0.600,6.500,0.055,0.090,0.900,outcome,flat,1,304,0.000,0.000,0.000,0.000,not_reached,not_reached,not_reached,25.000,0.483,0.322,0.165,0.798,0.850,0.114,0.049,0.483,0.573,4.406
transposition_mutation_correlation_0p900,transposition_mutation_correlation,0.900,false,8,0.270,9,1.000,0.600,6.500,0.055,0.090,0.900,outcome,gravity_without_vertical,4,"322,341,346,380",0.000,1.000,0.000,0.000,79.500,51.667,41.250,18.000,0.845,0.785,0.167,0.730,0.804,0.675,0.031,0.757,0.553,4.896
transposition_mutation_correlation_0p900,transposition_mutation_correlation,0.900,false,8,0.270,9,1.000,0.600,6.500,0.055,0.090,0.900,outcome,partial_tilt,1,370,0.000,0.000,0.000,0.000,not_reached,not_reached,30.000,8.000,0.727,0.478,0.151,0.673,0.748,0.363,0.004,0.720,0.513,4.159
transposition_mutation_correlation_0p900,transposition_mutation_correlation,0.900,false,8,0.270,9,1.000,0.600,6.500,0.055,0.090,0.900,outcome,success,94,"300,301,302,303,305,306,307,308,309,310,311,312,313,314,315,316,317,318,319,320,321,323,324,325,326,327,328,329,330,331,332,333,334,335,336,337,338,339,340,342,343,344,345,347,348,349,350,351,352,353,354,355,356,357,358,359,360,361,362,363,364,365,366,367,368,369,371,372,373,374,375,376,377,378,379,381,382,383,384,385,386,387,388,389,390,391,392,393,394,395,396,397,398,399",1.000,1.000,1.000,0.000,56.521,54.394,28.213,21.553,0.908,0.893,0.164,0.774,0.794,0.827,0.017,0.859,0.566,5.392
mutation_sd_0p060,mutation_sd,0.060,false,8,0.270,9,1.000,0.600,6.500,0.055,0.060,1.000,all,all,100,"300,301,302,303,304,305,306,307,308,309,310,311,312,313,314,315,316,317,318,319,320,321,322,323,324,325,326,327,328,329,330,331,332,333,334,335,336,337,338,339,340,341,342,343,344,345,346,347,348,349,350,351,352,353,354,355,356,357,358,359,360,361,362,363,364,365,366,367,368,369,370,371,372,373,374,375,376,377,378,379,380,381,382,383,384,385,386,387,388,389,390,391,392,393,394,395,396,397,398,399",0.770,0.800,0.810,0.000,74.125,65.810,42.076,38.253,0.854,0.775,0.164,0.796,0.818,0.726,0.000,0.798,0.579,5.471
mutation_sd_0p060,mutation_sd,0.060,false,8,0.270,9,1.000,0.600,6.500,0.055,0.060,1.000,comparison,successful,77,"300,301,302,303,304,305,306,309,310,312,313,314,315,316,317,318,320,321,322,323,328,330,331,332,333,334,335,336,338,339,340,342,343,344,345,346,347,348,350,351,352,354,355,356,357,358,359,362,363,364,365,366,367,368,370,371,372,374,375,376,377,380,382,383,384,386,387,389,390,391,393,394,395,396,397,398,399",1.000,1.000,1.000,0.000,72.571,65.481,40.130,34.455,0.919,0.887,0.164,0.807,0.823,0.852,0.000,0.882,0.584,5.766
mutation_sd_0p060,mutation_sd,0.060,false,8,0.270,9,1.000,0.600,6.500,0.055,0.060,1.000,comparison,unsuccessful,23,"307,308,311,319,324,325,326,327,329,337,341,349,353,360,361,369,373,378,379,381,385,388,392",0.000,0.130,0.174,0.000,114.000,69.429,52.067,51.545,0.638,0.400,0.164,0.757,0.802,0.303,0.000,0.520,0.563,4.486
mutation_sd_0p060,mutation_sd,0.060,false,8,0.270,9,1.000,0.600,6.500,0.055,0.060,1.000,outcome,flat,9,"311,349,353,360,361,373,379,381,388",0.000,0.000,0.000,0.000,not_reached,not_reached,68.750,40.625,0.503,0.335,0.163,0.802,0.851,0.191,0.000,0.338,0.582,4.440
mutation_sd_0p060,mutation_sd,0.060,false,8,0.270,9,1.000,0.600,6.500,0.055,0.060,1.000,outcome,gravity_without_vertical,3,"307,325,378",0.000,1.000,0.000,0.000,114.000,106.000,56.000,51.333,0.751,0.639,0.160,0.719,0.728,0.627,0.000,0.678,0.551,4.832
mutation_sd_0p060,mutation_sd,0.060,false,8,0.270,9,1.000,0.600,6.500,0.055,0.060,1.000,outcome,partial_tilt,3,"319,326,337",0.000,0.000,0.000,0.000,not_reached,61.000,37.667,65.667,0.828,0.399,0.173,0.690,0.833,0.363,0.000,0.669,0.547,4.434
mutation_sd_0p060,mutation_sd,0.060,false,8,0.270,9,1.000,0.600,6.500,0.055,0.060,1.000,outcome,partial_transposition,4,"324,327,341,392",0.000,0.000,0.000,0.000,not_reached,not_reached,99.000,74.500,0.445,0.372,0.160,0.821,0.755,0.327,0.000,0.349,0.571,4.285
mutation_sd_0p060,mutation_sd,0.060,false,8,0.270,9,1.000,0.600,6.500,0.055,0.060,1.000,outcome,success,77,"300,301,302,303,304,305,306,309,310,312,313,314,315,316,317,318,320,321,322,323,328,330,331,332,333,334,335,336,338,339,340,342,343,344,345,346,347,348,350,351,352,354,355,356,357,358,359,362,363,364,365,366,367,368,370,371,372,374,375,376,377,380,382,383,384,386,387,389,390,391,393,394,395,396,397,398,399",1.000,1.000,1.000,0.000,72.571,65.481,40.130,34.455,0.919,0.887,0.164,0.807,0.823,0.852,0.000,0.882,0.584,5.766
mutation_sd_0p060,mutation_sd,0.060,false,8,0.270,9,1.000,0.600,6.500,0.055,0.060,1.000,outcome,vertical_without_gravity,4,"308,329,369,385",0.000,0.000,1.000,0.000,not_reached,64.500,31.500,40.000,0.908,0.394,0.168,0.668,0.774,0.244,0.000,0.868,0.532,4.570
mutation_sd_0p080,mutation_sd,0.080,false,8,0.270,9,1.000,0.600,6.500,0.055,0.080,1.000,all,all,100,"300,301,302,303,304,305,306,307,308,309,310,311,312,313,314,315,316,317,318,319,320,321,322,323,324,325,326,327,328,329,330,331,332,333,334,335,336,337,338,339,340,341,342,343,344,345,346,347,348,349,350,351,352,353,354,355,356,357,358,359,360,361,362,363,364,365,366,367,368,369,370,371,372,373,374,375,376,377,378,379,380,381,382,383,384,385,386,387,388,389,390,391,392,393,394,395,396,397,398,399",0.940,0.960,0.950,0.000,56.969,53.299,29.404,26.990,0.903,0.878,0.164,0.786,0.807,0.821,0.000,0.854,0.571,5.488
mutation_sd_0p080,mutation_sd,0.080,false,8,0.270,9,1.000,0.600,6.500,0.055,0.080,1.000,comparison,successful,94,"300,301,302,303,304,305,306,307,308,309,310,311,312,313,314,315,316,317,318,319,320,321,322,323,324,325,326,327,328,329,330,331,332,333,334,335,336,337,338,341,342,343,344,345,346,347,348,349,350,351,352,353,354,355,356,357,358,359,360,361,362,363,364,365,366,367,368,369,370,371,372,374,375,376,377,378,380,381,382,383,384,385,386,388,389,391,392,393,394,395,396,397,398,399",1.000,1.000,1.000,0.000,57.245,53.011,27.787,27.074,0.913,0.901,0.164,0.790,0.810,0.848,0.000,0.867,0.572,5.547
mutation_sd_0p080,mutation_sd,0.080,false,8,0.270,9,1.000,0.600,6.500,0.055,0.080,1.000,comparison,unsuccessful,6,"339,340,373,379,387,390",0.000,0.333,0.167,0.000,44.000,62.333,59.800,25.667,0.754,0.515,0.162,0.721,0.772,0.409,0.000,0.640,0.554,4.574
mutation_sd_0p080,mutation_sd,0.080,false,8,0.270,9,1.000,0.600,6.500,0.055,0.080,1.000,outcome,flat,2,"340,379",0.000,0.000,0.000,0.000,not_reached,not_reached,73.000,31.500,0.608,0.294,0.165,0.629,0.827,0.192,0.000,0.402,0.566,4.204
mutation_sd_0p080,mutation_sd,0.080,false,8,0.270,9,1.000,0.600,6.500,0.055,0.080,1.000,outcome,gravity_without_vertical,2,"339,387",0.000,1.000,0.000,0.000,44.000,47.000,29.000,16.000,0.917,0.883,0.162,0.815,0.802,0.817,0.000,0.792,0.567,5.205
mutation_sd_0p080,mutation_sd,0.080,false,8,0.270,9,1.000,0.600,6.500,0.055,0.080,1.000,outcome,partial_tilt,1,390,0.000,0.000,0.000,0.000,not_reached,not_reached,84.000,32.000,0.590,0.409,0.159,0.791,0.800,0.200,0.000,0.590,0.550,4.431
mutation_sd_0p080,mutation_sd,0.080,false,8,0.270,9,1.000,0.600,6.500,0.055,0.080,1.000,outcome,success,94,"300,301,302,303,304,305,306,307,308,309,310,311,312,313,314,315,316,317,318,319,320,321,322,323,324,325,326,327,328,329,330,331,332,333,334,335,336,337,338,341,342,343,344,345,346,347,348,349,350,351,352,353,354,355,356,357,358,359,360,361,362,363,364,365,366,367,368,369,370,371,372,374,375,376,377,378,380,381,382,383,384,385,386,388,389,391,392,393,394,395,396,397,398,399",1.000,1.000,1.000,0.000,57.245,53.011,27.787,27.074,0.913,0.901,0.164,0.790,0.810,0.848,0.000,0.867,0.572,5.547
mutation_sd_0p080,mutation_sd,0.080,false,8,0.270,9,1.000,0.600,6.500,0.055,0.080,1.000,outcome,vertical_without_gravity,1,373,0.000,0.000,1.000,0.000,not_reached,93.000,84.000,27.000,0.887,0.328,0.160,0.649,0.577,0.234,0.000,0.861,0.508,4.197
mutation_sd_0p100,mutation_sd,0.100,false,8,0.270,9,1.000,0.600,6.500,0.055,0.100,1.000,all,all,100,"300,301,302,303,304,305,306,307,308,309,310,311,312,313,314,315,316,317,318,319,320,321,322,323,324,325,326,327,328,329,330,331,332,333,334,335,336,337,338,339,340,341,342,343,344,345,346,347,348,349,350,351,352,353,354,355,356,357,358,359,360,361,362,363,364,365,366,367,368,369,370,371,372,373,374,375,376,377,378,379,380,381,382,383,384,385,386,387,388,389,390,391,392,393,394,395,396,397,398,399",0.920,1.000,0.920,0.000,42.280,44.450,21.920,17.410,0.904,0.893,0.164,0.771,0.785,0.817,0.000,0.846,0.555,5.225
mutation_sd_0p100,mutation_sd,0.100,false,8,0.270,9,1.000,0.600,6.500,0.055,0.100,1.000,comparison,successful,92,"300,301,302,303,305,306,307,308,309,310,311,312,313,314,315,316,317,318,320,321,322,323,324,325,326,327,328,329,330,331,332,333,334,335,336,337,338,339,340,341,342,343,344,345,346,347,348,349,350,351,353,354,355,356,357,358,359,360,361,362,364,365,366,367,368,369,370,371,372,373,374,375,376,378,379,380,381,382,383,386,387,388,389,390,391,392,393,394,396,397,398,399",1.000,1.000,1.000,0.000,41.207,43.076,21.739,17.467,0.904,0.893,0.164,0.769,0.788,0.821,0.000,0.851,0.555,5.241
mutation_sd_0p100,mutation_sd,0.100,false,8,0.270,9,1.000,0.600,6.500,0.055,0.100,1.000,comparison,unsuccessful,8,"304,319,352,363,377,384,385,395",0.000,1.000,0.000,0.000,54.625,60.250,24.000,16.750,0.905,0.900,0.166,0.788,0.755,0.771,0.000,0.782,0.557,5.042
mutation_sd_0p100,mutation_sd,0.100,false,8,0.270,9,1.000,0.600,6.500,0.055,0.100,1.000,outcome,gravity_without_vertical,8,"304,319,352,363,377,384,385,395",0.000,1.000,0.000,0.000,54.625,60.250,24.000,16.750,0.905,0.900,0.166,0.788,0.755,0.771,0.000,0.782,0.557,5.042
mutation_sd_0p100,mutation_sd,0.100,false,8,0.270,9,1.000,0.600,6.500,0.055,0.100,1.000,outcome,success,92,"300,301,302,303,305,306,307,308,309,310,311,312,313,314,315,316,317,318,320,321,322,323,324,325,326,327,328,329,330,331,332,333,334,335,336,337,338,339,340,341,342,343,344,345,346,347,348,349,350,351,353,354,355,356,357,358,359,360,361,362,364,365,366,367,368,369,370,371,372,373,374,375,376,378,379,380,381,382,383,386,387,388,389,390,391,392,393,394,396,397,398,399",1.000,1.000,1.000,0.000,41.207,43.076,21.739,17.467,0.904,0.893,0.164,0.769,0.788,0.821,0.000,0.851,0.555,5.241
mutation_sd_0p120,mutation_sd,0.120,false,8,0.270,9,1.000,0.600,6.500,0.055,0.120,1.000,all,all,100,"300,301,302,303,304,305,306,307,308,309,310,311,312,313,314,315,316,317,318,319,320,321,322,323,324,325,326,327,328,329,330,331,332,333,334,335,336,337,338,339,340,341,342,343,344,345,346,347,348,349,350,351,352,353,354,355,356,357,358,359,360,361,362,363,364,365,366,367,368,369,370,371,372,373,374,375,376,377,378,379,380,381,382,383,384,385,386,387,388,389,390,391,392,393,394,395,396,397,398,399",0.750,1.000,0.750,0.000,33.090,37.870,18.110,12.640,0.897,0.876,0.164,0.733,0.761,0.791,0.000,0.827,0.544,4.972
mutation_sd_0p120,mutation_sd,0.120,false,8,0.270,9,1.000,0.600,6.500,0.055,0.120,1.000,comparison,successful,75,"300,301,302,303,305,306,307,308,309,310,313,314,317,318,319,320,322,323,325,326,328,329,330,331,332,333,334,335,336,337,344,345,346,347,349,350,351,352,353,354,355,356,357,358,359,360,361,362,364,366,367,370,372,373,374,375,377,378,380,382,383,385,386,387,388,389,390,391,392,394,395,396,397,398,399",1.000,1.000,1.000,0.000,31.480,37.573,17.240,12.480,0.896,0.877,0.163,0.733,0.757,0.797,0.000,0.844,0.545,5.032
mutation_sd_0p120,mutation_sd,0.120,false,8,0.270,9,1.000,0.600,6.500,0.055,0.120,1.000,comparison,unsuccessful,25,"304,311,312,315,316,321,324,327,338,339,340,341,342,343,348,363,365,368,369,371,376,379,381,384,393",0.000,1.000,0.000,0.000,37.920,38.760,20.720,13.120,0.898,0.873,0.165,0.732,0.773,0.773,0.000,0.777,0.540,4.792
mutation_sd_0p120,mutation_sd,0.120,false,8,0.270,9,1.000,0.600,6.500,0.055,0.120,1.000,outcome,gravity_without_vertical,25,"304,311,312,315,316,321,324,327,338,339,340,341,342,343,348,363,365,368,369,371,376,379,381,384,393",0.000,1.000,0.000,0.000,37.920,38.760,20.720,13.120,0.898,0.873,0.165,0.732,0.773,0.773,0.000,0.777,0.540,4.792
mutation_sd_0p120,mutation_sd,0.120,false,8,0.270,9,1.000,0.600,6.500,0.055,0.120,1.000,outcome,success,75,"300,301,302,303,305,306,307,308,309,310,313,314,317,318,319,320,322,323,325,326,328,329,330,331,332,333,334,335,336,337,344,345,346,347,349,350,351,352,353,354,355,356,357,358,359,360,361,362,364,366,367,370,372,373,374,375,377,378,380,382,383,385,386,387,388,389,390,391,392,394,395,396,397,398,399",1.000,1.000,1.000,0.000,31.480,37.573,17.240,12.480,0.896,0.877,0.163,0.733,0.757,0.797,0.000,0.844,0.545,5.032
food_site_width_0p200,food_site_width,0.200,false,8,0.200,9,1.000,0.600,6.500,0.055,0.090,1.000,all,all,100,"300,301,302,303,304,305,306,307,308,309,310,311,312,313,314,315,316,317,318,319,320,321,322,323,324,325,326,327,328,329,330,331,332,333,334,335,336,337,338,339,340,341,342,343,344,345,346,347,348,349,350,351,352,353,354,355,356,357,358,359,360,361,362,363,364,365,366,367,368,369,370,371,372,373,374,375,376,377,378,379,380,381,382,383,384,385,386,387,388,389,390,391,392,393,394,395,396,397,398,399",0.580,0.650,0.580,0.000,62.231,64.475,51.605,24.440,0.737,0.702,0.125,0.811,0.819,0.635,0.000,0.652,0.454,2.776
food_site_width_0p200,food_site_width,0.200,false,8,0.200,9,1.000,0.600,6.500,0.055,0.090,1.000,comparison,successful,58,"300,301,302,303,305,306,310,312,313,314,315,316,317,319,320,321,324,325,326,327,328,329,330,331,336,337,338,342,345,347,349,351,352,353,354,355,356,360,363,365,366,368,370,371,373,376,378,380,385,387,388,389,390,391,392,395,396,397",1.000,1.000,1.000,0.000,57.259,64.500,44.086,23.086,0.907,0.911,0.124,0.818,0.824,0.869,0.000,0.866,0.456,3.084
food_site_width_0p200,food_site_width,0.200,false,8,0.200,9,1.000,0.600,6.500,0.055,0.090,1.000,comparison,unsuccessful,42,"304,307,308,309,311,318,322,323,332,333,334,335,339,340,341,343,344,346,348,350,357,358,359,361,362,364,367,369,372,374,375,377,379,381,382,383,384,386,393,394,398,399",0.000,0.167,0.000,0.000,103.429,63.000,75.833,26.310,0.502,0.414,0.126,0.801,0.811,0.311,0.000,0.357,0.452,2.350
food_site_width_0p200,food_site_width,0.200,false,8,0.200,9,1.000,0.600,6.500,0.055,0.090,1.000,outcome,flat,23,"304,308,309,318,322,323,333,334,340,341,348,357,362,367,369,372,374,381,383,386,393,394,398",0.000,0.000,0.000,0.000,not_reached,not_reached,36.714,22.391,0.453,0.345,0.127,0.809,0.807,0.193,0.000,0.265,0.455,2.280
food_site_width_0p200,food_site_width,0.200,false,8,0.200,9,1.000,0.600,6.500,0.055,0.090,1.000,outcome,gravity_without_vertical,7,"311,335,339,346,364,375,382",0.000,1.000,0.000,0.000,103.429,63.000,98.714,43.571,0.751,0.732,0.126,0.771,0.776,0.705,0.000,0.725,0.444,2.717
food_site_width_0p200,food_site_width,0.200,false,8,0.200,9,1.000,0.600,6.500,0.055,0.090,1.000,outcome,partial_tilt,2,"350,359",0.000,0.000,0.000,0.000,not_reached,not_reached,112.000,25.500,0.528,0.348,0.126,0.887,0.829,0.297,0.000,0.516,0.456,2.460
food_site_width_0p200,food_site_width,0.200,false,8,0.200,9,1.000,0.600,6.500,0.055,0.090,1.000,outcome,partial_transposition,10,"307,332,343,344,358,361,377,379,384,399",0.000,0.000,0.000,0.000,not_reached,not_reached,96.500,23.400,0.436,0.361,0.123,0.787,0.841,0.308,0.000,0.278,0.452,2.234
food_site_width_0p200,food_site_width,0.200,false,8,0.200,9,1.000,0.600,6.500,0.055,0.090,1.000,outcome,success,58,"300,301,302,303,305,306,310,312,313,314,315,316,317,319,320,321,324,325,326,327,328,329,330,331,336,337,338,342,345,347,349,351,352,353,354,355,356,360,363,365,366,368,370,371,373,376,378,380,385,387,388,389,390,391,392,395,396,397",1.000,1.000,1.000,0.000,57.259,64.500,44.086,23.086,0.907,0.911,0.124,0.818,0.824,0.869,0.000,0.866,0.456,3.084
food_site_width_0p240,food_site_width,0.240,false,8,0.240,9,1.000,0.600,6.500,0.055,0.090,1.000,all,all,100,"300,301,302,303,304,305,306,307,308,309,310,311,312,313,314,315,316,317,318,319,320,321,322,323,324,325,326,327,328,329,330,331,332,333,334,335,336,337,338,339,340,341,342,343,344,345,346,347,348,349,350,351,352,353,354,355,356,357,358,359,360,361,362,363,364,365,366,367,368,369,370,371,372,373,374,375,376,377,378,379,380,381,382,383,384,385,386,387,388,389,390,391,392,393,394,395,396,397,398,399",0.880,0.930,0.880,0.000,49.688,52.301,28.958,21.490,0.886,0.866,0.147,0.789,0.804,0.805,0.000,0.825,0.520,4.360
food_site_width_0p240,food_site_width,0.240,false,8,0.240,9,1.000,0.600,6.500,0.055,0.090,1.000,comparison,successful,88,"300,301,302,303,304,305,306,307,309,310,311,312,313,314,316,317,318,319,320,321,322,324,325,326,327,328,329,330,332,333,334,335,336,337,338,339,340,341,342,343,344,346,347,348,349,350,351,353,354,355,356,357,358,359,360,361,362,363,364,365,367,368,369,370,372,373,374,375,376,377,378,380,381,382,383,384,385,386,387,389,390,391,393,394,396,397,398,399",1.000,1.000,1.000,0.000,48.580,51.807,29.045,20.386,0.911,0.906,0.147,0.797,0.805,0.846,0.000,0.859,0.521,4.443
food_site_width_0p240,food_site_width,0.240,false,8,0.240,9,1.000,0.600,6.500,0.055,0.090,1.000,comparison,unsuccessful,12,"308,315,323,331,345,352,366,371,379,388,392,395",0.000,0.417,0.000,0.000,69.200,61.000,28.000,29.583,0.698,0.577,0.150,0.734,0.797,0.503,0.000,0.576,0.511,3.747
food_site_width_0p240,food_site_width,0.240,false,8,0.240,9,1.000,0.600,6.500,0.055,0.090,1.000,outcome,flat,2,"315,388",0.000,0.000,0.000,0.000,not_reached,not_reached,not_reached,44.500,0.454,0.348,0.148,0.833,0.764,0.159,0.000,0.361,0.512,3.397
food_site_width_0p240,food_site_width,0.240,false,8,0.240,9,1.000,0.600,6.500,0.055,0.090,1.000,outcome,gravity_without_vertical,5,"323,345,352,366,395",0.000,1.000,0.000,0.000,69.200,55.000,21.400,22.400,0.857,0.841,0.150,0.722,0.815,0.775,0.000,0.754,0.516,4.160
food_site_width_0p240,food_site_width,0.240,false,8,0.240,9,1.000,0.600,6.500,0.055,0.090,1.000,outcome,partial_tilt,2,"308,392",0.000,0.000,0.000,0.000,not_reached,85.000,31.000,24.500,0.789,0.400,0.153,0.669,0.756,0.400,0.000,0.615,0.500,3.574
food_site_width_0p240,food_site_width,0.240,false,8,0.240,9,1.000,0.600,6.500,0.055,0.090,1.000,outcome,partial_transposition,3,"331,371,379",0.000,0.000,0.000,0.000,not_reached,not_reached,55.000,35.000,0.536,0.409,0.149,0.729,0.817,0.345,0.000,0.395,0.509,3.405
food_site_width_0p240,food_site_width,0.240,false,8,0.240,9,1.000,0.600,6.500,0.055,0.090,1.000,outcome,success,88,"300,301,302,303,304,305,306,307,309,310,311,312,313,314,316,317,318,319,320,321,322,324,325,326,327,328,329,330,332,333,334,335,336,337,338,339,340,341,342,343,344,346,347,348,349,350,351,353,354,355,356,357,358,359,360,361,362,363,364,365,367,368,369,370,372,373,374,375,376,377,378,380,381,382,383,384,385,386,387,389,390,391,393,394,396,397,398,399",1.000,1.000,1.000,0.000,48.580,51.807,29.045,20.386,0.911,0.906,0.147,0.797,0.805,0.846,0.000,0.859,0.521,4.443
food_site_width_0p300,food_site_width,0.300,false,8,0.300,9,1.000,0.600,6.500,0.055,0.090,1.000,all,all,100,"300,301,302,303,304,305,306,307,308,309,310,311,312,313,314,315,316,317,318,319,320,321,322,323,324,325,326,327,328,329,330,331,332,333,334,335,336,337,338,339,340,341,342,343,344,345,346,347,348,349,350,351,352,353,354,355,356,357,358,359,360,361,362,363,364,365,366,367,368,369,370,371,372,373,374,375,376,377,378,379,380,381,382,383,384,385,386,387,388,389,390,391,392,393,394,395,396,397,398,399",0.960,1.000,0.960,0.000,48.270,43.140,23.270,21.780,0.906,0.891,0.180,0.771,0.780,0.815,0.000,0.858,0.603,6.218
food_site_width_0p300,food_site_width,0.300,false,8,0.300,9,1.000,0.600,6.500,0.055,0.090,1.000,comparison,successful,96,"300,301,302,303,305,306,307,308,309,310,311,312,313,314,315,316,317,318,319,320,321,323,324,325,326,327,328,329,330,331,332,333,334,335,336,337,338,339,340,341,342,343,344,345,346,347,348,349,350,351,352,353,354,355,356,357,358,359,360,361,362,363,364,365,366,367,368,369,370,371,372,373,374,375,376,377,378,379,380,381,383,385,386,387,388,389,390,391,392,393,394,395,396,397,398,399",1.000,1.000,1.000,0.000,48.208,42.875,23.021,21.542,0.906,0.891,0.180,0.771,0.782,0.818,0.000,0.862,0.604,6.242
food_site_width_0p300,food_site_width,0.300,false,8,0.300,9,1.000,0.600,6.500,0.055,0.090,1.000,comparison,unsuccessful,4,"304,322,382,384",0.000,1.000,0.000,0.000,49.750,49.500,29.250,27.500,0.909,0.879,0.177,0.771,0.732,0.737,0.000,0.772,0.585,5.633
food_site_width_0p300,food_site_width,0.300,false,8,0.300,9,1.000,0.600,6.500,0.055,0.090,1.000,outcome,gravity_without_vertical,4,"304,322,382,384",0.000,1.000,0.000,0.000,49.750,49.500,29.250,27.500,0.909,0.879,0.177,0.771,0.732,0.737,0.000,0.772,0.585,5.633
food_site_width_0p300,food_site_width,0.300,false,8,0.300,9,1.000,0.600,6.500,0.055,0.090,1.000,outcome,success,96,"300,301,302,303,305,306,307,308,309,310,311,312,313,314,315,316,317,318,319,320,321,323,324,325,326,327,328,329,330,331,332,333,334,335,336,337,338,339,340,341,342,343,344,345,346,347,348,349,350,351,352,353,354,355,356,357,358,359,360,361,362,363,364,365,366,367,368,369,370,371,372,373,374,375,376,377,378,379,380,381,383,385,386,387,388,389,390,391,392,393,394,395,396,397,398,399",1.000,1.000,1.000,0.000,48.208,42.875,23.021,21.542,0.906,0.891,0.180,0.771,0.782,0.818,0.000,0.862,0.604,6.242
food_site_width_0p340,food_site_width,0.340,false,8,0.340,9,1.000,0.600,6.500,0.055,0.090,1.000,all,all,100,"300,301,302,303,304,305,306,307,308,309,310,311,312,313,314,315,316,317,318,319,320,321,322,323,324,325,326,327,328,329,330,331,332,333,334,335,336,337,338,339,340,341,342,343,344,345,346,347,348,349,350,351,352,353,354,355,356,357,358,359,360,361,362,363,364,365,366,367,368,369,370,371,372,373,374,375,376,377,378,379,380,381,382,383,384,385,386,387,388,389,390,391,392,393,394,395,396,397,398,399",0.900,1.000,0.900,0.000,45.250,40.570,22.480,20.350,0.906,0.888,0.202,0.753,0.780,0.808,0.000,0.842,0.648,7.179
food_site_width_0p340,food_site_width,0.340,false,8,0.340,9,1.000,0.600,6.500,0.055,0.090,1.000,comparison,successful,90,"300,301,302,303,305,306,307,308,309,310,311,312,313,314,315,316,318,319,320,321,322,324,325,326,327,328,329,330,331,332,333,335,336,337,338,339,340,341,342,343,344,345,346,347,348,349,352,353,355,356,357,358,359,360,361,362,363,364,365,366,367,369,370,371,372,373,374,375,376,377,378,380,381,382,383,384,385,386,387,388,389,390,392,393,394,395,396,397,398,399",1.000,1.000,1.000,0.000,45.300,40.622,22.667,20.589,0.906,0.889,0.202,0.756,0.784,0.813,0.000,0.849,0.651,7.257
food_site_width_0p340,food_site_width,0.340,false,8,0.340,9,1.000,0.600,6.500,0.055,0.090,1.000,comparison,unsuccessful,10,"304,317,323,334,350,351,354,368,379,391",0.000,1.000,0.000,0.000,44.800,40.100,20.800,18.200,0.903,0.883,0.199,0.719,0.742,0.760,0.000,0.778,0.615,6.478
food_site_width_0p340,food_site_width,0.340,false,8,0.340,9,1.000,0.600,6.500,0.055,0.090,1.000,outcome,gravity_without_vertical,10,"304,317,323,334,350,351,354,368,379,391",0.000,1.000,0.000,0.000,44.800,40.100,20.800,18.200,0.903,0.883,0.199,0.719,0.742,0.760,0.000,0.778,0.615,6.478
food_site_width_0p340,food_site_width,0.340,false,8,0.340,9,1.000,0.600,6.500,0.055,0.090,1.000,outcome,success,90,"300,301,302,303,305,306,307,308,309,310,311,312,313,314,315,316,318,319,320,321,322,324,325,326,327,328,329,330,331,332,333,335,336,337,338,339,340,341,342,343,344,345,346,347,348,349,352,353,355,356,357,358,359,360,361,362,363,364,365,366,367,369,370,371,372,373,374,375,376,377,378,380,381,382,383,384,385,386,387,388,389,390,392,393,394,395,396,397,398,399",1.000,1.000,1.000,0.000,45.300,40.622,22.667,20.589,0.906,0.889,0.202,0.756,0.784,0.813,0.000,0.849,0.651,7.257
food_site_count_6,food_site_count,6,false,6,0.270,9,1.000,0.600,6.500,0.055,0.090,1.000,all,all,100,"300,301,302,303,304,305,306,307,308,309,310,311,312,313,314,315,316,317,318,319,320,321,322,323,324,325,326,327,328,329,330,331,332,333,334,335,336,337,338,339,340,341,342,343,344,345,346,347,348,349,350,351,352,353,354,355,356,357,358,359,360,361,362,363,364,365,366,367,368,369,370,371,372,373,374,375,376,377,378,379,380,381,382,383,384,385,386,387,388,389,390,391,392,393,394,395,396,397,398,399",0.470,0.480,0.470,0.000,58.750,66.128,49.821,26.606,0.649,0.621,0.127,0.812,0.838,0.534,0.000,0.539,0.499,3.445
food_site_count_6,food_site_count,6,false,6,0.270,9,1.000,0.600,6.500,0.055,0.090,1.000,comparison,successful,47,"300,301,302,305,309,310,311,314,318,319,320,322,326,328,334,336,338,339,342,344,346,347,348,349,350,351,353,355,357,361,362,363,364,365,366,367,371,380,381,384,385,386,387,388,394,396,397",1.000,1.000,1.000,0.000,57.681,66.128,50.489,22.851,0.911,0.911,0.128,0.815,0.834,0.868,0.000,0.869,0.499,3.978
food_site_count_6,food_site_count,6,false,6,0.270,9,1.000,0.600,6.500,0.055,0.090,1.000,comparison,unsuccessful,53,"303,304,306,307,308,312,313,315,316,317,321,323,324,325,327,329,330,331,332,333,335,337,340,341,343,345,352,354,356,358,359,360,368,369,370,372,373,374,375,376,377,378,379,382,383,389,390,391,392,393,395,398,399",0.000,0.019,0.000,0.000,109.000,not_reached,46.333,30.000,0.416,0.363,0.127,0.809,0.842,0.237,0.000,0.246,0.499,2.973
food_site_count_6,food_site_count,6,false,6,0.270,9,1.000,0.600,6.500,0.055,0.090,1.000,outcome,flat,36,"303,304,306,308,312,313,315,316,317,321,323,325,327,329,332,335,337,341,352,356,358,360,368,369,370,375,376,377,378,379,382,390,391,393,395,398",0.000,0.000,0.000,0.000,not_reached,not_reached,18.500,31.514,0.405,0.336,0.127,0.815,0.840,0.192,0.000,0.230,0.502,2.979
food_site_count_6,food_site_count,6,false,6,0.270,9,1.000,0.600,6.500,0.055,0.090,1.000,outcome,gravity_without_vertical,1,389,0.000,1.000,0.000,0.000,109.000,not_reached,109.000,14.000,0.779,0.852,0.121,0.761,0.872,0.845,0.000,0.779,0.505,3.827
food_site_count_6,food_site_count,6,false,6,0.270,9,1.000,0.600,6.500,0.055,0.090,1.000,outcome,partial_tilt,1,340,0.000,0.000,0.000,0.000,not_reached,not_reached,120.000,24.000,0.533,0.412,0.135,0.699,0.879,0.412,0.000,0.533,0.481,3.006
food_site_count_6,food_site_count,6,false,6,0.270,9,1.000,0.600,6.500,0.055,0.090,1.000,outcome,partial_transposition,15,"307,324,330,331,333,343,345,354,359,372,373,374,383,392,399",0.000,0.000,0.000,0.000,not_reached,not_reached,38.000,27.933,0.410,0.391,0.126,0.806,0.843,0.293,0.000,0.230,0.494,2.898
food_site_count_6,food_site_count,6,false,6,0.270,9,1.000,0.600,6.500,0.055,0.090,1.000,outcome,success,47,"300,301,302,305,309,310,311,314,318,319,320,322,326,328,334,336,338,339,342,344,346,347,348,349,350,351,353,355,357,361,362,363,364,365,366,367,371,380,381,384,385,386,387,388,394,396,397",1.000,1.000,1.000,0.000,57.681,66.128,50.489,22.851,0.911,0.911,0.128,0.815,0.834,0.868,0.000,0.869,0.499,3.978
food_site_count_7,food_site_count,7,false,7,0.270,9,1.000,0.600,6.500,0.055,0.090,1.000,all,all,100,"300,301,302,303,304,305,306,307,308,309,310,311,312,313,314,315,316,317,318,319,320,321,322,323,324,325,326,327,328,329,330,331,332,333,334,335,336,337,338,339,340,341,342,343,344,345,346,347,348,349,350,351,352,353,354,355,356,357,358,359,360,361,362,363,364,365,366,367,368,369,370,371,372,373,374,375,376,377,378,379,380,381,382,383,384,385,386,387,388,389,390,391,392,393,394,395,396,397,398,399",0.900,0.920,0.900,0.000,53.859,59.435,35.688,21.360,0.878,0.857,0.146,0.800,0.817,0.799,0.000,0.816,0.533,4.618
food_site_count_7,food_site_count,7,false,7,0.270,9,1.000,0.600,6.500,0.055,0.090,1.000,comparison,successful,90,"300,301,303,304,305,306,307,308,309,310,311,312,313,314,315,316,317,318,319,320,321,322,323,324,325,326,327,328,329,330,331,333,334,335,336,337,338,339,340,341,342,343,344,345,346,347,349,350,351,352,353,354,355,356,357,358,359,360,361,362,363,364,365,366,367,368,369,371,372,373,374,375,377,378,380,381,383,384,385,386,387,389,391,392,393,394,395,396,397,398",1.000,1.000,1.000,0.000,53.744,59.456,34.856,21.278,0.909,0.901,0.146,0.800,0.817,0.852,0.000,0.861,0.533,4.717
food_site_count_7,food_site_count,7,false,7,0.270,9,1.000,0.600,6.500,0.055,0.090,1.000,comparison,unsuccessful,10,"302,332,348,370,376,379,382,388,390,399",0.000,0.200,0.000,0.000,59.000,58.500,48.167,22.100,0.599,0.456,0.145,0.794,0.813,0.327,0.000,0.409,0.528,3.729
food_site_count_7,food_site_count,7,false,7,0.270,9,1.000,0.600,6.500,0.055,0.090,1.000,outcome,flat,6,"302,332,376,379,382,399",0.000,0.000,0.000,0.000,not_reached,not_reached,55.000,20.000,0.496,0.349,0.147,0.791,0.825,0.177,0.000,0.271,0.540,3.641
food_site_count_7,food_site_count,7,false,7,0.270,9,1.000,0.600,6.500,0.055,0.090,1.000,outcome,gravity_without_vertical,2,"348,390",0.000,1.000,0.000,0.000,59.000,58.500,19.500,17.000,0.905,0.901,0.148,0.776,0.794,0.873,0.000,0.758,0.501,4.236
food_site_count_7,food_site_count,7,false,7,0.270,9,1.000,0.600,6.500,0.055,0.090,1.000,outcome,partial_tilt,1,370,0.000,0.000,0.000,0.000,not_reached,not_reached,110.000,32.000,0.691,0.325,0.127,0.820,0.773,0.208,0.000,0.619,0.497,3.398
food_site_count_7,food_site_count,7,false,7,0.270,9,1.000,0.600,6.500,0.055,0.090,1.000,outcome,partial_transposition,1,388,0.000,0.000,0.000,0.000,not_reached,not_reached,30.000,35.000,0.513,0.340,0.143,0.822,0.821,0.251,0.000,0.327,0.538,3.571
food_site_count_7,food_site_count,7,false,7,0.270,9,1.000,0.600,6.500,0.055,0.090,1.000,outcome,success,90,"300,301,303,304,305,306,307,308,309,310,311,312,313,314,315,316,317,318,319,320,321,322,323,324,325,326,327,328,329,330,331,333,334,335,336,337,338,339,340,341,342,343,344,345,346,347,349,350,351,352,353,354,355,356,357,358,359,360,361,362,363,364,365,366,367,368,369,371,372,373,374,375,377,378,380,381,383,384,385,386,387,389,391,392,393,394,395,396,397,398",1.000,1.000,1.000,0.000,53.744,59.456,34.856,21.278,0.909,0.901,0.146,0.800,0.817,0.852,0.000,0.861,0.533,4.717
food_site_count_9,food_site_count,9,false,9,0.270,9,1.000,0.600,6.500,0.055,0.090,1.000,all,all,100,"300,301,302,303,304,305,306,307,308,309,310,311,312,313,314,315,316,317,318,319,320,321,322,323,324,325,326,327,328,329,330,331,332,333,334,335,336,337,338,339,340,341,342,343,344,345,346,347,348,349,350,351,352,353,354,355,356,357,358,359,360,361,362,363,364,365,366,367,368,369,370,371,372,373,374,375,376,377,378,379,380,381,382,383,384,385,386,387,388,389,390,391,392,393,394,395,396,397,398,399",0.930,1.000,0.930,0.000,48.600,42.730,22.500,19.390,0.907,0.886,0.181,0.768,0.772,0.813,0.000,0.849,0.595,6.015
food_site_count_9,food_site_count,9,false,9,0.270,9,1.000,0.600,6.500,0.055,0.090,1.000,comparison,successful,93,"300,301,302,303,304,305,306,307,308,309,310,311,312,313,314,315,316,317,319,320,322,323,324,325,326,327,328,329,330,332,333,334,335,336,337,338,339,340,341,342,343,344,345,346,347,348,349,351,352,353,354,355,356,357,358,359,360,362,363,364,366,367,368,369,370,371,372,373,374,375,376,377,378,379,380,381,382,383,384,385,386,387,388,389,390,391,393,394,395,396,397,398,399",1.000,1.000,1.000,0.000,48.634,41.839,22.677,19.269,0.908,0.885,0.181,0.766,0.770,0.811,0.000,0.853,0.595,6.023
food_site_count_9,food_site_count,9,false,9,0.270,9,1.000,0.600,6.500,0.055,0.090,1.000,comparison,unsuccessful,7,"318,321,331,350,361,365,392",0.000,1.000,0.000,0.000,48.143,54.571,20.143,21.000,0.905,0.892,0.182,0.799,0.808,0.832,0.000,0.785,0.597,5.914
food_site_count_9,food_site_count,9,false,9,0.270,9,1.000,0.600,6.500,0.055,0.090,1.000,outcome,gravity_without_vertical,7,"318,321,331,350,361,365,392",0.000,1.000,0.000,0.000,48.143,54.571,20.143,21.000,0.905,0.892,0.182,0.799,0.808,0.832,0.000,0.785,0.597,5.914
food_site_count_9,food_site_count,9,false,9,0.270,9,1.000,0.600,6.500,0.055,0.090,1.000,outcome,success,93,"300,301,302,303,304,305,306,307,308,309,310,311,312,313,314,315,316,317,319,320,322,323,324,325,326,327,328,329,330,332,333,334,335,336,337,338,339,340,341,342,343,344,345,346,347,348,349,351,352,353,354,355,356,357,358,359,360,362,363,364,366,367,368,369,370,371,372,373,374,375,376,377,378,379,380,381,382,383,384,385,386,387,388,389,390,391,393,394,395,396,397,398,399",1.000,1.000,1.000,0.000,48.634,41.839,22.677,19.269,0.908,0.885,0.181,0.766,0.770,0.811,0.000,0.853,0.595,6.023
food_site_count_10,food_site_count,10,false,10,0.270,9,1.000,0.600,6.500,0.055,0.090,1.000,all,all,100,"300,301,302,303,304,305,306,307,308,309,310,311,312,313,314,315,316,317,318,319,320,321,322,323,324,325,326,327,328,329,330,331,332,333,334,335,336,337,338,339,340,341,342,343,344,345,346,347,348,349,350,351,352,353,354,355,356,357,358,359,360,361,362,363,364,365,366,367,368,369,370,371,372,373,374,375,376,377,378,379,380,381,382,383,384,385,386,387,388,389,390,391,392,393,394,395,396,397,398,399",0.790,0.980,0.790,0.000,47.469,38.410,21.800,17.610,0.906,0.863,0.199,0.733,0.754,0.780,0.000,0.835,0.620,6.530
food_site_count_10,food_site_count,10,false,10,0.270,9,1.000,0.600,6.500,0.055,0.090,1.000,comparison,successful,79,"301,302,303,305,306,307,308,309,310,313,314,315,316,317,318,319,320,321,322,323,324,325,326,327,329,331,333,334,335,336,338,339,340,341,342,343,345,348,349,350,352,353,354,355,356,357,359,360,361,365,366,367,368,369,370,372,373,375,376,377,378,380,381,382,383,384,385,386,387,388,389,390,392,393,394,395,396,397,399",1.000,1.000,1.000,0.000,47.544,38.063,22.152,17.392,0.907,0.872,0.198,0.731,0.757,0.798,0.000,0.849,0.621,6.595
food_site_count_10,food_site_count,10,false,10,0.270,9,1.000,0.600,6.500,0.055,0.090,1.000,comparison,unsuccessful,21,"300,304,311,312,328,330,332,337,344,346,347,351,358,362,363,364,371,374,379,391,398",0.000,0.905,0.000,0.000,47.158,39.714,20.476,18.429,0.903,0.828,0.200,0.737,0.741,0.712,0.000,0.784,0.613,6.288
food_site_count_10,food_site_count,10,false,10,0.270,9,1.000,0.600,6.500,0.055,0.090,1.000,outcome,gravity_without_vertical,19,"300,304,311,312,328,330,337,344,346,351,358,362,363,364,371,374,379,391,398",0.000,1.000,0.000,0.000,47.158,37.263,20.105,18.316,0.906,0.867,0.200,0.737,0.744,0.752,0.000,0.784,0.615,6.334
food_site_count_10,food_site_count,10,false,10,0.270,9,1.000,0.600,6.500,0.055,0.090,1.000,outcome,partial_tilt,2,"332,347",0.000,0.000,0.000,0.000,not_reached,63.000,24.000,19.500,0.879,0.459,0.200,0.730,0.718,0.334,0.000,0.779,0.597,5.844
food_site_count_10,food_site_count,10,false,10,0.270,9,1.000,0.600,6.500,0.055,0.090,1.000,outcome,success,79,"301,302,303,305,306,307,308,309,310,313,314,315,316,317,318,319,320,321,322,323,324,325,326,327,329,331,333,334,335,336,338,339,340,341,342,343,345,348,349,350,352,353,354,355,356,357,359,360,361,365,366,367,368,369,370,372,373,375,376,377,378,380,381,382,383,384,385,386,387,388,389,390,392,393,394,395,396,397,399",1.000,1.000,1.000,0.000,47.544,38.063,22.152,17.392,0.907,0.872,0.198,0.731,0.757,0.798,0.000,0.849,0.621,6.595
food_site_capacity_5,food_site_capacity,5,false,8,0.270,5,1.000,0.600,6.500,0.055,0.090,1.000,all,all,100,"300,301,302,303,304,305,306,307,308,309,310,311,312,313,314,315,316,317,318,319,320,321,322,323,324,325,326,327,328,329,330,331,332,333,334,335,336,337,338,339,340,341,342,343,344,345,346,347,348,349,350,351,352,353,354,355,356,357,358,359,360,361,362,363,364,365,366,367,368,369,370,371,372,373,374,375,376,377,378,379,380,381,382,383,384,385,386,387,388,389,390,391,392,393,394,395,396,397,398,399",0.820,1.000,0.820,0.000,45.560,42.172,23.030,21.000,0.898,0.878,0.164,0.734,0.663,0.810,0.000,0.833,0.527,4.527
food_site_capacity_5,food_site_capacity,5,false,8,0.270,5,1.000,0.600,6.500,0.055,0.090,1.000,comparison,successful,82,"301,302,304,306,307,308,309,310,311,312,313,314,315,316,317,318,319,322,323,324,325,326,327,328,329,330,332,333,334,335,336,337,338,339,340,342,343,344,346,349,350,351,352,353,355,356,358,359,361,363,365,366,367,369,370,371,373,374,375,376,377,378,379,380,381,382,383,384,385,386,387,388,389,391,392,393,394,395,396,397,398,399",1.000,1.000,1.000,0.000,44.671,41.902,22.549,20.585,0.901,0.882,0.163,0.739,0.657,0.814,0.000,0.848,0.528,4.567
food_site_capacity_5,food_site_capacity,5,false,8,0.270,5,1.000,0.600,6.500,0.055,0.090,1.000,comparison,unsuccessful,18,"300,303,305,320,321,331,341,345,347,348,354,357,360,362,364,368,372,390",0.000,1.000,0.000,0.000,49.611,43.471,25.222,22.889,0.884,0.858,0.168,0.714,0.695,0.790,0.000,0.765,0.523,4.342
food_site_capacity_5,food_site_capacity,5,false,8,0.270,5,1.000,0.600,6.500,0.055,0.090,1.000,outcome,gravity_without_vertical,18,"300,303,305,320,321,331,341,345,347,348,354,357,360,362,364,368,372,390",0.000,1.000,0.000,0.000,49.611,43.471,25.222,22.889,0.884,0.858,0.168,0.714,0.695,0.790,0.000,0.765,0.523,4.342
food_site_capacity_5,food_site_capacity,5,false,8,0.270,5,1.000,0.600,6.500,0.055,0.090,1.000,outcome,success,82,"301,302,304,306,307,308,309,310,311,312,313,314,315,316,317,318,319,322,323,324,325,326,327,328,329,330,332,333,334,335,336,337,338,339,340,342,343,344,346,349,350,351,352,353,355,356,358,359,361,363,365,366,367,369,370,371,373,374,375,376,377,378,379,380,381,382,383,384,385,386,387,388,389,391,392,393,394,395,396,397,398,399",1.000,1.000,1.000,0.000,44.671,41.902,22.549,20.585,0.901,0.882,0.163,0.739,0.657,0.814,0.000,0.848,0.528,4.567
food_site_capacity_7,food_site_capacity,7,false,8,0.270,7,1.000,0.600,6.500,0.055,0.090,1.000,all,all,100,"300,301,302,303,304,305,306,307,308,309,310,311,312,313,314,315,316,317,318,319,320,321,322,323,324,325,326,327,328,329,330,331,332,333,334,335,336,337,338,339,340,341,342,343,344,345,346,347,348,349,350,351,352,353,354,355,356,357,358,359,360,361,362,363,364,365,366,367,368,369,370,371,372,373,374,375,376,377,378,379,380,381,382,383,384,385,386,387,388,389,390,391,392,393,394,395,396,397,398,399",0.930,1.000,0.930,0.000,46.260,46.730,23.750,18.770,0.905,0.896,0.164,0.773,0.778,0.826,0.000,0.852,0.554,5.154
food_site_capacity_7,food_site_capacity,7,false,8,0.270,7,1.000,0.600,6.500,0.055,0.090,1.000,comparison,successful,93,"300,301,302,303,304,305,306,307,308,309,310,311,312,313,314,315,316,317,318,320,321,322,323,324,325,326,327,328,329,330,331,332,334,335,336,337,338,339,340,342,343,344,345,346,347,348,349,350,351,352,353,354,355,356,357,359,360,361,362,363,364,365,367,368,369,370,371,372,373,374,375,377,378,379,380,381,382,383,384,385,386,387,388,389,390,391,393,394,395,396,397,398,399",1.000,1.000,1.000,0.000,46.473,47.204,23.753,18.860,0.906,0.896,0.164,0.775,0.781,0.829,0.000,0.857,0.554,5.169
food_site_capacity_7,food_site_capacity,7,false,8,0.270,7,1.000,0.600,6.500,0.055,0.090,1.000,comparison,unsuccessful,7,"319,333,341,358,366,376,392",0.000,1.000,0.000,0.000,43.429,40.429,23.714,17.571,0.899,0.896,0.164,0.750,0.734,0.783,0.000,0.784,0.554,4.957
food_site_capacity_7,food_site_capacity,7,false,8,0.270,7,1.000,0.600,6.500,0.055,0.090,1.000,outcome,gravity_without_vertical,7,"319,333,341,358,366,376,392",0.000,1.000,0.000,0.000,43.429,40.429,23.714,17.571,0.899,0.896,0.164,0.750,0.734,0.783,0.000,0.784,0.554,4.957
food_site_capacity_7,food_site_capacity,7,false,8,0.270,7,1.000,0.600,6.500,0.055,0.090,1.000,outcome,success,93,"300,301,302,303,304,305,306,307,308,309,310,311,312,313,314,315,316,317,318,320,321,322,323,324,325,326,327,328,329,330,331,332,334,335,336,337,338,339,340,342,343,344,345,346,347,348,349,350,351,352,353,354,355,356,357,359,360,361,362,363,364,365,367,368,369,370,371,372,373,374,375,377,378,379,380,381,382,383,384,385,386,387,388,389,390,391,393,394,395,396,397,398,399",1.000,1.000,1.000,0.000,46.473,47.204,23.753,18.860,0.906,0.896,0.164,0.775,0.781,0.829,0.000,0.857,0.554,5.169
food_site_capacity_11,food_site_capacity,11,false,8,0.270,11,1.000,0.600,6.500,0.055,0.090,1.000,all,all,100,"300,301,302,303,304,305,306,307,308,309,310,311,312,313,314,315,316,317,318,319,320,321,322,323,324,325,326,327,328,329,330,331,332,333,334,335,336,337,338,339,340,341,342,343,344,345,346,347,348,349,350,351,352,353,354,355,356,357,358,359,360,361,362,363,364,365,366,367,368,369,370,371,372,373,374,375,376,377,378,379,380,381,382,383,384,385,386,387,388,389,390,391,392,393,394,395,396,397,398,399",0.940,1.000,0.940,0.000,48.210,48.300,25.030,21.070,0.909,0.899,0.164,0.776,0.797,0.832,0.000,0.849,0.565,5.365
food_site_capacity_11,food_site_capacity,11,false,8,0.270,11,1.000,0.600,6.500,0.055,0.090,1.000,comparison,successful,94,"300,301,302,303,304,305,306,307,308,309,310,311,312,313,314,315,316,317,318,319,320,321,322,323,324,326,327,328,329,330,331,332,333,334,335,336,337,339,340,341,342,343,344,345,346,347,348,349,350,351,352,353,354,355,356,357,358,359,360,361,362,364,365,367,368,369,370,371,372,373,374,375,376,377,378,379,380,381,383,384,385,386,387,388,389,390,391,392,393,394,395,396,397,399",1.000,1.000,1.000,0.000,47.489,47.521,25.032,20.851,0.909,0.899,0.163,0.778,0.796,0.831,0.000,0.854,0.565,5.380
food_site_capacity_11,food_site_capacity,11,false,8,0.270,11,1.000,0.600,6.500,0.055,0.090,1.000,comparison,unsuccessful,6,"325,338,363,366,382,398",0.000,1.000,0.000,0.000,59.500,60.500,25.000,24.500,0.897,0.889,0.169,0.739,0.817,0.841,0.000,0.774,0.564,5.119
food_site_capacity_11,food_site_capacity,11,false,8,0.270,11,1.000,0.600,6.500,0.055,0.090,1.000,outcome,gravity_without_vertical,6,"325,338,363,366,382,398",0.000,1.000,0.000,0.000,59.500,60.500,25.000,24.500,0.897,0.889,0.169,0.739,0.817,0.841,0.000,0.774,0.564,5.119
food_site_capacity_11,food_site_capacity,11,false,8,0.270,11,1.000,0.600,6.500,0.055,0.090,1.000,outcome,success,94,"300,301,302,303,304,305,306,307,308,309,310,311,312,313,314,315,316,317,318,319,320,321,322,323,324,326,327,328,329,330,331,332,333,334,335,336,337,339,340,341,342,343,344,345,346,347,348,349,350,351,352,353,354,355,356,357,358,359,360,361,362,364,365,367,368,369,370,371,372,373,374,375,376,377,378,379,380,381,383,384,385,386,387,388,389,390,391,392,393,394,395,396,397,399",1.000,1.000,1.000,0.000,47.489,47.521,25.032,20.851,0.909,0.899,0.163,0.778,0.796,0.831,0.000,0.854,0.565,5.380
food_site_capacity_13,food_site_capacity,13,false,8,0.270,13,1.000,0.600,6.500,0.055,0.090,1.000,all,all,100,"300,301,302,303,304,305,306,307,308,309,310,311,312,313,314,315,316,317,318,319,320,321,322,323,324,325,326,327,328,329,330,331,332,333,334,335,336,337,338,339,340,341,342,343,344,345,346,347,348,349,350,351,352,353,354,355,356,357,358,359,360,361,362,363,364,365,366,367,368,369,370,371,372,373,374,375,376,377,378,379,380,381,382,383,384,385,386,387,388,389,390,391,392,393,394,395,396,397,398,399",0.930,0.990,0.930,0.000,49.586,49.293,25.640,19.800,0.907,0.892,0.164,0.785,0.801,0.835,0.000,0.847,0.565,5.381
food_site_capacity_13,food_site_capacity,13,false,8,0.270,13,1.000,0.600,6.500,0.055,0.090,1.000,comparison,successful,93,"300,301,302,303,304,305,307,308,309,310,311,312,313,314,315,316,318,319,320,321,322,323,324,325,326,327,328,329,331,332,333,334,335,337,338,339,340,341,342,343,344,345,346,347,348,349,350,351,352,354,355,356,357,358,360,361,362,363,364,365,366,367,368,369,371,372,373,374,375,376,377,378,379,380,381,382,383,384,385,386,387,388,389,390,391,392,393,394,395,396,397,398,399",1.000,1.000,1.000,0.000,50.172,49.731,26.054,20.161,0.909,0.896,0.164,0.786,0.804,0.841,0.000,0.853,0.566,5.412
food_site_capacity_13,food_site_capacity,13,false,8,0.270,13,1.000,0.600,6.500,0.055,0.090,1.000,comparison,unsuccessful,7,"306,317,330,336,353,359,370",0.000,0.857,0.000,0.000,40.500,42.500,20.143,15.000,0.891,0.835,0.159,0.772,0.768,0.763,0.000,0.778,0.556,4.965
food_site_capacity_13,food_site_capacity,13,false,8,0.270,13,1.000,0.600,6.500,0.055,0.090,1.000,outcome,gravity_without_vertical,6,"306,330,336,353,359,370",0.000,1.000,0.000,0.000,40.500,42.500,19.333,15.000,0.907,0.897,0.159,0.786,0.793,0.834,0.000,0.778,0.565,5.126
food_site_capacity_13,food_site_capacity,13,false,8,0.270,13,1.000,0.600,6.500,0.055,0.090,1.000,outcome,partial_tilt,1,317,0.000,0.000,0.000,0.000,not_reached,not_reached,25.000,15.000,0.795,0.464,0.157,0.686,0.619,0.341,0.000,0.775,0.508,4.003
food_site_capacity_13,food_site_capacity,13,false,8,0.270,13,1.000,0.600,6.500,0.055,0.090,1.000,outcome,success,93,"300,301,302,303,304,305,307,308,309,310,311,312,313,314,315,316,318,319,320,321,322,323,324,325,326,327,328,329,331,332,333,334,335,337,338,339,340,341,342,343,344,345,346,347,348,349,350,351,352,354,355,356,357,358,360,361,362,363,364,365,366,367,368,369,371,372,373,374,375,376,377,378,379,380,381,382,383,384,385,386,387,388,389,390,391,392,393,394,395,396,397,398,399",1.000,1.000,1.000,0.000,50.172,49.731,26.054,20.161,0.909,0.896,0.164,0.786,0.804,0.841,0.000,0.853,0.566,5.412
travel_cost_per_distance_0p040,travel_cost_per_distance,0.040,false,8,0.270,9,1.000,0.600,6.500,0.040,0.090,1.000,all,all,100,"300,301,302,303,304,305,306,307,308,309,310,311,312,313,314,315,316,317,318,319,320,321,322,323,324,325,326,327,328,329,330,331,332,333,334,335,336,337,338,339,340,341,342,343,344,345,346,347,348,349,350,351,352,353,354,355,356,357,358,359,360,361,362,363,364,365,366,367,368,369,370,371,372,373,374,375,376,377,378,379,380,381,382,383,384,385,386,387,388,389,390,391,392,393,394,395,396,397,398,399",0.890,1.000,0.890,0.000,48.870,40.710,22.320,20.900,0.906,0.878,0.164,0.748,0.773,0.800,0.000,0.844,0.556,6.436
travel_cost_per_distance_0p040,travel_cost_per_distance,0.040,false,8,0.270,9,1.000,0.600,6.500,0.040,0.090,1.000,comparison,successful,89,"300,302,303,304,305,306,307,308,309,310,311,312,313,315,316,317,318,319,320,321,322,323,324,325,326,327,328,329,330,333,334,335,336,337,338,339,340,341,342,343,344,345,346,347,348,349,350,351,352,353,354,356,357,358,359,360,364,365,366,367,368,369,370,371,372,373,374,375,376,377,378,379,380,381,383,384,385,386,387,388,389,390,391,392,393,395,396,397,398",1.000,1.000,1.000,0.000,48.169,40.910,22.360,20.517,0.906,0.876,0.163,0.751,0.772,0.799,0.000,0.851,0.557,6.462
travel_cost_per_distance_0p040,travel_cost_per_distance,0.040,false,8,0.270,9,1.000,0.600,6.500,0.040,0.090,1.000,comparison,unsuccessful,11,"301,314,331,332,355,361,362,363,382,394,399",0.000,1.000,0.000,0.000,54.545,39.091,22.000,24.000,0.903,0.890,0.167,0.726,0.777,0.811,0.000,0.781,0.556,6.225
travel_cost_per_distance_0p040,travel_cost_per_distance,0.040,false,8,0.270,9,1.000,0.600,6.500,0.040,0.090,1.000,outcome,gravity_without_vertical,11,"301,314,331,332,355,361,362,363,382,394,399",0.000,1.000,0.000,0.000,54.545,39.091,22.000,24.000,0.903,0.890,0.167,0.726,0.777,0.811,0.000,0.781,0.556,6.225
travel_cost_per_distance_0p040,travel_cost_per_distance,0.040,false,8,0.270,9,1.000,0.600,6.500,0.040,0.090,1.000,outcome,success,89,"300,302,303,304,305,306,307,308,309,310,311,312,313,315,316,317,318,319,320,321,322,323,324,325,326,327,328,329,330,333,334,335,336,337,338,339,340,341,342,343,344,345,346,347,348,349,350,351,352,353,354,356,357,358,359,360,364,365,366,367,368,369,370,371,372,373,374,375,376,377,378,379,380,381,383,384,385,386,387,388,389,390,391,392,393,395,396,397,398",1.000,1.000,1.000,0.000,48.169,40.910,22.360,20.517,0.906,0.876,0.163,0.751,0.772,0.799,0.000,0.851,0.557,6.462
travel_cost_per_distance_0p050,travel_cost_per_distance,0.050,false,8,0.270,9,1.000,0.600,6.500,0.050,0.090,1.000,all,all,100,"300,301,302,303,304,305,306,307,308,309,310,311,312,313,314,315,316,317,318,319,320,321,322,323,324,325,326,327,328,329,330,331,332,333,334,335,336,337,338,339,340,341,342,343,344,345,346,347,348,349,350,351,352,353,354,355,356,357,358,359,360,361,362,363,364,365,366,367,368,369,370,371,372,373,374,375,376,377,378,379,380,381,382,383,384,385,386,387,388,389,390,391,392,393,394,395,396,397,398,399",0.910,0.990,0.910,0.000,46.455,43.330,22.490,20.880,0.907,0.887,0.164,0.762,0.787,0.816,0.000,0.851,0.561,5.707
travel_cost_per_distance_0p050,travel_cost_per_distance,0.050,false,8,0.270,9,1.000,0.600,6.500,0.050,0.090,1.000,comparison,successful,91,"300,301,302,303,305,306,307,308,310,311,312,313,314,315,316,318,319,320,321,322,323,324,326,327,328,329,330,331,333,334,335,336,337,338,339,340,341,342,343,345,346,347,348,349,350,351,352,353,355,356,357,358,359,360,361,362,363,364,366,367,368,369,371,372,373,374,375,376,377,378,379,380,381,382,383,384,385,386,387,388,389,390,391,392,393,394,395,396,397,398,399",1.000,1.000,1.000,0.000,47.176,44.176,22.945,20.868,0.907,0.891,0.164,0.766,0.789,0.822,0.000,0.858,0.562,5.745
travel_cost_per_distance_0p050,travel_cost_per_distance,0.050,false,8,0.270,9,1.000,0.600,6.500,0.050,0.090,1.000,comparison,unsuccessful,9,"304,309,317,325,332,344,354,365,370",0.000,0.889,0.000,0.000,38.250,34.778,17.889,21.000,0.906,0.845,0.163,0.714,0.768,0.761,0.000,0.782,0.551,5.325
travel_cost_per_distance_0p050,travel_cost_per_distance,0.050,false,8,0.270,9,1.000,0.600,6.500,0.050,0.090,1.000,outcome,gravity_without_vertical,8,"304,309,317,325,332,344,354,365",0.000,1.000,0.000,0.000,38.250,34.625,17.500,20.750,0.909,0.894,0.164,0.708,0.773,0.807,0.000,0.787,0.555,5.418
travel_cost_per_distance_0p050,travel_cost_per_distance,0.050,false,8,0.270,9,1.000,0.600,6.500,0.050,0.090,1.000,outcome,partial_tilt,1,370,0.000,0.000,0.000,0.000,not_reached,36.000,21.000,23.000,0.882,0.456,0.151,0.766,0.732,0.393,0.000,0.738,0.520,4.581
travel_cost_per_distance_0p050,travel_cost_per_distance,0.050,false,8,0.270,9,1.000,0.600,6.500,0.050,0.090,1.000,outcome,success,91,"300,301,302,303,305,306,307,308,310,311,312,313,314,315,316,318,319,320,321,322,323,324,326,327,328,329,330,331,333,334,335,336,337,338,339,340,341,342,343,345,346,347,348,349,350,351,352,353,355,356,357,358,359,360,361,362,363,364,366,367,368,369,371,372,373,374,375,376,377,378,379,380,381,382,383,384,385,386,387,388,389,390,391,392,393,394,395,396,397,398,399",1.000,1.000,1.000,0.000,47.176,44.176,22.945,20.868,0.907,0.891,0.164,0.766,0.789,0.822,0.000,0.858,0.562,5.745
travel_cost_per_distance_0p060,travel_cost_per_distance,0.060,false,8,0.270,9,1.000,0.600,6.500,0.060,0.090,1.000,all,all,100,"300,301,302,303,304,305,306,307,308,309,310,311,312,313,314,315,316,317,318,319,320,321,322,323,324,325,326,327,328,329,330,331,332,333,334,335,336,337,338,339,340,341,342,343,344,345,346,347,348,349,350,351,352,353,354,355,356,357,358,359,360,361,362,363,364,365,366,367,368,369,370,371,372,373,374,375,376,377,378,379,380,381,382,383,384,385,386,387,388,389,390,391,392,393,394,395,396,397,398,399",0.910,0.950,0.910,0.000,50.305,55.021,32.232,20.320,0.893,0.870,0.164,0.789,0.802,0.812,0.000,0.832,0.565,4.940
travel_cost_per_distance_0p060,travel_cost_per_distance,0.060,false,8,0.270,9,1.000,0.600,6.500,0.060,0.090,1.000,comparison,successful,91,"301,302,303,304,305,306,307,308,309,310,311,312,313,314,315,316,317,318,319,320,322,324,325,326,327,328,330,331,332,333,334,335,336,337,338,339,340,341,342,343,344,345,347,348,349,350,351,352,353,354,355,356,357,358,359,360,361,362,363,364,365,366,367,368,369,370,371,372,373,375,376,377,378,380,381,382,383,384,385,386,387,388,389,390,391,392,393,394,396,398,399",1.000,1.000,1.000,0.000,50.187,54.703,30.637,19.736,0.908,0.895,0.164,0.792,0.802,0.841,0.000,0.856,0.566,5.013
travel_cost_per_distance_0p060,travel_cost_per_distance,0.060,false,8,0.270,9,1.000,0.600,6.500,0.060,0.090,1.000,comparison,unsuccessful,9,"300,321,323,329,346,374,379,395,397",0.000,0.444,0.000,0.000,53.000,62.250,50.375,26.222,0.746,0.612,0.163,0.754,0.802,0.522,0.000,0.586,0.555,4.202
travel_cost_per_distance_0p060,travel_cost_per_distance,0.060,false,8,0.270,9,1.000,0.600,6.500,0.060,0.090,1.000,outcome,flat,2,"346,397",0.000,0.000,0.000,0.000,not_reached,not_reached,20.000,22.000,0.555,0.370,0.158,0.794,0.822,0.232,0.000,0.312,0.580,3.936
travel_cost_per_distance_0p060,travel_cost_per_distance,0.060,false,8,0.270,9,1.000,0.600,6.500,0.060,0.090,1.000,outcome,gravity_without_vertical,4,"321,374,379,395",0.000,1.000,0.000,0.000,53.000,62.250,34.000,21.750,0.909,0.911,0.166,0.764,0.812,0.802,0.000,0.778,0.555,4.637
travel_cost_per_distance_0p060,travel_cost_per_distance,0.060,false,8,0.270,9,1.000,0.600,6.500,0.060,0.090,1.000,outcome,partial_tilt,2,"300,329",0.000,0.000,0.000,0.000,not_reached,not_reached,113.500,42.000,0.604,0.399,0.159,0.734,0.780,0.350,0.000,0.560,0.540,3.988
travel_cost_per_distance_0p060,travel_cost_per_distance,0.060,false,8,0.270,9,1.000,0.600,6.500,0.060,0.090,1.000,outcome,partial_transposition,1,323,0.000,0.000,0.000,0.000,not_reached,not_reached,20.000,21.000,0.766,0.327,0.172,0.671,0.769,0.327,0.000,0.415,0.535,3.422
travel_cost_per_distance_0p060,travel_cost_per_distance,0.060,false,8,0.270,9,1.000,0.600,6.500,0.060,0.090,1.000,outcome,success,91,"301,302,303,304,305,306,307,308,309,310,311,312,313,314,315,316,317,318,319,320,322,324,325,326,327,328,330,331,332,333,334,335,336,337,338,339,340,341,342,343,344,345,347,348,349,350,351,352,353,354,355,356,357,358,359,360,361,362,363,364,365,366,367,368,369,370,371,372,373,375,376,377,378,380,381,382,383,384,385,386,387,388,389,390,391,392,393,394,396,398,399",1.000,1.000,1.000,0.000,50.187,54.703,30.637,19.736,0.908,0.895,0.164,0.792,0.802,0.841,0.000,0.856,0.566,5.013
