point,parameter,parameter_value,is_baseline,food_site_count,food_site_width,food_site_capacity,food_value,vertical_comb_benefit,food_site_max_distance,travel_cost_per_distance,mutation_sd,transposition_mutation_correlation,group_kind,group,runs,seeds,stable_fraction,reached_gravity_fraction,retained_vertical_fraction,collapse_fraction,mean_gravity_reach_generation,mean_vertical_reach_generation,mean_partial_tilt_generation,mean_partial_transposition_generation,mean_max_comb_tilt,mean_max_min_transposition,mean_min_success,mean_final_directional_bias,mean_final_attention,mean_final_min_transposition,mean_final_transposition_gap,mean_final_comb_tilt,mean_final_success,mean_final_payoff
baseline,baseline,baseline,true,7,0.220,14,1.000,0.580,7.500,0.020,0.080,0.900,all,all,100,"300,301,302,303,304,305,306,307,308,309,310,311,312,313,314,315,316,317,318,319,320,321,322,323,324,325,326,327,328,329,330,331,332,333,334,335,336,337,338,339,340,341,342,343,344,345,346,347,348,349,350,351,352,353,354,355,356,357,358,359,360,361,362,363,364,365,366,367,368,369,370,371,372,373,374,375,376,377,378,379,380,381,382,383,384,385,386,387,388,389,390,391,392,393,394,395,396,397,398,399",0.910,0.990,0.910,0.000,56.303,51.121,28.330,26.040,0.909,0.858,0.103,0.761,0.774,0.787,0.035,0.853,0.436,5.655
baseline,baseline,baseline,true,7,0.220,14,1.000,0.580,7.500,0.020,0.080,0.900,comparison,successful,91,"300,301,302,303,304,305,306,308,309,310,311,312,313,314,315,316,317,318,319,320,321,322,323,324,325,326,328,329,330,331,332,333,334,336,337,338,340,341,342,343,344,345,346,347,348,349,350,351,352,353,354,355,356,357,358,359,360,361,362,363,364,365,366,367,369,370,371,372,373,374,376,377,378,379,380,381,382,383,384,385,386,388,389,390,392,393,394,395,396,398,399",1.000,1.000,1.000,0.000,56.165,51.176,28.374,26.352,0.911,0.864,0.104,0.761,0.777,0.792,0.036,0.862,0.437,5.692
baseline,baseline,baseline,true,7,0.220,14,1.000,0.580,7.500,0.020,0.080,0.900,comparison,unsuccessful,9,"307,327,335,339,368,375,387,391,397",0.000,0.889,0.000,0.000,57.875,50.500,27.889,22.889,0.882,0.802,0.099,0.759,0.753,0.736,0.024,0.766,0.426,5.287
baseline,baseline,baseline,true,7,0.220,14,1.000,0.580,7.500,0.020,0.080,0.900,outcome,gravity_without_vertical,8,"307,327,335,339,368,387,391,397",0.000,1.000,0.000,0.000,57.875,50.500,26.875,20.125,0.905,0.861,0.099,0.774,0.780,0.796,0.024,0.778,0.430,5.389
baseline,baseline,baseline,true,7,0.220,14,1.000,0.580,7.500,0.020,0.080,0.900,outcome,partial_tilt,1,375,0.000,0.000,0.000,0.000,not_reached,not_reached,36.000,45.000,0.695,0.337,0.100,0.641,0.537,0.260,0.024,0.668,0.397,4.473
baseline,baseline,baseline,true,7,0.220,14,1.000,0.580,7.500,0.020,0.080,0.900,outcome,success,91,"300,301,302,303,304,305,306,308,309,310,311,312,313,314,315,316,317,318,319,320,321,322,323,324,325,326,328,329,330,331,332,333,334,336,337,338,340,341,342,343,344,345,346,347,348,349,350,351,352,353,354,355,356,357,358,359,360,361,362,363,364,365,366,367,369,370,371,372,373,374,376,377,378,379,380,381,382,383,384,385,386,388,389,390,392,393,394,395,396,398,399",1.000,1.000,1.000,0.000,56.165,51.176,28.374,26.352,0.911,0.864,0.104,0.761,0.777,0.792,0.036,0.862,0.437,5.692
vertical_comb_benefit_0p500,vertical_comb_benefit,0.500,false,7,0.220,14,1.000,0.500,7.500,0.020,0.080,0.900,all,all,100,"300,301,302,303,304,305,306,307,308,309,310,311,312,313,314,315,316,317,318,319,320,321,322,323,324,325,326,327,328,329,330,331,332,333,334,335,336,337,338,339,340,341,342,343,344,345,346,347,348,349,350,351,352,353,354,355,356,357,358,359,360,361,362,363,364,365,366,367,368,369,370,371,372,373,374,375,376,377,378,379,380,381,382,383,384,385,386,387,388,389,390,391,392,393,394,395,396,397,398,399",0.800,0.960,0.820,0.000,56.052,56.320,30.303,25.120,0.894,0.846,0.103,0.772,0.772,0.788,0.031,0.838,0.435,5.360
vertical_comb_benefit_0p500,vertical_comb_benefit,0.500,false,7,0.220,14,1.000,0.500,7.500,0.020,0.080,0.900,comparison,successful,80,"300,301,302,303,305,306,307,308,309,310,311,312,313,314,315,316,317,318,319,320,321,324,325,326,327,330,332,333,334,335,336,337,339,340,341,343,345,346,349,350,351,352,353,354,355,356,357,359,360,361,362,364,365,366,367,368,369,371,372,373,374,375,376,377,378,379,381,382,383,384,386,387,389,390,391,395,396,397,398,399",1.000,1.000,1.000,0.000,54.575,55.112,28.887,23.425,0.907,0.874,0.103,0.781,0.781,0.818,0.028,0.860,0.438,5.451
vertical_comb_benefit_0p500,vertical_comb_benefit,0.500,false,7,0.220,14,1.000,0.500,7.500,0.020,0.080,0.900,comparison,unsuccessful,20,"304,322,323,328,329,331,338,342,344,347,348,358,363,370,380,385,388,392,393,394",0.000,0.800,0.100,0.000,63.438,62.000,36.263,31.900,0.843,0.735,0.104,0.733,0.735,0.672,0.045,0.752,0.423,4.997
vertical_comb_benefit_0p500,vertical_comb_benefit,0.500,false,7,0.220,14,1.000,0.500,7.500,0.020,0.080,0.900,outcome,flat,1,331,0.000,0.000,0.000,0.000,not_reached,not_reached,not_reached,75.000,0.481,0.278,0.109,0.722,0.756,0.222,0.027,0.481,0.405,4.172
vertical_comb_benefit_0p500,vertical_comb_benefit,0.500,false,7,0.220,14,1.000,0.500,7.500,0.020,0.080,0.900,outcome,gravity_without_vertical,15,"322,323,328,329,338,342,344,347,348,358,363,370,385,388,392",0.000,1.000,0.000,0.000,64.000,66.929,32.867,30.067,0.883,0.839,0.104,0.748,0.785,0.786,0.031,0.772,0.429,5.150
vertical_comb_benefit_0p500,vertical_comb_benefit,0.500,false,7,0.220,14,1.000,0.500,7.500,0.020,0.080,0.900,outcome,partial_tilt,2,"380,394",0.000,0.000,0.000,0.000,not_reached,40.000,73.000,29.500,0.681,0.366,0.101,0.734,0.655,0.279,0.052,0.645,0.413,4.548
vertical_comb_benefit_0p500,vertical_comb_benefit,0.500,false,7,0.220,14,1.000,0.500,7.500,0.020,0.080,0.900,outcome,success,80,"300,301,302,303,305,306,307,308,309,310,311,312,313,314,315,316,317,318,319,320,321,324,325,326,327,330,332,333,334,335,336,337,339,340,341,343,345,346,349,350,351,352,353,354,355,356,357,359,360,361,362,364,365,366,367,368,369,371,372,373,374,375,376,377,378,379,381,382,383,384,386,387,389,390,391,395,396,397,398,399",1.000,1.000,1.000,0.000,54.575,55.112,28.887,23.425,0.907,0.874,0.103,0.781,0.781,0.818,0.028,0.860,0.438,5.451
vertical_comb_benefit_0p500,vertical_comb_benefit,0.500,false,7,0.220,14,1.000,0.500,7.500,0.020,0.080,0.900,outcome,vertical_without_gravity,2,"304,393",0.000,0.500,1.000,0.000,55.000,38.500,25.000,26.500,0.885,0.548,0.108,0.626,0.427,0.437,0.145,0.847,0.398,4.713
vertical_comb_benefit_0p540,vertical_comb_benefit,0.540,false,7,0.220,14,1.000,0.540,7.500,0.020,0.080,0.900,all,all,100,"300,301,302,303,304,305,306,307,308,309,310,311,312,313,314,315,316,317,318,319,320,321,322,323,324,325,326,327,328,329,330,331,332,333,334,335,336,337,338,339,340,341,342,343,344,345,346,347,348,349,350,351,352,353,354,355,356,357,358,359,360,361,362,363,364,365,366,367,368,369,370,371,372,373,374,375,376,377,378,379,380,381,382,383,384,385,386,387,388,389,390,391,392,393,394,395,396,397,398,399",0.880,0.970,0.880,0.000,57.990,54.635,29.140,25.830,0.896,0.852,0.103,0.777,0.777,0.783,0.032,0.844,0.437,5.526
vertical_comb_benefit_0p540,vertical_comb_benefit,0.540,false,7,0.220,14,1.000,0.540,7.500,0.020,0.080,0.900,comparison,successful,88,"300,301,302,303,304,305,306,307,309,310,311,312,313,315,316,317,318,319,320,321,322,323,324,325,326,327,328,329,330,331,332,333,334,337,338,340,341,342,343,344,346,347,348,349,350,351,352,353,354,355,358,359,360,361,362,363,364,365,367,368,369,370,371,372,373,374,375,376,377,378,379,380,381,382,383,384,386,388,390,391,392,393,394,395,396,397,398,399",1.000,1.000,1.000,0.000,55.920,53.625,28.705,24.943,0.909,0.876,0.103,0.787,0.782,0.809,0.028,0.861,0.439,5.604
vertical_comb_benefit_0p540,vertical_comb_benefit,0.540,false,7,0.220,14,1.000,0.540,7.500,0.020,0.080,0.900,comparison,unsuccessful,12,"308,314,335,336,339,345,356,357,366,385,387,389",0.000,0.750,0.000,0.000,78.222,65.750,32.333,32.333,0.800,0.674,0.103,0.703,0.742,0.591,0.062,0.718,0.420,4.960
vertical_comb_benefit_0p540,vertical_comb_benefit,0.540,false,7,0.220,14,1.000,0.540,7.500,0.020,0.080,0.900,outcome,gravity_without_vertical,9,"308,314,335,339,345,357,366,385,389",0.000,1.000,0.000,0.000,78.222,65.750,26.444,29.000,0.863,0.781,0.103,0.732,0.738,0.689,0.058,0.767,0.423,5.125
vertical_comb_benefit_0p540,vertical_comb_benefit,0.540,false,7,0.220,14,1.000,0.540,7.500,0.020,0.080,0.900,outcome,partial_tilt,3,"336,356,387",0.000,0.000,0.000,0.000,not_reached,not_reached,50.000,42.333,0.609,0.351,0.102,0.619,0.755,0.295,0.075,0.571,0.410,4.465
vertical_comb_benefit_0p540,vertical_comb_benefit,0.540,false,7,0.220,14,1.000,0.540,7.500,0.020,0.080,0.900,outcome,success,88,"300,301,302,303,304,305,306,307,309,310,311,312,313,315,316,317,318,319,320,321,322,323,324,325,326,327,328,329,330,331,332,333,334,337,338,340,341,342,343,344,346,347,348,349,350,351,352,353,354,355,358,359,360,361,362,363,364,365,367,368,369,370,371,372,373,374,375,376,377,378,379,380,381,382,383,384,386,388,390,391,392,393,394,395,396,397,398,399",1.000,1.000,1.000,0.000,55.920,53.625,28.705,24.943,0.909,0.876,0.103,0.787,0.782,0.809,0.028,0.861,0.439,5.604
vertical_comb_benefit_0p600,vertical_comb_benefit,0.600,false,7,0.220,14,1.000,0.600,7.500,0.020,0.080,0.900,all,all,100,"300,301,302,303,304,305,306,307,308,309,310,311,312,313,314,315,316,317,318,319,320,321,322,323,324,325,326,327,328,329,330,331,332,333,334,335,336,337,338,339,340,341,342,343,344,345,346,347,348,349,350,351,352,353,354,355,356,357,358,359,360,361,362,363,364,365,366,367,368,369,370,371,372,373,374,375,376,377,378,379,380,381,382,383,384,385,386,387,388,389,390,391,392,393,394,395,396,397,398,399",0.930,1.000,0.940,0.000,60.040,48.808,26.390,26.460,0.907,0.860,0.103,0.765,0.766,0.799,0.028,0.856,0.437,5.746
vertical_comb_benefit_0p600,vertical_comb_benefit,0.600,false,7,0.220,14,1.000,0.600,7.500,0.020,0.080,0.900,comparison,successful,93,"300,301,302,303,304,305,306,307,308,309,310,311,312,313,314,315,316,317,318,319,320,321,323,324,325,326,327,328,329,330,331,333,335,337,338,339,340,341,342,343,344,345,347,348,349,350,352,353,354,355,356,357,358,359,360,361,362,363,364,366,367,368,369,370,371,372,373,374,375,376,377,378,379,380,381,382,383,384,385,386,387,388,389,390,391,392,393,394,395,396,397,398,399",1.000,1.000,1.000,0.000,57.968,48.484,26.172,26.247,0.910,0.870,0.104,0.772,0.771,0.811,0.026,0.862,0.439,5.786
vertical_comb_benefit_0p600,vertical_comb_benefit,0.600,false,7,0.220,14,1.000,0.600,7.500,0.020,0.080,0.900,comparison,unsuccessful,7,"322,332,334,336,346,351,365",0.000,1.000,0.143,0.000,87.571,53.833,29.286,29.286,0.879,0.722,0.101,0.676,0.701,0.638,0.061,0.783,0.416,5.211
vertical_comb_benefit_0p600,vertical_comb_benefit,0.600,false,7,0.220,14,1.000,0.600,7.500,0.020,0.080,0.900,outcome,gravity_without_vertical,6,"322,332,336,346,351,365",0.000,1.000,0.000,0.000,89.667,49.800,29.000,27.833,0.876,0.716,0.101,0.665,0.701,0.676,0.052,0.776,0.415,5.194
vertical_comb_benefit_0p600,vertical_comb_benefit,0.600,false,7,0.220,14,1.000,0.600,7.500,0.020,0.080,0.900,outcome,success,93,"300,301,302,303,304,305,306,307,308,309,310,311,312,313,314,315,316,317,318,319,320,321,323,324,325,326,327,328,329,330,331,333,335,337,338,339,340,341,342,343,344,345,347,348,349,350,352,353,354,355,356,357,358,359,360,361,362,363,364,366,367,368,369,370,371,372,373,374,375,376,377,378,379,380,381,382,383,384,385,386,387,388,389,390,391,392,393,394,395,396,397,398,399",1.000,1.000,1.000,0.000,57.968,48.484,26.172,26.247,0.910,0.870,0.104,0.772,0.771,0.811,0.026,0.862,0.439,5.786
vertical_comb_benefit_0p600,vertical_comb_benefit,0.600,false,7,0.220,14,1.000,0.600,7.500,0.020,0.080,0.900,outcome,vertical_without_gravity,1,334,0.000,1.000,1.000,0.000,75.000,74.000,31.000,38.000,0.899,0.757,0.105,0.746,0.705,0.412,0.113,0.821,0.421,5.307
food_site_max_distance_6p500,food_site_max_distance,6.500,false,7,0.220,14,1.000,0.580,6.500,0.020,0.080,0.900,all,all,100,"300,301,302,303,304,305,306,307,308,309,310,311,312,313,314,315,316,317,318,319,320,321,322,323,324,325,326,327,328,329,330,331,332,333,334,335,336,337,338,339,340,341,342,343,344,345,346,347,348,349,350,351,352,353,354,355,356,357,358,359,360,361,362,363,364,365,366,367,368,369,370,371,372,373,374,375,376,377,378,379,380,381,382,383,384,385,386,387,388,389,390,391,392,393,394,395,396,397,398,399",0.930,0.990,0.930,0.000,53.525,50.828,27.870,26.220,0.906,0.865,0.121,0.762,0.765,0.800,0.030,0.851,0.452,6.024
food_site_max_distance_6p500,food_site_max_distance,6.500,false,7,0.220,14,1.000,0.580,6.500,0.020,0.080,0.900,comparison,successful,93,"300,301,302,303,304,305,306,307,308,309,310,311,312,313,314,315,316,317,319,320,322,323,324,325,326,327,328,329,330,331,332,333,334,335,336,337,338,339,340,342,343,344,345,346,347,348,349,350,351,352,353,354,355,356,358,359,361,362,363,364,365,366,367,368,369,370,371,372,373,374,375,376,377,378,379,380,381,382,383,384,385,386,387,388,389,391,393,394,395,396,397,398,399",1.000,1.000,1.000,0.000,54.161,50.140,27.548,26.054,0.908,0.873,0.121,0.768,0.770,0.806,0.030,0.856,0.452,6.048
food_site_max_distance_6p500,food_site_max_distance,6.500,false,7,0.220,14,1.000,0.580,6.500,0.020,0.080,0.900,comparison,unsuccessful,7,"318,321,341,357,360,390,392",0.000,0.857,0.000,0.000,43.667,61.500,32.143,28.429,0.877,0.765,0.122,0.675,0.702,0.722,0.021,0.774,0.445,5.702
food_site_max_distance_6p500,food_site_max_distance,6.500,false,7,0.220,14,1.000,0.580,6.500,0.020,0.080,0.900,outcome,gravity_without_vertical,6,"318,321,357,360,390,392",0.000,1.000,0.000,0.000,43.667,61.500,30.667,27.167,0.897,0.815,0.122,0.667,0.718,0.764,0.019,0.779,0.446,5.746
food_site_max_distance_6p500,food_site_max_distance,6.500,false,7,0.220,14,1.000,0.580,6.500,0.020,0.080,0.900,outcome,partial_tilt,1,341,0.000,0.000,0.000,0.000,not_reached,not_reached,41.000,36.000,0.757,0.468,0.122,0.725,0.607,0.468,0.035,0.745,0.435,5.435
food_site_max_distance_6p500,food_site_max_distance,6.500,false,7,0.220,14,1.000,0.580,6.500,0.020,0.080,0.900,outcome,success,93,"300,301,302,303,304,305,306,307,308,309,310,311,312,313,314,315,316,317,319,320,322,323,324,325,326,327,328,329,330,331,332,333,334,335,336,337,338,339,340,342,343,344,345,346,347,348,349,350,351,352,353,354,355,356,358,359,361,362,363,364,365,366,367,368,369,370,371,372,373,374,375,376,377,378,379,380,381,382,383,384,385,386,387,388,389,391,393,394,395,396,397,398,399",1.000,1.000,1.000,0.000,54.161,50.140,27.548,26.054,0.908,0.873,0.121,0.768,0.770,0.806,0.030,0.856,0.452,6.048
food_site_max_distance_7p000,food_site_max_distance,7.000,false,7,0.220,14,1.000,0.580,7.000,0.020,0.080,0.900,all,all,100,"300,301,302,303,304,305,306,307,308,309,310,311,312,313,314,315,316,317,318,319,320,321,322,323,324,325,326,327,328,329,330,331,332,333,334,335,336,337,338,339,340,341,342,343,344,345,346,347,348,349,350,351,352,353,354,355,356,357,358,359,360,361,362,363,364,365,366,367,368,369,370,371,372,373,374,375,376,377,378,379,380,381,382,383,384,385,386,387,388,389,390,391,392,393,394,395,396,397,398,399",0.900,0.990,0.900,0.000,55.556,49.960,27.740,25.120,0.908,0.860,0.111,0.766,0.765,0.786,0.037,0.852,0.446,5.882
food_site_max_distance_7p000,food_site_max_distance,7.000,false,7,0.220,14,1.000,0.580,7.000,0.020,0.080,0.900,comparison,successful,90,"300,302,303,305,306,307,308,309,310,311,312,313,315,316,317,318,319,320,321,322,323,324,325,326,327,328,329,330,331,332,333,334,337,338,339,341,342,343,344,345,347,348,349,350,351,352,353,354,355,357,358,359,360,361,362,364,365,366,367,368,369,370,371,372,373,374,375,376,377,378,379,380,381,382,383,384,385,386,387,388,389,390,391,392,393,394,395,396,397,399",1.000,1.000,1.000,0.000,54.533,49.767,27.233,24.467,0.913,0.870,0.111,0.772,0.768,0.795,0.038,0.864,0.447,5.926
food_site_max_distance_7p000,food_site_max_distance,7.000,false,7,0.220,14,1.000,0.580,7.000,0.020,0.080,0.900,comparison,unsuccessful,10,"301,304,314,335,336,340,346,356,363,398",0.000,0.900,0.000,0.000,65.778,51.889,32.300,31.000,0.861,0.768,0.113,0.718,0.741,0.703,0.025,0.736,0.441,5.493
food_site_max_distance_7p000,food_site_max_distance,7.000,false,7,0.220,14,1.000,0.580,7.000,0.020,0.080,0.900,outcome,flat,1,363,0.000,0.000,0.000,0.000,not_reached,not_reached,53.000,23.000,0.519,0.339,0.126,0.832,0.792,0.168,0.036,0.348,0.460,4.801
food_site_max_distance_7p000,food_site_max_distance,7.000,false,7,0.220,14,1.000,0.580,7.000,0.020,0.080,0.900,outcome,gravity_without_vertical,9,"301,304,314,335,336,340,346,356,398",0.000,1.000,0.000,0.000,65.778,51.889,30.000,31.889,0.899,0.815,0.111,0.705,0.735,0.762,0.024,0.780,0.439,5.570
food_site_max_distance_7p000,food_site_max_distance,7.000,false,7,0.220,14,1.000,0.580,7.000,0.020,0.080,0.900,outcome,success,90,"300,302,303,305,306,307,308,309,310,311,312,313,315,316,317,318,319,320,321,322,323,324,325,326,327,328,329,330,331,332,333,334,337,338,339,341,342,343,344,345,347,348,349,350,351,352,353,354,355,357,358,359,360,361,362,364,365,366,367,368,369,370,371,372,373,374,375,376,377,378,379,380,381,382,383,384,385,386,387,388,389,390,391,392,393,394,395,396,397,399",1.000,1.000,1.000,0.000,54.533,49.767,27.233,24.467,0.913,0.870,0.111,0.772,0.768,0.795,0.038,0.864,0.447,5.926
food_site_max_distance_8p000,food_site_max_distance,8.000,false,7,0.220,14,1.000,0.580,8.000,0.020,0.080,0.900,all,all,100,"300,301,302,303,304,305,306,307,308,309,310,311,312,313,314,315,316,317,318,319,320,321,322,323,324,325,326,327,328,329,330,331,332,333,334,335,336,337,338,339,340,341,342,343,344,345,346,347,348,349,350,351,352,353,354,355,356,357,358,359,360,361,362,363,364,365,366,367,368,369,370,371,372,373,374,375,376,377,378,379,380,381,382,383,384,385,386,387,388,389,390,391,392,393,394,395,396,397,398,399",0.930,0.990,0.930,0.000,59.323,54.684,29.310,26.140,0.906,0.861,0.096,0.762,0.770,0.794,0.031,0.848,0.425,5.415
food_site_max_distance_8p000,food_site_max_distance,8.000,false,7,0.220,14,1.000,0.580,8.000,0.020,0.080,0.900,comparison,successful,93,"300,301,302,303,304,305,306,307,308,309,310,311,312,313,314,315,316,317,318,319,320,321,322,323,324,325,326,327,329,330,331,332,333,334,336,338,339,340,342,343,344,345,346,347,349,350,351,352,353,354,355,357,358,359,360,361,362,363,364,365,366,367,368,369,370,371,372,373,374,375,376,378,379,380,381,382,383,384,385,386,387,388,389,390,391,392,393,394,395,396,397,398,399",1.000,1.000,1.000,0.000,58.430,54.710,28.925,25.656,0.909,0.875,0.096,0.770,0.775,0.806,0.031,0.858,0.427,5.466
food_site_max_distance_8p000,food_site_max_distance,8.000,false,7,0.220,14,1.000,0.580,8.000,0.020,0.080,0.900,comparison,unsuccessful,7,"328,335,337,341,348,356,377",0.000,0.857,0.000,0.000,73.167,54.200,34.429,32.571,0.868,0.671,0.096,0.656,0.705,0.631,0.035,0.714,0.401,4.734
food_site_max_distance_8p000,food_site_max_distance,8.000,false,7,0.220,14,1.000,0.580,8.000,0.020,0.080,0.900,outcome,gravity_without_vertical,6,"328,335,341,348,356,377",0.000,1.000,0.000,0.000,73.167,54.200,36.000,33.667,0.880,0.738,0.097,0.677,0.673,0.692,0.037,0.751,0.404,4.857
food_site_max_distance_8p000,food_site_max_distance,8.000,false,7,0.220,14,1.000,0.580,8.000,0.020,0.080,0.900,outcome,partial_transposition,1,337,0.000,0.000,0.000,0.000,not_reached,not_reached,25.000,26.000,0.796,0.272,0.093,0.531,0.893,0.262,0.029,0.496,0.384,3.993
food_site_max_distance_8p000,food_site_max_distance,8.000,false,7,0.220,14,1.000,0.580,8.000,0.020,0.080,0.900,outcome,success,93,"300,301,302,303,304,305,306,307,308,309,310,311,312,313,314,315,316,317,318,319,320,321,322,323,324,325,326,327,329,330,331,332,333,334,336,338,339,340,342,343,344,345,346,347,349,350,351,352,353,354,355,357,358,359,360,361,362,363,364,365,366,367,368,369,370,371,372,373,374,375,376,378,379,380,381,382,383,384,385,386,387,388,389,390,391,392,393,394,395,396,397,398,399",1.000,1.000,1.000,0.000,58.430,54.710,28.925,25.656,0.909,0.875,0.096,0.770,0.775,0.806,0.031,0.858,0.427,5.466
food_site_max_distance_8p500,food_site_max_distance,8.500,false,7,0.220,14,1.000,0.580,8.500,0.020,0.080,0.900,all,all,100,"300,301,302,303,304,305,306,307,308,309,310,311,312,313,314,315,316,317,318,319,320,321,322,323,324,325,326,327,328,329,330,331,332,333,334,335,336,337,338,339,340,341,342,343,344,345,346,347,348,349,350,351,352,353,354,355,356,357,358,359,360,361,362,363,364,365,366,367,368,369,370,371,372,373,374,375,376,377,378,379,380,381,382,383,384,385,386,387,388,389,390,391,392,393,394,395,396,397,398,399",0.880,0.950,0.890,0.000,57.863,54.358,30.210,28.120,0.899,0.851,0.090,0.783,0.792,0.782,0.028,0.839,0.410,5.104
food_site_max_distance_8p500,food_site_max_distance,8.500,false,7,0.220,14,1.000,0.580,8.500,0.020,0.080,0.900,comparison,successful,88,"300,301,302,303,304,306,307,309,310,311,312,313,314,316,317,318,319,320,321,322,324,325,326,327,328,329,330,331,332,333,335,336,337,338,339,340,341,342,343,345,349,351,352,354,355,356,357,358,359,360,361,362,363,364,365,366,367,368,369,370,371,372,373,374,375,376,377,378,379,380,381,382,383,384,385,386,387,388,389,390,391,392,393,394,395,396,397,399",1.000,1.000,1.000,0.000,57.602,54.114,29.193,27.489,0.912,0.878,0.090,0.783,0.801,0.813,0.026,0.864,0.412,5.199
food_site_max_distance_8p500,food_site_max_distance,8.500,false,7,0.220,14,1.000,0.580,8.500,0.020,0.080,0.900,comparison,unsuccessful,12,"305,308,315,323,334,344,346,347,348,350,353,398",0.000,0.583,0.083,0.000,61.143,57.429,37.667,32.750,0.802,0.656,0.093,0.779,0.726,0.557,0.046,0.654,0.390,4.406
food_site_max_distance_8p500,food_site_max_distance,8.500,false,7,0.220,14,1.000,0.580,8.500,0.020,0.080,0.900,outcome,flat,2,"344,350",0.000,0.000,0.000,0.000,not_reached,not_reached,25.500,28.000,0.659,0.415,0.087,0.778,0.699,0.191,0.032,0.307,0.389,3.747
food_site_max_distance_8p500,food_site_max_distance,8.500,false,7,0.220,14,1.000,0.580,8.500,0.020,0.080,0.900,outcome,gravity_without_vertical,7,"308,315,334,346,347,353,398",0.000,1.000,0.000,0.000,61.143,56.667,33.714,26.714,0.885,0.836,0.093,0.786,0.742,0.762,0.044,0.771,0.394,4.700
food_site_max_distance_8p500,food_site_max_distance,8.500,false,7,0.220,14,1.000,0.580,8.500,0.020,0.080,0.900,outcome,partial_tilt,1,348,0.000,0.000,0.000,0.000,not_reached,not_reached,110.000,102.000,0.560,0.321,0.094,0.755,0.731,0.321,0.031,0.560,0.381,4.017
food_site_max_distance_8p500,food_site_max_distance,8.500,false,7,0.220,14,1.000,0.580,8.500,0.020,0.080,0.900,outcome,partial_transposition,1,305,0.000,0.000,0.000,0.000,not_reached,not_reached,27.000,28.000,0.708,0.487,0.101,0.863,0.688,0.282,0.033,0.470,0.396,4.140
food_site_max_distance_8p500,food_site_max_distance,8.500,false,7,0.220,14,1.000,0.580,8.500,0.020,0.080,0.900,outcome,success,88,"300,301,302,303,304,306,307,309,310,311,312,313,314,316,317,318,319,320,321,322,324,325,326,327,328,329,330,331,332,333,335,336,337,338,339,340,341,342,343,345,349,351,352,354,355,356,357,358,359,360,361,362,363,364,365,366,367,368,369,370,371,372,373,374,375,376,377,378,379,380,381,382,383,384,385,386,387,388,389,390,391,392,393,394,395,396,397,399",1.000,1.000,1.000,0.000,57.602,54.114,29.193,27.489,0.912,0.878,0.090,0.783,0.801,0.813,0.026,0.864,0.412,5.199
food_site_max_distance_8p500,food_site_max_distance,8.500,false,7,0.220,14,1.000,0.580,8.500,0.020,0.080,0.900,outcome,vertical_without_gravity,1,323,0.000,0.000,1.000,0.000,not_reached,62.000,28.000,20.000,0.840,0.379,0.096,0.673,0.696,0.374,0.113,0.803,0.369,4.317
transposition_mutation_correlation_0p700,transposition_mutation_correlation,0.700,false,7,0.220,14,1.000,0.580,7.500,0.020,0.080,0.700,all,all,100,"300,301,302,303,304,305,306,307,308,309,310,311,312,313,314,315,316,317,318,319,320,321,322,323,324,325,326,327,328,329,330,331,332,333,334,335,336,337,338,339,340,341,342,343,344,345,346,347,348,349,350,351,352,353,354,355,356,357,358,359,360,361,362,363,364,365,366,367,368,369,370,371,372,373,374,375,376,377,378,379,380,381,382,383,384,385,386,387,388,389,390,391,392,393,394,395,396,397,398,399",0.960,0.980,0.970,0.000,57.388,52.202,27.960,27.110,0.912,0.837,0.103,0.756,0.761,0.777,0.058,0.857,0.435,5.645
transposition_mutation_correlation_0p700,transposition_mutation_correlation,0.700,false,7,0.220,14,1.000,0.580,7.500,0.020,0.080,0.700,comparison,successful,96,"300,301,302,303,304,306,307,308,309,310,311,312,313,314,315,316,318,319,320,321,322,323,324,325,326,327,328,329,330,331,332,333,334,335,336,337,338,339,340,341,342,343,344,345,346,347,348,349,350,351,352,353,354,355,356,357,358,359,360,361,362,363,364,365,366,367,368,369,370,371,372,373,374,375,376,377,379,380,381,382,383,384,385,386,387,388,389,390,391,392,393,394,396,397,398,399",1.000,1.000,1.000,0.000,57.740,52.760,27.417,27.271,0.914,0.846,0.103,0.757,0.764,0.787,0.057,0.863,0.435,5.667
transposition_mutation_correlation_0p700,transposition_mutation_correlation,0.700,false,7,0.220,14,1.000,0.580,7.500,0.020,0.080,0.700,comparison,unsuccessful,4,"305,317,378,395",0.000,0.500,0.250,0.000,40.500,34.333,41.000,23.250,0.858,0.629,0.102,0.733,0.680,0.542,0.072,0.723,0.424,5.118
transposition_mutation_correlation_0p700,transposition_mutation_correlation,0.700,false,7,0.220,14,1.000,0.580,7.500,0.020,0.080,0.700,outcome,gravity_without_vertical,2,"305,378",0.000,1.000,0.000,0.000,40.500,35.500,23.000,17.000,0.912,0.889,0.103,0.785,0.845,0.750,0.111,0.794,0.446,5.671
transposition_mutation_correlation_0p700,transposition_mutation_correlation,0.700,false,7,0.220,14,1.000,0.580,7.500,0.020,0.080,0.700,outcome,partial_transposition,1,317,0.000,0.000,0.000,0.000,not_reached,not_reached,96.000,44.000,0.693,0.282,0.099,0.837,0.673,0.260,0.040,0.485,0.424,4.556
transposition_mutation_correlation_0p700,transposition_mutation_correlation,0.700,false,7,0.220,14,1.000,0.580,7.500,0.020,0.080,0.700,outcome,success,96,"300,301,302,303,304,306,307,308,309,310,311,312,313,314,315,316,318,319,320,321,322,323,324,325,326,327,328,329,330,331,332,333,334,335,336,337,338,339,340,341,342,343,344,345,346,347,348,349,350,351,352,353,354,355,356,357,358,359,360,361,362,363,364,365,366,367,368,369,370,371,372,373,374,375,376,377,379,380,381,382,383,384,385,386,387,388,389,390,391,392,393,394,396,397,398,399",1.000,1.000,1.000,0.000,57.740,52.760,27.417,27.271,0.914,0.846,0.103,0.757,0.764,0.787,0.057,0.863,0.435,5.667
transposition_mutation_correlation_0p700,transposition_mutation_correlation,0.700,false,7,0.220,14,1.000,0.580,7.500,0.020,0.080,0.700,outcome,vertical_without_gravity,1,395,0.000,0.000,1.000,0.000,not_reached,32.000,22.000,15.000,0.913,0.459,0.105,0.526,0.359,0.408,0.027,0.821,0.380,4.576
transposition_mutation_correlation_0p800,transposition_mutation_correlation,0.800,false,7,0.220,14,1.000,0.580,7.500,0.020,0.080,0.800,all,all,100,"300,301,302,303,304,305,306,307,308,309,310,311,312,313,314,315,316,317,318,319,320,321,322,323,324,325,326,327,328,329,330,331,332,333,334,335,336,337,338,339,340,341,342,343,344,345,346,347,348,349,350,351,352,353,354,355,356,357,358,359,360,361,362,363,364,365,366,367,368,369,370,371,372,373,374,375,376,377,378,379,380,381,382,383,384,385,386,387,388,389,390,391,392,393,394,395,396,397,398,399",0.890,0.990,0.920,0.000,57.263,50.141,28.900,26.850,0.908,0.847,0.103,0.762,0.759,0.769,0.053,0.853,0.435,5.639
transposition_mutation_correlation_0p800,transposition_mutation_correlation,0.800,false,7,0.220,14,1.000,0.580,7.500,0.020,0.080,0.800,comparison,successful,89,"300,301,303,304,306,307,309,310,311,312,313,314,315,316,317,318,319,321,322,323,324,325,326,327,328,329,331,332,333,334,335,336,338,339,340,341,342,343,345,346,347,348,349,350,351,352,353,354,355,356,357,358,359,360,361,362,363,364,365,366,367,368,369,370,371,372,373,374,375,376,377,378,379,380,381,382,384,385,386,387,388,389,391,394,395,396,397,398,399",1.000,1.000,1.000,0.000,56.067,49.079,28.258,26.843,0.913,0.862,0.103,0.771,0.768,0.787,0.049,0.864,0.438,5.700
transposition_mutation_correlation_0p800,transposition_mutation_correlation,0.800,false,7,0.220,14,1.000,0.580,7.500,0.020,0.080,0.800,comparison,unsuccessful,11,"302,305,308,320,330,337,344,383,390,392,393",0.000,0.909,0.273,0.000,67.900,59.600,34.091,26.909,0.872,0.725,0.104,0.690,0.686,0.625,0.092,0.764,0.418,5.141
transposition_mutation_correlation_0p800,transposition_mutation_correlation,0.800,false,7,0.220,14,1.000,0.580,7.500,0.020,0.080,0.800,outcome,flat,1,344,0.000,0.000,0.000,0.000,not_reached,not_reached,49.000,42.000,0.615,0.312,0.103,0.723,0.868,0.211,0.081,0.302,0.429,4.340
transposition_mutation_correlation_0p800,transposition_mutation_correlation,0.800,false,7,0.220,14,1.000,0.580,7.500,0.020,0.080,0.800,outcome,gravity_without_vertical,7,"305,308,320,330,383,392,393",0.000,1.000,0.000,0.000,56.857,62.571,33.286,23.286,0.893,0.868,0.106,0.737,0.789,0.816,0.018,0.781,0.432,5.433
transposition_mutation_correlation_0p800,transposition_mutation_correlation,0.800,false,7,0.220,14,1.000,0.580,7.500,0.020,0.080,0.800,outcome,success,89,"300,301,303,304,306,307,309,310,311,312,313,314,315,316,317,318,319,321,322,323,324,325,326,327,328,329,331,332,333,334,335,336,338,339,340,341,342,343,345,346,347,348,349,350,351,352,353,354,355,356,357,358,359,360,361,362,363,364,365,366,367,368,369,370,371,372,373,374,375,376,377,378,379,380,381,382,384,385,386,387,388,389,391,394,395,396,397,398,399",1.000,1.000,1.000,0.000,56.067,49.079,28.258,26.843,0.913,0.862,0.103,0.771,0.768,0.787,0.049,0.864,0.438,5.700
transposition_mutation_correlation_0p800,transposition_mutation_correlation,0.800,false,7,0.220,14,1.000,0.580,7.500,0.020,0.080,0.800,outcome,vertical_without_gravity,3,"302,337,390",0.000,1.000,1.000,0.000,93.667,52.667,31.000,30.333,0.909,0.530,0.100,0.571,0.384,0.319,0.267,0.877,0.381,4.726
transposition_mutation_correlation_1p000,transposition_mutation_correlation,1.000,false,7,0.220,14,1.000,0.580,7.500,0.020,0.080,1.000,all,all,100,"300,301,302,303,304,305,306,307,308,309,310,311,312,313,314,315,316,317,318,319,320,321,322,323,324,325,326,327,328,329,330,331,332,333,334,335,336,337,338,339,340,341,342,343,344,345,346,347,348,349,350,351,352,353,354,355,356,357,358,359,360,361,362,363,364,365,366,367,368,369,370,371,372,373,374,375,376,377,378,379,380,381,382,383,384,385,386,387,388,389,390,391,392,393,394,395,396,397,398,399",0.890,1.000,0.890,0.000,55.720,52.970,27.700,23.390,0.909,0.886,0.103,0.767,0.778,0.828,0.000,0.856,0.439,5.713
transposition_mutation_correlation_1p000,transposition_mutation_correlation,1.000,false,7,0.220,14,1.000,0.580,7.500,0.020,0.080,1.000,comparison,successful,89,"300,301,302,303,304,306,307,308,309,310,312,313,314,315,316,317,318,319,320,321,322,323,324,325,326,327,328,330,331,332,333,334,335,336,337,339,340,341,342,343,344,345,346,347,348,350,351,352,353,354,355,356,357,359,360,362,363,365,366,367,368,371,372,373,374,376,377,378,379,380,381,382,383,384,385,386,387,388,389,390,391,392,393,394,395,396,397,398,399",1.000,1.000,1.000,0.000,55.146,53.247,27.449,23.124,0.910,0.890,0.103,0.776,0.780,0.833,0.000,0.866,0.441,5.772
transposition_mutation_correlation_1p000,transposition_mutation_correlation,1.000,false,7,0.220,14,1.000,0.580,7.500,0.020,0.080,1.000,comparison,unsuccessful,11,"305,311,329,338,349,358,361,364,369,370,375",0.000,1.000,0.000,0.000,60.364,50.727,29.727,25.545,0.896,0.854,0.104,0.694,0.761,0.782,0.000,0.775,0.421,5.239
transposition_mutation_correlation_1p000,transposition_mutation_correlation,1.000,false,7,0.220,14,1.000,0.580,7.500,0.020,0.080,1.000,outcome,gravity_without_vertical,11,"305,311,329,338,349,358,361,364,369,370,375",0.000,1.000,0.000,0.000,60.364,50.727,29.727,25.545,0.896,0.854,0.104,0.694,0.761,0.782,0.000,0.775,0.421,5.239
transposition_mutation_correlation_1p000,transposition_mutation_correlation,1.000,false,7,0.220,14,1.000,0.580,7.500,0.020,0.080,1.000,outcome,success,89,"300,301,302,303,304,306,307,308,309,310,312,313,314,315,316,317,318,319,320,321,322,323,324,325,326,327,328,330,331,332,333,334,335,336,337,339,340,341,342,343,344,345,346,347,348,350,351,352,353,354,355,356,357,359,360,362,363,365,366,367,368,371,372,373,374,376,377,378,379,380,381,382,383,384,385,386,387,388,389,390,391,392,393,394,395,396,397,398,399",1.000,1.000,1.000,0.000,55.146,53.247,27.449,23.124,0.910,0.890,0.103,0.776,0.780,0.833,0.000,0.866,0.441,5.772
mutation_sd_0p050,mutation_sd,0.050,false,7,0.220,14,1.000,0.580,7.500,0.020,0.050,0.900,all,all,100,"300,301,302,303,304,305,306,307,308,309,310,311,312,313,314,315,316,317,318,319,320,321,322,323,324,325,326,327,328,329,330,331,332,333,334,335,336,337,338,339,340,341,342,343,344,345,346,347,348,349,350,351,352,353,354,355,356,357,358,359,360,361,362,363,364,365,366,367,368,369,370,371,372,373,374,375,376,377,378,379,380,381,382,383,384,385,386,387,388,389,390,391,392,393,394,395,396,397,398,399",0.580,0.610,0.770,0.000,83.525,72.188,47.490,55.464,0.861,0.620,0.103,0.645,0.611,0.568,0.051,0.800,0.424,5.280
mutation_sd_0p050,mutation_sd,0.050,false,7,0.220,14,1.000,0.580,7.500,0.020,0.050,0.900,comparison,successful,58,"300,302,304,305,306,309,310,311,314,316,318,319,322,323,324,325,327,330,331,332,333,334,338,340,341,345,347,350,351,354,355,356,358,359,360,363,365,368,369,371,372,374,375,376,377,378,379,381,387,388,389,392,393,394,395,396,397,399",1.000,1.000,1.000,0.000,83.069,71.069,42.431,51.310,0.918,0.796,0.104,0.694,0.658,0.762,0.058,0.877,0.438,5.713
mutation_sd_0p050,mutation_sd,0.050,false,7,0.220,14,1.000,0.580,7.500,0.020,0.050,0.900,comparison,unsuccessful,42,"301,303,307,308,312,313,315,317,320,321,326,328,329,335,336,337,339,342,343,344,346,348,349,352,353,357,361,362,364,366,367,370,373,380,382,383,384,385,386,390,391,398",0.000,0.071,0.452,0.000,92.333,74.593,55.211,61.641,0.782,0.377,0.103,0.578,0.548,0.299,0.043,0.694,0.405,4.681
mutation_sd_0p050,mutation_sd,0.050,false,7,0.220,14,1.000,0.580,7.500,0.020,0.050,0.900,outcome,flat,8,"301,308,312,352,366,367,370,384",0.000,0.000,0.000,0.000,not_reached,not_reached,77.750,53.667,0.536,0.283,0.102,0.841,0.827,0.154,0.023,0.353,0.458,4.757
mutation_sd_0p050,mutation_sd,0.050,false,7,0.220,14,1.000,0.580,7.500,0.020,0.050,0.900,outcome,gravity_without_vertical,3,"328,362,373",0.000,1.000,0.000,0.000,92.333,70.000,36.000,47.000,0.893,0.681,0.106,0.386,0.639,0.658,0.032,0.696,0.407,4.782
mutation_sd_0p050,mutation_sd,0.050,false,7,0.220,14,1.000,0.580,7.500,0.020,0.050,0.900,outcome,partial_tilt,12,"303,307,313,317,336,337,342,344,346,361,380,386",0.000,0.000,0.000,0.000,not_reached,79.600,68.417,72.455,0.722,0.374,0.103,0.611,0.660,0.298,0.047,0.637,0.405,4.595
mutation_sd_0p050,mutation_sd,0.050,false,7,0.220,14,1.000,0.580,7.500,0.020,0.050,0.900,outcome,success,58,"300,302,304,305,306,309,310,311,314,316,318,319,322,323,324,325,327,330,331,332,333,334,338,340,341,345,347,350,351,354,355,356,358,359,360,363,365,368,369,371,372,374,375,376,377,378,379,381,387,388,389,392,393,394,395,396,397,399",1.000,1.000,1.000,0.000,83.069,71.069,42.431,51.310,0.918,0.796,0.104,0.694,0.658,0.762,0.058,0.877,0.438,5.713
mutation_sd_0p050,mutation_sd,0.050,false,7,0.220,14,1.000,0.580,7.500,0.020,0.050,0.900,outcome,vertical_without_gravity,19,"315,320,321,326,329,335,339,343,348,349,353,357,364,382,383,385,390,391,398",0.000,0.000,1.000,0.000,not_reached,74.000,45.158,60.211,0.906,0.371,0.103,0.477,0.345,0.305,0.050,0.873,0.382,4.687
mutation_sd_0p070,mutation_sd,0.070,false,7,0.220,14,1.000,0.580,7.500,0.020,0.070,0.900,all,all,100,"300,301,302,303,304,305,306,307,308,309,310,311,312,313,314,315,316,317,318,319,320,321,322,323,324,325,326,327,328,329,330,331,332,333,334,335,336,337,338,339,340,341,342,343,344,345,346,347,348,349,350,351,352,353,354,355,356,357,358,359,360,361,362,363,364,365,366,367,368,369,370,371,372,373,374,375,376,377,378,379,380,381,382,383,384,385,386,387,388,389,390,391,392,393,394,395,396,397,398,399",0.850,0.920,0.860,0.000,64.000,52.106,33.337,33.840,0.895,0.826,0.103,0.761,0.762,0.761,0.029,0.833,0.439,5.642
mutation_sd_0p070,mutation_sd,0.070,false,7,0.220,14,1.000,0.580,7.500,0.020,0.070,0.900,comparison,successful,85,"301,302,303,306,307,309,310,311,312,313,314,315,316,318,319,320,322,323,325,326,327,328,329,331,332,333,334,335,337,338,339,341,342,343,345,346,347,348,349,350,351,352,353,354,355,356,357,358,359,360,361,362,363,364,365,366,367,368,369,370,371,372,373,375,376,377,378,379,380,383,384,386,387,388,389,390,391,392,393,394,395,396,397,398,399",1.000,1.000,1.000,0.000,63.800,52.400,32.741,34.224,0.915,0.869,0.103,0.777,0.774,0.805,0.030,0.862,0.442,5.774
mutation_sd_0p070,mutation_sd,0.070,false,7,0.220,14,1.000,0.580,7.500,0.020,0.070,0.900,comparison,unsuccessful,15,"300,304,305,308,317,321,324,330,336,340,344,374,381,382,385",0.000,0.467,0.067,0.000,66.429,49.333,37.231,31.667,0.783,0.577,0.103,0.669,0.698,0.512,0.022,0.663,0.418,4.894
mutation_sd_0p070,mutation_sd,0.070,false,7,0.220,14,1.000,0.580,7.500,0.020,0.070,0.900,outcome,flat,2,"340,382",0.000,0.000,0.000,0.000,not_reached,not_reached,37.000,54.500,0.472,0.276,0.106,0.803,0.724,0.217,0.014,0.355,0.448,4.614
mutation_sd_0p070,mutation_sd,0.070,false,7,0.220,14,1.000,0.580,7.500,0.020,0.070,0.900,outcome,gravity_without_vertical,7,"300,304,305,321,344,374,381",0.000,1.000,0.000,0.000,66.429,55.000,41.714,27.429,0.887,0.853,0.106,0.696,0.754,0.765,0.018,0.769,0.429,5.326
mutation_sd_0p070,mutation_sd,0.070,false,7,0.220,14,1.000,0.580,7.500,0.020,0.070,0.900,outcome,partial_tilt,3,"308,330,385",0.000,0.000,0.000,0.000,not_reached,39.000,33.667,36.333,0.812,0.341,0.105,0.569,0.711,0.287,0.026,0.673,0.391,4.490
mutation_sd_0p070,mutation_sd,0.070,false,7,0.220,14,1.000,0.580,7.500,0.020,0.070,0.900,outcome,partial_transposition,2,"317,324",0.000,0.000,0.000,0.000,not_reached,not_reached,25.000,21.500,0.618,0.346,0.096,0.755,0.697,0.309,0.039,0.475,0.418,4.489
mutation_sd_0p070,mutation_sd,0.070,false,7,0.220,14,1.000,0.580,7.500,0.020,0.070,0.900,outcome,success,85,"301,302,303,306,307,309,310,311,312,313,314,315,316,318,319,320,322,323,325,326,327,328,329,331,332,333,334,335,337,338,339,341,342,343,345,346,347,348,349,350,351,352,353,354,355,356,357,358,359,360,361,362,363,364,365,366,367,368,369,370,371,372,373,375,376,377,378,379,380,383,384,386,387,388,389,390,391,392,393,394,395,396,397,398,399",1.000,1.000,1.000,0.000,63.800,52.400,32.741,34.224,0.915,0.869,0.103,0.777,0.774,0.805,0.030,0.862,0.442,5.774
mutation_sd_0p070,mutation_sd,0.070,false,7,0.220,14,1.000,0.580,7.500,0.020,0.070,0.900,outcome,vertical_without_gravity,1,336,0.000,0.000,1.000,0.000,not_reached,36.000,29.000,22.000,0.917,0.428,0.096,0.344,0.212,0.406,0.023,0.876,0.362,4.445
mutation_sd_0p090,mutation_sd,0.090,false,7,0.220,14,1.000,0.580,7.500,0.020,0.090,0.900,all,all,100,"300,301,302,303,304,305,306,307,308,309,310,311,312,313,314,315,316,317,318,319,320,321,322,323,324,325,326,327,328,329,330,331,332,333,334,335,336,337,338,339,340,341,342,343,344,345,346,347,348,349,350,351,352,353,354,355,356,357,358,359,360,361,362,363,364,365,366,367,368,369,370,371,372,373,374,375,376,377,378,379,380,381,382,383,384,385,386,387,388,389,390,391,392,393,394,395,396,397,398,399",0.920,1.000,0.920,0.000,45.740,44.880,21.970,20.750,0.906,0.870,0.103,0.762,0.761,0.785,0.038,0.849,0.429,5.541
mutation_sd_0p090,mutation_sd,0.090,false,7,0.220,14,1.000,0.580,7.500,0.020,0.090,0.900,comparison,successful,92,"300,301,302,303,304,305,307,308,309,310,311,312,313,314,315,316,317,318,319,320,321,322,323,324,325,326,327,329,330,331,332,333,335,336,337,339,340,342,343,344,346,347,348,349,350,351,352,353,354,355,356,357,358,359,360,361,362,363,364,365,366,367,368,369,370,371,372,374,375,376,377,378,379,380,381,382,383,384,385,386,387,388,390,391,392,393,394,395,396,397,398,399",1.000,1.000,1.000,0.000,44.348,43.696,21.815,21.196,0.908,0.871,0.103,0.764,0.763,0.790,0.036,0.854,0.430,5.567
mutation_sd_0p090,mutation_sd,0.090,false,7,0.220,14,1.000,0.580,7.500,0.020,0.090,0.900,comparison,unsuccessful,8,"306,328,334,338,341,345,373,389",0.000,1.000,0.000,0.000,61.750,58.500,23.750,15.625,0.889,0.851,0.104,0.735,0.747,0.720,0.059,0.785,0.420,5.242
mutation_sd_0p090,mutation_sd,0.090,false,7,0.220,14,1.000,0.580,7.500,0.020,0.090,0.900,outcome,gravity_without_vertical,8,"306,328,334,338,341,345,373,389",0.000,1.000,0.000,0.000,61.750,58.500,23.750,15.625,0.889,0.851,0.104,0.735,0.747,0.720,0.059,0.785,0.420,5.242
mutation_sd_0p090,mutation_sd,0.090,false,7,0.220,14,1.000,0.580,7.500,0.020,0.090,0.900,outcome,success,92,"300,301,302,303,304,305,307,308,309,310,311,312,313,314,315,316,317,318,319,320,321,322,323,324,325,326,327,329,330,331,332,333,335,336,337,339,340,342,343,344,346,347,348,349,350,351,352,353,354,355,356,357,358,359,360,361,362,363,364,365,366,367,368,369,370,371,372,374,375,376,377,378,379,380,381,382,383,384,385,386,387,388,390,391,392,393,394,395,396,397,398,399",1.000,1.000,1.000,0.000,44.348,43.696,21.815,21.196,0.908,0.871,0.103,0.764,0.763,0.790,0.036,0.854,0.430,5.567
mutation_sd_0p110,mutation_sd,0.110,false,7,0.220,14,1.000,0.580,7.500,0.020,0.110,0.900,all,all,100,"300,301,302,303,304,305,306,307,308,309,310,311,312,313,314,315,316,317,318,319,320,321,322,323,324,325,326,327,328,329,330,331,332,333,334,335,336,337,338,339,340,341,342,343,344,345,346,347,348,349,350,351,352,353,354,355,356,357,358,359,360,361,362,363,364,365,366,367,368,369,370,371,372,373,374,375,376,377,378,379,380,381,382,383,384,385,386,387,388,389,390,391,392,393,394,395,396,397,398,399",0.740,1.000,0.740,0.000,34.770,37.790,18.300,14.690,0.892,0.866,0.103,0.739,0.738,0.765,0.030,0.822,0.416,5.266
mutation_sd_0p110,mutation_sd,0.110,false,7,0.220,14,1.000,0.580,7.500,0.020,0.110,0.900,comparison,successful,74,"300,301,302,303,304,305,306,307,309,311,312,313,315,316,317,318,322,324,325,326,327,328,329,330,331,332,334,336,340,341,342,344,345,347,348,349,350,351,352,354,355,356,358,359,360,361,362,364,367,368,369,370,371,372,374,375,376,377,378,380,381,382,383,384,386,388,390,391,393,395,396,397,398,399",1.000,1.000,1.000,0.000,34.365,37.365,18.608,14.703,0.895,0.867,0.103,0.746,0.747,0.774,0.029,0.840,0.417,5.336
mutation_sd_0p110,mutation_sd,0.110,false,7,0.220,14,1.000,0.580,7.500,0.020,0.110,0.900,comparison,unsuccessful,26,"308,310,314,319,320,321,323,333,335,337,338,339,343,346,353,357,363,365,366,373,379,385,387,389,392,394",0.000,1.000,0.000,0.000,35.923,39.000,17.423,14.654,0.885,0.862,0.104,0.720,0.714,0.739,0.031,0.771,0.411,5.068
mutation_sd_0p110,mutation_sd,0.110,false,7,0.220,14,1.000,0.580,7.500,0.020,0.110,0.900,outcome,gravity_without_vertical,26,"308,310,314,319,320,321,323,333,335,337,338,339,343,346,353,357,363,365,366,373,379,385,387,389,392,394",0.000,1.000,0.000,0.000,35.923,39.000,17.423,14.654,0.885,0.862,0.104,0.720,0.714,0.739,0.031,0.771,0.411,5.068
mutation_sd_0p110,mutation_sd,0.110,false,7,0.220,14,1.000,0.580,7.500,0.020,0.110,0.900,outcome,success,74,"300,301,302,303,304,305,306,307,309,311,312,313,315,316,317,318,322,324,325,326,327,328,329,330,331,332,334,336,340,341,342,344,345,347,348,349,350,351,352,354,355,356,358,359,360,361,362,364,367,368,369,370,371,372,374,375,376,377,378,380,381,382,383,384,386,388,390,391,393,395,396,397,398,399",1.000,1.000,1.000,0.000,34.365,37.365,18.608,14.703,0.895,0.867,0.103,0.746,0.747,0.774,0.029,0.840,0.417,5.336
food_site_width_0p180,food_site_width,0.180,false,7,0.180,14,1.000,0.580,7.500,0.020,0.080,0.900,all,all,100,"300,301,302,303,304,305,306,307,308,309,310,311,312,313,314,315,316,317,318,319,320,321,322,323,324,325,326,327,328,329,330,331,332,333,334,335,336,337,338,339,340,341,342,343,344,345,346,347,348,349,350,351,352,353,354,355,356,357,358,359,360,361,362,363,364,365,366,367,368,369,370,371,372,373,374,375,376,377,378,379,380,381,382,383,384,385,386,387,388,389,390,391,392,393,394,395,396,397,398,399",0.900,0.950,0.900,0.000,53.232,52.400,29.768,26.850,0.891,0.847,0.085,0.764,0.786,0.777,0.032,0.830,0.372,4.390
food_site_width_0p180,food_site_width,0.180,false,7,0.180,14,1.000,0.580,7.500,0.020,0.080,0.900,comparison,successful,90,"300,301,302,303,304,305,306,307,310,311,312,314,315,316,317,318,319,320,321,322,323,324,325,326,327,328,329,330,331,332,333,334,335,336,337,338,339,340,341,342,343,344,345,346,347,348,349,350,351,352,353,354,355,356,357,358,359,360,362,363,364,365,366,368,369,370,372,373,374,375,376,377,378,379,380,381,382,383,384,385,386,387,388,389,390,395,396,397,398,399",1.000,1.000,1.000,0.000,53.300,52.956,28.400,27.144,0.909,0.875,0.085,0.764,0.784,0.811,0.030,0.861,0.373,4.461
food_site_width_0p180,food_site_width,0.180,false,7,0.180,14,1.000,0.580,7.500,0.020,0.080,0.900,comparison,unsuccessful,10,"308,309,313,361,367,371,391,392,393,394",0.000,0.500,0.000,0.000,52.000,42.400,43.444,24.200,0.725,0.590,0.086,0.767,0.810,0.470,0.050,0.548,0.365,3.759
food_site_width_0p180,food_site_width,0.180,false,7,0.180,14,1.000,0.580,7.500,0.020,0.080,0.900,outcome,flat,4,"308,313,361,367",0.000,0.000,0.000,0.000,not_reached,not_reached,60.333,23.000,0.542,0.332,0.087,0.766,0.775,0.185,0.065,0.337,0.365,3.395
food_site_width_0p180,food_site_width,0.180,false,7,0.180,14,1.000,0.580,7.500,0.020,0.080,0.900,outcome,gravity_without_vertical,5,"371,391,392,393,394",0.000,1.000,0.000,0.000,52.000,42.400,20.400,23.600,0.916,0.826,0.084,0.760,0.844,0.742,0.047,0.774,0.360,4.080
food_site_width_0p180,food_site_width,0.180,false,7,0.180,14,1.000,0.580,7.500,0.020,0.080,0.900,outcome,partial_transposition,1,309,0.000,0.000,0.000,0.000,not_reached,not_reached,108.000,32.000,0.501,0.441,0.086,0.812,0.784,0.250,0.001,0.258,0.390,3.608
food_site_width_0p180,food_site_width,0.180,false,7,0.180,14,1.000,0.580,7.500,0.020,0.080,0.900,outcome,success,90,"300,301,302,303,304,305,306,307,310,311,312,314,315,316,317,318,319,320,321,322,323,324,325,326,327,328,329,330,331,332,333,334,335,336,337,338,339,340,341,342,343,344,345,346,347,348,349,350,351,352,353,354,355,356,357,358,359,360,362,363,364,365,366,368,369,370,372,373,374,375,376,377,378,379,380,381,382,383,384,385,386,387,388,389,390,395,396,397,398,399",1.000,1.000,1.000,0.000,53.300,52.956,28.400,27.144,0.909,0.875,0.085,0.764,0.784,0.811,0.030,0.861,0.373,4.461
food_site_width_0p190,food_site_width,0.190,false,7,0.190,14,1.000,0.580,7.500,0.020,0.080,0.900,all,all,100,"300,301,302,303,304,305,306,307,308,309,310,311,312,313,314,315,316,317,318,319,320,321,322,323,324,325,326,327,328,329,330,331,332,333,334,335,336,337,338,339,340,341,342,343,344,345,346,347,348,349,350,351,352,353,354,355,356,357,358,359,360,361,362,363,364,365,366,367,368,369,370,371,372,373,374,375,376,377,378,379,380,381,382,383,384,385,386,387,388,389,390,391,392,393,394,395,396,397,398,399",0.940,1.000,0.940,0.000,58.520,55.253,28.920,27.290,0.908,0.860,0.090,0.763,0.771,0.792,0.031,0.852,0.387,4.735
food_site_width_0p190,food_site_width,0.190,false,7,0.190,14,1.000,0.580,7.500,0.020,0.080,0.900,comparison,successful,94,"300,301,302,303,304,305,306,307,308,309,310,311,312,313,314,315,316,317,318,319,320,321,322,323,324,325,326,327,328,330,331,332,333,334,335,336,337,338,339,340,341,342,343,344,345,346,347,348,350,351,352,353,354,355,356,357,358,360,362,363,364,365,366,367,368,369,370,371,372,373,374,375,376,377,378,380,381,382,383,384,385,386,387,388,389,390,391,392,393,395,396,397,398,399",1.000,1.000,1.000,0.000,57.021,54.904,29.043,27.809,0.909,0.869,0.090,0.769,0.776,0.800,0.032,0.860,0.388,4.764
food_site_width_0p190,food_site_width,0.190,false,7,0.190,14,1.000,0.580,7.500,0.020,0.080,0.900,comparison,unsuccessful,6,"329,349,359,361,379,394",0.000,1.000,0.000,0.000,82.000,61.800,27.000,19.167,0.877,0.721,0.088,0.672,0.690,0.669,0.021,0.723,0.376,4.279
food_site_width_0p190,food_site_width,0.190,false,7,0.190,14,1.000,0.580,7.500,0.020,0.080,0.900,outcome,gravity_without_vertical,6,"329,349,359,361,379,394",0.000,1.000,0.000,0.000,82.000,61.800,27.000,19.167,0.877,0.721,0.088,0.672,0.690,0.669,0.021,0.723,0.376,4.279
food_site_width_0p190,food_site_width,0.190,false,7,0.190,14,1.000,0.580,7.500,0.020,0.080,0.900,outcome,success,94,"300,301,302,303,304,305,306,307,308,309,310,311,312,313,314,315,316,317,318,319,320,321,322,323,324,325,326,327,328,330,331,332,333,334,335,336,337,338,339,340,341,342,343,344,345,346,347,348,350,351,352,353,354,355,356,357,358,360,362,363,364,365,366,367,368,369,370,371,372,373,374,375,376,377,378,380,381,382,383,384,385,386,387,388,389,390,391,392,393,395,396,397,398,399",1.000,1.000,1.000,0.000,57.021,54.904,29.043,27.809,0.909,0.869,0.090,0.769,0.776,0.800,0.032,0.860,0.388,4.764
food_site_width_0p250,food_site_width,0.250,false,7,0.250,14,1.000,0.580,7.500,0.020,0.080,0.900,all,all,100,"300,301,302,303,304,305,306,307,308,309,310,311,312,313,314,315,316,317,318,319,320,321,322,323,324,325,326,327,328,329,330,331,332,333,334,335,336,337,338,339,340,341,342,343,344,345,346,347,348,349,350,351,352,353,354,355,356,357,358,359,360,361,362,363,364,365,366,367,368,369,370,371,372,373,374,375,376,377,378,379,380,381,382,383,384,385,386,387,388,389,390,391,392,393,394,395,396,397,398,399",0.950,0.990,0.950,0.000,54.667,48.535,26.180,25.270,0.906,0.858,0.117,0.752,0.768,0.789,0.032,0.854,0.481,6.516
food_site_width_0p250,food_site_width,0.250,false,7,0.250,14,1.000,0.580,7.500,0.020,0.080,0.900,comparison,successful,95,"300,301,302,303,304,305,306,307,308,309,310,311,312,313,315,316,317,318,319,320,321,322,323,324,325,326,327,328,329,330,332,333,334,335,336,337,338,340,341,342,343,344,345,346,347,348,350,351,352,353,354,355,356,357,358,359,360,361,362,363,364,365,366,368,369,370,371,372,373,374,375,376,377,378,379,380,381,382,383,384,385,386,387,388,389,390,391,392,393,394,395,396,397,398,399",1.000,1.000,1.000,0.000,54.042,48.800,26.074,25.432,0.910,0.866,0.117,0.754,0.766,0.798,0.031,0.862,0.482,6.553
food_site_width_0p250,food_site_width,0.250,false,7,0.250,14,1.000,0.580,7.500,0.020,0.080,0.900,comparison,unsuccessful,5,"314,331,339,349,367",0.000,0.800,0.000,0.000,69.500,42.250,28.200,22.200,0.828,0.713,0.117,0.707,0.804,0.611,0.037,0.699,0.462,5.819
food_site_width_0p250,food_site_width,0.250,false,7,0.250,14,1.000,0.580,7.500,0.020,0.080,0.900,outcome,flat,1,339,0.000,0.000,0.000,0.000,not_reached,not_reached,42.000,22.000,0.558,0.354,0.109,0.817,0.833,0.148,0.041,0.390,0.463,5.046
food_site_width_0p250,food_site_width,0.250,false,7,0.250,14,1.000,0.580,7.500,0.020,0.080,0.900,outcome,gravity_without_vertical,4,"314,331,349,367",0.000,1.000,0.000,0.000,69.500,42.250,24.750,22.250,0.896,0.802,0.119,0.680,0.796,0.727,0.036,0.776,0.462,6.012
food_site_width_0p250,food_site_width,0.250,false,7,0.250,14,1.000,0.580,7.500,0.020,0.080,0.900,outcome,success,95,"300,301,302,303,304,305,306,307,308,309,310,311,312,313,315,316,317,318,319,320,321,322,323,324,325,326,327,328,329,330,332,333,334,335,336,337,338,340,341,342,343,344,345,346,347,348,350,351,352,353,354,355,356,357,358,359,360,361,362,363,364,365,366,368,369,370,371,372,373,374,375,376,377,378,379,380,381,382,383,384,385,386,387,388,389,390,391,392,393,394,395,396,397,398,399",1.000,1.000,1.000,0.000,54.042,48.800,26.074,25.432,0.910,0.866,0.117,0.754,0.766,0.798,0.031,0.862,0.482,6.553
food_site_width_0p290,food_site_width,0.290,false,7,0.290,14,1.000,0.580,7.500,0.020,0.080,0.900,all,all,100,"300,301,302,303,304,305,306,307,308,309,310,311,312,313,314,315,316,317,318,319,320,321,322,323,324,325,326,327,328,329,330,331,332,333,334,335,336,337,338,339,340,341,342,343,344,345,346,347,348,349,350,351,352,353,354,355,356,357,358,359,360,361,362,363,364,365,366,367,368,369,370,371,372,373,374,375,376,377,378,379,380,381,382,383,384,385,386,387,388,389,390,391,392,393,394,395,396,397,398,399",0.970,1.000,0.970,0.000,56.470,49.110,25.710,26.890,0.911,0.872,0.134,0.771,0.774,0.804,0.034,0.860,0.542,7.709
food_site_width_0p290,food_site_width,0.290,false,7,0.290,14,1.000,0.580,7.500,0.020,0.080,0.900,comparison,successful,97,"300,301,302,303,304,305,306,307,308,309,310,311,312,313,314,315,316,317,318,319,320,321,322,323,324,325,326,327,328,329,330,331,332,333,334,335,336,337,338,339,341,342,343,344,345,346,347,348,349,350,351,352,353,354,355,356,357,358,359,360,361,362,363,364,365,366,367,368,369,370,371,372,373,374,375,376,378,379,380,381,383,384,385,386,387,388,389,390,391,392,393,394,395,396,397,398,399",1.000,1.000,1.000,0.000,56.155,48.979,25.711,27.010,0.911,0.872,0.134,0.772,0.775,0.804,0.034,0.862,0.542,7.715
food_site_width_0p290,food_site_width,0.290,false,7,0.290,14,1.000,0.580,7.500,0.020,0.080,0.900,comparison,unsuccessful,3,"340,377,382",0.000,1.000,0.000,0.000,66.667,53.333,25.667,23.000,0.911,0.870,0.135,0.746,0.764,0.806,0.018,0.782,0.546,7.530
food_site_width_0p290,food_site_width,0.290,false,7,0.290,14,1.000,0.580,7.500,0.020,0.080,0.900,outcome,gravity_without_vertical,3,"340,377,382",0.000,1.000,0.000,0.000,66.667,53.333,25.667,23.000,0.911,0.870,0.135,0.746,0.764,0.806,0.018,0.782,0.546,7.530
food_site_width_0p290,food_site_width,0.290,false,7,0.290,14,1.000,0.580,7.500,0.020,0.080,0.900,outcome,success,97,"300,301,302,303,304,305,306,307,308,309,310,311,312,313,314,315,316,317,318,319,320,321,322,323,324,325,326,327,328,329,330,331,332,333,334,335,336,337,338,339,341,342,343,344,345,346,347,348,349,350,351,352,353,354,355,356,357,358,359,360,361,362,363,364,365,366,367,368,369,370,371,372,373,374,375,376,378,379,380,381,383,384,385,386,387,388,389,390,391,392,393,394,395,396,397,398,399",1.000,1.000,1.000,0.000,56.155,48.979,25.711,27.010,0.911,0.872,0.134,0.772,0.775,0.804,0.034,0.862,0.542,7.715
food_site_count_5,food_site_count,5,false,5,0.220,14,1.000,0.580,7.500,0.020,0.080,0.900,all,all,100,"300,301,302,303,304,305,306,307,308,309,310,311,312,313,314,315,316,317,318,319,320,321,322,323,324,325,326,327,328,329,330,331,332,333,334,335,336,337,338,339,340,341,342,343,344,345,346,347,348,349,350,351,352,353,354,355,356,357,358,359,360,361,362,363,364,365,366,367,368,369,370,371,372,373,374,375,376,377,378,379,380,381,382,383,384,385,386,387,388,389,390,391,392,393,394,395,396,397,398,399",0.710,0.760,0.710,0.000,56.197,57.329,34.628,31.293,0.804,0.748,0.076,0.798,0.811,0.670,0.028,0.715,0.365,4.058
food_site_count_5,food_site_count,5,false,5,0.220,14,1.000,0.580,7.500,0.020,0.080,0.900,comparison,successful,71,"300,301,303,306,307,313,315,317,318,319,320,321,322,323,324,325,326,327,328,329,330,331,332,333,335,336,337,338,339,341,343,344,345,348,351,352,353,354,356,357,358,360,361,362,363,364,365,366,367,368,370,371,372,373,374,376,378,379,380,382,383,386,387,388,389,390,392,395,397,398,399",1.000,1.000,1.000,0.000,54.197,57.817,33.028,26.352,0.915,0.895,0.076,0.797,0.814,0.829,0.028,0.871,0.365,4.337
food_site_count_5,food_site_count,5,false,5,0.220,14,1.000,0.580,7.500,0.020,0.080,0.900,comparison,unsuccessful,29,"302,304,305,308,309,310,311,312,314,316,334,340,342,346,347,349,350,355,359,369,375,377,381,384,385,391,393,394,396",0.000,0.172,0.000,0.000,84.600,40.000,42.200,43.821,0.532,0.387,0.077,0.799,0.804,0.280,0.028,0.331,0.364,3.375
food_site_count_5,food_site_count,5,false,5,0.220,14,1.000,0.580,7.500,0.020,0.080,0.900,outcome,flat,21,"302,304,305,308,309,310,311,312,314,342,346,347,349,350,355,359,369,377,381,391,394",0.000,0.000,0.000,0.000,not_reached,not_reached,33.778,38.250,0.485,0.312,0.076,0.787,0.809,0.175,0.029,0.258,0.366,3.280
food_site_count_5,food_site_count,5,false,5,0.220,14,1.000,0.580,7.500,0.020,0.080,0.900,outcome,gravity_without_vertical,5,"316,334,375,385,393",0.000,1.000,0.000,0.000,84.600,40.000,62.000,52.800,0.736,0.723,0.078,0.826,0.795,0.713,0.013,0.685,0.361,3.943
food_site_count_5,food_site_count,5,false,5,0.220,14,1.000,0.580,7.500,0.020,0.080,0.900,outcome,partial_transposition,3,"340,384,396",0.000,0.000,0.000,0.000,not_reached,not_reached,19.000,66.000,0.524,0.348,0.079,0.832,0.779,0.297,0.038,0.253,0.350,3.092
food_site_count_5,food_site_count,5,false,5,0.220,14,1.000,0.580,7.500,0.020,0.080,0.900,outcome,success,71,"300,301,303,306,307,313,315,317,318,319,320,321,322,323,324,325,326,327,328,329,330,331,332,333,335,336,337,338,339,341,343,344,345,348,351,352,353,354,356,357,358,360,361,362,363,364,365,366,367,368,370,371,372,373,374,376,378,379,380,382,383,386,387,388,389,390,392,395,397,398,399",1.000,1.000,1.000,0.000,54.197,57.817,33.028,26.352,0.915,0.895,0.076,0.797,0.814,0.829,0.028,0.871,0.365,4.337
food_site_count_6,food_site_count,6,false,6,0.220,14,1.000,0.580,7.500,0.020,0.080,0.900,all,all,100,"300,301,302,303,304,305,306,307,308,309,310,311,312,313,314,315,316,317,318,319,320,321,322,323,324,325,326,327,328,329,330,331,332,333,334,335,336,337,338,339,340,341,342,343,344,345,346,347,348,349,350,351,352,353,354,355,356,357,358,359,360,361,362,363,364,365,366,367,368,369,370,371,372,373,374,375,376,377,378,379,380,381,382,383,384,385,386,387,388,389,390,391,392,393,394,395,396,397,398,399",0.880,0.910,0.880,0.000,53.220,52.889,30.673,25.650,0.879,0.829,0.090,0.775,0.801,0.761,0.030,0.815,0.404,4.958
food_site_count_6,food_site_count,6,false,6,0.220,14,1.000,0.580,7.500,0.020,0.080,0.900,comparison,successful,88,"300,301,302,303,304,305,306,307,309,310,311,313,314,315,316,317,318,319,320,321,322,323,324,325,326,327,328,329,330,331,332,333,334,335,336,337,338,339,340,342,343,345,346,347,348,349,351,352,353,354,355,356,357,359,360,361,362,363,364,365,366,367,368,369,370,371,372,373,375,376,377,378,379,381,382,383,385,386,387,388,389,390,391,392,395,396,397,399",1.000,1.000,1.000,0.000,52.557,52.693,28.943,24.420,0.911,0.879,0.090,0.778,0.805,0.817,0.030,0.864,0.405,5.082
food_site_count_6,food_site_count,6,false,6,0.220,14,1.000,0.580,7.500,0.020,0.080,0.900,comparison,unsuccessful,12,"308,312,341,344,350,358,374,380,384,393,394,398",0.000,0.250,0.000,0.000,72.667,61.500,45.900,34.667,0.646,0.460,0.091,0.751,0.768,0.353,0.033,0.452,0.394,4.053
food_site_count_6,food_site_count,6,false,6,0.220,14,1.000,0.580,7.500,0.020,0.080,0.900,outcome,flat,6,"308,344,350,380,393,394",0.000,0.000,0.000,0.000,not_reached,not_reached,29.000,32.167,0.569,0.341,0.092,0.770,0.786,0.182,0.044,0.343,0.399,3.907
food_site_count_6,food_site_count,6,false,6,0.220,14,1.000,0.580,7.500,0.020,0.080,0.900,outcome,gravity_without_vertical,3,"341,374,398",0.000,1.000,0.000,0.000,72.667,61.500,40.000,28.000,0.870,0.837,0.092,0.786,0.733,0.796,0.027,0.779,0.387,4.596
food_site_count_6,food_site_count,6,false,6,0.220,14,1.000,0.580,7.500,0.020,0.080,0.900,outcome,partial_tilt,1,312,0.000,0.000,0.000,0.000,not_reached,not_reached,85.000,21.000,0.686,0.363,0.088,0.608,0.649,0.236,0.013,0.552,0.385,3.985
food_site_count_6,food_site_count,6,false,6,0.220,14,1.000,0.580,7.500,0.020,0.080,0.900,outcome,partial_transposition,2,"358,384",0.000,0.000,0.000,0.000,not_reached,not_reached,69.000,59.000,0.518,0.301,0.087,0.713,0.828,0.258,0.017,0.236,0.397,3.712
food_site_count_6,food_site_count,6,false,6,0.220,14,1.000,0.580,7.500,0.020,0.080,0.900,outcome,success,88,"300,301,302,303,304,305,306,307,309,310,311,313,314,315,316,317,318,319,320,321,322,323,324,325,326,327,328,329,330,331,332,333,334,335,336,337,338,339,340,342,343,345,346,347,348,349,351,352,353,354,355,356,357,359,360,361,362,363,364,365,366,367,368,369,370,371,372,373,375,376,377,378,379,381,382,383,385,386,387,388,389,390,391,392,395,396,397,399",1.000,1.000,1.000,0.000,52.557,52.693,28.943,24.420,0.911,0.879,0.090,0.778,0.805,0.817,0.030,0.864,0.405,5.082
food_site_count_8,food_site_count,8,false,8,0.220,14,1.000,0.580,7.500,0.020,0.080,0.900,all,all,100,"300,301,302,303,304,305,306,307,308,309,310,311,312,313,314,315,316,317,318,319,320,321,322,323,324,325,326,327,328,329,330,331,332,333,334,335,336,337,338,339,340,341,342,343,344,345,346,347,348,349,350,351,352,353,354,355,356,357,358,359,360,361,362,363,364,365,366,367,368,369,370,371,372,373,374,375,376,377,378,379,380,381,382,383,384,385,386,387,388,389,390,391,392,393,394,395,396,397,398,399",0.850,0.990,0.860,0.000,56.020,47.210,25.310,23.910,0.905,0.853,0.116,0.732,0.750,0.776,0.038,0.841,0.466,6.209
food_site_count_8,food_site_count,8,false,8,0.220,14,1.000,0.580,7.500,0.020,0.080,0.900,comparison,successful,85,"300,301,302,303,304,305,306,307,308,309,310,312,313,314,315,317,318,319,320,321,322,323,324,325,326,327,328,329,330,331,332,333,334,335,336,337,338,339,341,342,343,344,345,347,348,349,350,351,352,353,354,355,356,357,358,359,360,361,362,364,366,368,369,371,373,374,376,377,378,379,381,383,384,385,387,388,389,391,392,393,394,395,397,398,399",1.000,1.000,1.000,0.000,53.859,45.741,24.529,23.306,0.907,0.866,0.116,0.740,0.760,0.795,0.033,0.852,0.468,6.269
food_site_count_8,food_site_count,8,false,8,0.220,14,1.000,0.580,7.500,0.020,0.080,0.900,comparison,unsuccessful,15,"311,316,340,346,363,365,367,370,372,375,380,382,386,390,396",0.000,0.933,0.067,0.000,69.143,55.533,29.733,27.333,0.894,0.781,0.119,0.687,0.691,0.669,0.066,0.778,0.457,5.870
food_site_count_8,food_site_count,8,false,8,0.220,14,1.000,0.580,7.500,0.020,0.080,0.900,outcome,gravity_without_vertical,13,"311,316,340,346,363,365,367,370,372,375,382,386,390",0.000,1.000,0.000,0.000,67.231,57.000,30.615,29.154,0.895,0.819,0.118,0.684,0.701,0.715,0.046,0.781,0.458,5.904
food_site_count_8,food_site_count,8,false,8,0.220,14,1.000,0.580,7.500,0.020,0.080,0.900,outcome,partial_tilt,1,380,0.000,0.000,0.000,0.000,not_reached,38.000,29.000,22.000,0.872,0.455,0.122,0.742,0.514,0.248,0.025,0.649,0.429,5.060
food_site_count_8,food_site_count,8,false,8,0.220,14,1.000,0.580,7.500,0.020,0.080,0.900,outcome,success,85,"300,301,302,303,304,305,306,307,308,309,310,312,313,314,315,317,318,319,320,321,322,323,324,325,326,327,328,329,330,331,332,333,334,335,336,337,338,339,341,342,343,344,345,347,348,349,350,351,352,353,354,355,356,357,358,359,360,361,362,364,366,368,369,371,373,374,376,377,378,379,381,383,384,385,387,388,389,391,392,393,394,395,397,398,399",1.000,1.000,1.000,0.000,53.859,45.741,24.529,23.306,0.907,0.866,0.116,0.740,0.760,0.795,0.033,0.852,0.468,6.269
food_site_count_8,food_site_count,8,false,8,0.220,14,1.000,0.580,7.500,0.020,0.080,0.900,outcome,vertical_without_gravity,1,396,0.000,1.000,1.000,0.000,94.000,54.000,19.000,9.000,0.902,0.613,0.132,0.681,0.731,0.484,0.367,0.868,0.464,6.235
food_site_count_9,food_site_count,9,false,9,0.220,14,1.000,0.580,7.500,0.020,0.080,0.900,all,all,100,"300,301,302,303,304,305,306,307,308,309,310,311,312,313,314,315,316,317,318,319,320,321,322,323,324,325,326,327,328,329,330,331,332,333,334,335,336,337,338,339,340,341,342,343,344,345,346,347,348,349,350,351,352,353,354,355,356,357,358,359,360,361,362,363,364,365,366,367,368,369,370,371,372,373,374,375,376,377,378,379,380,381,382,383,384,385,386,387,388,389,390,391,392,393,394,395,396,397,398,399",0.850,0.970,0.910,0.000,56.299,43.850,25.120,24.070,0.904,0.818,0.130,0.717,0.706,0.737,0.044,0.848,0.493,6.740
food_site_count_9,food_site_count,9,false,9,0.220,14,1.000,0.580,7.500,0.020,0.080,0.900,comparison,successful,85,"300,301,302,303,304,305,306,308,309,310,311,312,313,314,316,318,319,320,321,322,325,326,327,328,329,330,332,333,334,335,336,337,339,340,341,342,343,344,345,346,347,348,349,351,353,354,355,356,357,359,360,361,362,364,365,366,367,368,369,370,371,373,374,375,376,377,378,379,380,381,382,383,384,385,387,388,389,390,391,392,393,395,396,398,399",1.000,1.000,1.000,0.000,54.953,43.553,25.247,23.671,0.905,0.838,0.130,0.733,0.722,0.761,0.045,0.857,0.497,6.842
food_site_count_9,food_site_count,9,false,9,0.220,14,1.000,0.580,7.500,0.020,0.080,0.900,comparison,unsuccessful,15,"307,315,317,323,324,331,338,350,352,358,363,372,386,394,397",0.000,0.800,0.400,0.000,65.833,45.533,24.400,26.333,0.895,0.707,0.128,0.621,0.620,0.599,0.037,0.795,0.467,6.162
food_site_count_9,food_site_count,9,false,9,0.220,14,1.000,0.580,7.500,0.020,0.080,0.900,outcome,gravity_without_vertical,8,"307,323,338,350,352,358,363,397",0.000,1.000,0.000,0.000,62.375,46.625,25.000,21.875,0.894,0.845,0.130,0.725,0.702,0.774,0.035,0.776,0.485,6.434
food_site_count_9,food_site_count,9,false,9,0.220,14,1.000,0.580,7.500,0.020,0.080,0.900,outcome,partial_tilt,1,372,0.000,0.000,0.000,0.000,not_reached,26.000,18.000,33.000,0.903,0.467,0.128,0.858,0.688,0.467,0.051,0.728,0.465,5.883
food_site_count_9,food_site_count,9,false,9,0.220,14,1.000,0.580,7.500,0.020,0.080,0.900,outcome,success,85,"300,301,302,303,304,305,306,308,309,310,311,312,313,314,316,318,319,320,321,322,325,326,327,328,329,330,332,333,334,335,336,337,339,340,341,342,343,344,345,346,347,348,349,351,353,354,355,356,357,359,360,361,362,364,365,366,367,368,369,370,371,373,374,375,376,377,378,379,380,381,382,383,384,385,387,388,389,390,391,392,393,395,396,398,399",1.000,1.000,1.000,0.000,54.953,43.553,25.247,23.671,0.905,0.838,0.130,0.733,0.722,0.761,0.045,0.857,0.497,6.842
food_site_count_9,food_site_count,9,false,9,0.220,14,1.000,0.580,7.500,0.020,0.080,0.900,outcome,vertical_without_gravity,6,"315,317,324,331,386,394",0.000,0.667,1.000,0.000,72.750,47.333,24.667,31.167,0.894,0.564,0.126,0.443,0.500,0.389,0.037,0.831,0.444,5.846
food_site_capacity_10,food_site_capacity,10,false,7,0.220,10,1.000,0.580,7.500,0.020,0.080,0.900,all,all,100,"300,301,302,303,304,305,306,307,308,309,310,311,312,313,314,315,316,317,318,319,320,321,322,323,324,325,326,327,328,329,330,331,332,333,334,335,336,337,338,339,340,341,342,343,344,345,346,347,348,349,350,351,352,353,354,355,356,357,358,359,360,361,362,363,364,365,366,367,368,369,370,371,372,373,374,375,376,377,378,379,380,381,382,383,384,385,386,387,388,389,390,391,392,393,394,395,396,397,398,399",0.930,1.000,0.930,0.000,55.480,50.770,27.220,25.720,0.912,0.877,0.103,0.770,0.768,0.808,0.030,0.854,0.437,5.680
food_site_capacity_10,food_site_capacity,10,false,7,0.220,10,1.000,0.580,7.500,0.020,0.080,0.900,comparison,successful,93,"300,301,302,303,304,305,306,307,308,309,310,311,312,313,314,315,316,317,318,320,321,322,323,324,325,326,327,328,329,330,331,332,334,335,336,337,338,339,340,341,342,343,344,345,346,347,348,349,350,351,352,353,354,355,356,357,359,360,361,362,363,364,365,366,367,368,369,370,371,372,373,374,375,377,379,380,381,382,383,384,385,387,388,389,390,391,393,394,395,396,397,398,399",1.000,1.000,1.000,0.000,55.742,50.914,27.398,25.645,0.912,0.876,0.104,0.772,0.768,0.806,0.031,0.860,0.437,5.698
food_site_capacity_10,food_site_capacity,10,false,7,0.220,10,1.000,0.580,7.500,0.020,0.080,0.900,comparison,unsuccessful,7,"319,333,358,376,378,386,392",0.000,1.000,0.000,0.000,52.000,48.857,24.857,26.714,0.909,0.894,0.101,0.752,0.771,0.826,0.018,0.772,0.434,5.432
food_site_capacity_10,food_site_capacity,10,false,7,0.220,10,1.000,0.580,7.500,0.020,0.080,0.900,outcome,gravity_without_vertical,7,"319,333,358,376,378,386,392",0.000,1.000,0.000,0.000,52.000,48.857,24.857,26.714,0.909,0.894,0.101,0.752,0.771,0.826,0.018,0.772,0.434,5.432
food_site_capacity_10,food_site_capacity,10,false,7,0.220,10,1.000,0.580,7.500,0.020,0.080,0.900,outcome,success,93,"300,301,302,303,304,305,306,307,308,309,310,311,312,313,314,315,316,317,318,320,321,322,323,324,325,326,327,328,329,330,331,332,334,335,336,337,338,339,340,341,342,343,344,345,346,347,348,349,350,351,352,353,354,355,356,357,359,360,361,362,363,364,365,366,367,368,369,370,371,372,373,374,375,377,379,380,381,382,383,384,385,387,388,389,390,391,393,394,395,396,397,398,399",1.000,1.000,1.000,0.000,55.742,50.914,27.398,25.645,0.912,0.876,0.104,0.772,0.768,0.806,0.031,0.860,0.437,5.698
food_site_capacity_12,food_site_capacity,12,false,7,0.220,12,1.000,0.580,7.500,0.020,0.080,0.900,all,all,100,"300,301,302,303,304,305,306,307,308,309,310,311,312,313,314,315,316,317,318,319,320,321,322,323,324,325,326,327,328,329,330,331,332,333,334,335,336,337,338,339,340,341,342,343,344,345,346,347,348,349,350,351,352,353,354,355,356,357,358,359,360,361,362,363,364,365,366,367,368,369,370,371,372,373,374,375,376,377,378,379,380,381,382,383,384,385,386,387,388,389,390,391,392,393,394,395,396,397,398,399",0.910,0.990,0.910,0.000,56.303,51.121,28.330,26.040,0.909,0.858,0.103,0.761,0.774,0.787,0.035,0.853,0.436,5.655
food_site_capacity_12,food_site_capacity,12,false,7,0.220,12,1.000,0.580,7.500,0.020,0.080,0.900,comparison,successful,91,"300,301,302,303,304,305,306,308,309,310,311,312,313,314,315,316,317,318,319,320,321,322,323,324,325,326,328,329,330,331,332,333,334,336,337,338,340,341,342,343,344,345,346,347,348,349,350,351,352,353,354,355,356,357,358,359,360,361,362,363,364,365,366,367,369,370,371,372,373,374,376,377,378,379,380,381,382,383,384,385,386,388,389,390,392,393,394,395,396,398,399",1.000,1.000,1.000,0.000,56.165,51.176,28.374,26.352,0.911,0.864,0.104,0.761,0.777,0.792,0.036,0.862,0.437,5.692
food_site_capacity_12,food_site_capacity,12,false,7,0.220,12,1.000,0.580,7.500,0.020,0.080,0.900,comparison,unsuccessful,9,"307,327,335,339,368,375,387,391,397",0.000,0.889,0.000,0.000,57.875,50.500,27.889,22.889,0.882,0.802,0.099,0.759,0.753,0.736,0.024,0.766,0.426,5.287
food_site_capacity_12,food_site_capacity,12,false,7,0.220,12,1.000,0.580,7.500,0.020,0.080,0.900,outcome,gravity_without_vertical,8,"307,327,335,339,368,387,391,397",0.000,1.000,0.000,0.000,57.875,50.500,26.875,20.125,0.905,0.861,0.099,0.774,0.780,0.796,0.024,0.778,0.430,5.389
food_site_capacity_12,food_site_capacity,12,false,7,0.220,12,1.000,0.580,7.500,0.020,0.080,0.900,outcome,partial_tilt,1,375,0.000,0.000,0.000,0.000,not_reached,not_reached,36.000,45.000,0.695,0.337,0.100,0.641,0.537,0.260,0.024,0.668,0.397,4.473
food_site_capacity_12,food_site_capacity,12,false,7,0.220,12,1.000,0.580,7.500,0.020,0.080,0.900,outcome,success,91,"300,301,302,303,304,305,306,308,309,310,311,312,313,314,315,316,317,318,319,320,321,322,323,324,325,326,328,329,330,331,332,333,334,336,337,338,340,341,342,343,344,345,346,347,348,349,350,351,352,353,354,355,356,357,358,359,360,361,362,363,364,365,366,367,369,370,371,372,373,374,376,377,378,379,380,381,382,383,384,385,386,388,389,390,392,393,394,395,396,398,399",1.000,1.000,1.000,0.000,56.165,51.176,28.374,26.352,0.911,0.864,0.104,0.761,0.777,0.792,0.036,0.862,0.437,5.692
food_site_capacity_16,food_site_capacity,16,false,7,0.220,16,1.000,0.580,7.500,0.020,0.080,0.900,all,all,100,"300,301,302,303,304,305,306,307,308,309,310,311,312,313,314,315,316,317,318,319,320,321,322,323,324,325,326,327,328,329,330,331,332,333,334,335,336,337,338,339,340,341,342,343,344,345,346,347,348,349,350,351,352,353,354,355,356,357,358,359,360,361,362,363,364,365,366,367,368,369,370,371,372,373,374,375,376,377,378,379,380,381,382,383,384,385,386,387,388,389,390,391,392,393,394,395,396,397,398,399",0.910,0.990,0.910,0.000,56.303,51.121,28.330,26.040,0.909,0.858,0.103,0.761,0.774,0.787,0.035,0.853,0.436,5.655
food_site_capacity_16,food_site_capacity,16,false,7,0.220,16,1.000,0.580,7.500,0.020,0.080,0.900,comparison,successful,91,"300,301,302,303,304,305,306,308,309,310,311,312,313,314,315,316,317,318,319,320,321,322,323,324,325,326,328,329,330,331,332,333,334,336,337,338,340,341,342,343,344,345,346,347,348,349,350,351,352,353,354,355,356,357,358,359,360,361,362,363,364,365,366,367,369,370,371,372,373,374,376,377,378,379,380,381,382,383,384,385,386,388,389,390,392,393,394,395,396,398,399",1.000,1.000,1.000,0.000,56.165,51.176,28.374,26.352,0.911,0.864,0.104,0.761,0.777,0.792,0.036,0.862,0.437,5.692
food_site_capacity_16,food_site_capacity,16,false,7,0.220,16,1.000,0.580,7.500,0.020,0.080,0.900,comparison,unsuccessful,9,"307,327,335,339,368,375,387,391,397",0.000,0.889,0.000,0.000,57.875,50.500,27.889,22.889,0.882,0.802,0.099,0.759,0.753,0.736,0.024,0.766,0.426,5.287
food_site_capacity_16,food_site_capacity,16,false,7,0.220,16,1.000,0.580,7.500,0.020,0.080,0.900,outcome,gravity_without_vertical,8,"307,327,335,339,368,387,391,397",0.000,1.000,0.000,0.000,57.875,50.500,26.875,20.125,0.905,0.861,0.099,0.774,0.780,0.796,0.024,0.778,0.430,5.389
food_site_capacity_16,food_site_capacity,16,false,7,0.220,16,1.000,0.580,7.500,0.020,0.080,0.900,outcome,partial_tilt,1,375,0.000,0.000,0.000,0.000,not_reached,not_reached,36.000,45.000,0.695,0.337,0.100,0.641,0.537,0.260,0.024,0.668,0.397,4.473
food_site_capacity_16,food_site_capacity,16,false,7,0.220,16,1.000,0.580,7.500,0.020,0.080,0.900,outcome,success,91,"300,301,302,303,304,305,306,308,309,310,311,312,313,314,315,316,317,318,319,320,321,322,323,324,325,326,328,329,330,331,332,333,334,336,337,338,340,341,342,343,344,345,346,347,348,349,350,351,352,353,354,355,356,357,358,359,360,361,362,363,364,365,366,367,369,370,371,372,373,374,376,377,378,379,380,381,382,383,384,385,386,388,389,390,392,393,394,395,396,398,399",1.000,1.000,1.000,0.000,56.165,51.176,28.374,26.352,0.911,0.864,0.104,0.761,0.777,0.792,0.036,0.862,0.437,5.692
travel_cost_per_distance_0p010,travel_cost_per_distance,0.010,false,7,0.220,14,1.000,0.580,7.500,0.010,0.080,0.900,all,all,100,"300,301,302,303,304,305,306,307,308,309,310,311,312,313,314,315,316,317,318,319,320,321,322,323,324,325,326,327,328,329,330,331,332,333,334,335,336,337,338,339,340,341,342,343,344,345,346,347,348,349,350,351,352,353,354,355,356,357,358,359,360,361,362,363,364,365,366,367,368,369,370,371,372,373,374,375,376,377,378,379,380,381,382,383,384,385,386,387,388,389,390,391,392,393,394,395,396,397,398,399",0.840,1.000,0.850,0.000,55.390,48.440,25.750,23.010,0.908,0.853,0.103,0.735,0.740,0.780,0.032,0.842,0.429,6.483
travel_cost_per_distance_0p010,travel_cost_per_distance,0.010,false,7,0.220,14,1.000,0.580,7.500,0.010,0.080,0.900,comparison,successful,84,"301,302,303,306,307,308,309,310,311,312,313,314,315,317,318,320,321,322,323,324,325,326,327,328,329,331,332,333,334,335,336,337,339,341,342,343,344,345,346,347,348,349,350,351,352,353,354,355,356,357,358,360,362,363,364,365,366,368,369,370,371,372,373,374,375,377,378,380,381,382,383,384,386,387,388,389,390,391,392,393,394,395,396,398",1.000,1.000,1.000,0.000,55.357,49.155,25.476,23.083,0.908,0.862,0.103,0.739,0.756,0.790,0.030,0.855,0.431,6.544
travel_cost_per_distance_0p010,travel_cost_per_distance,0.010,false,7,0.220,14,1.000,0.580,7.500,0.010,0.080,0.900,comparison,unsuccessful,16,"300,304,305,316,319,330,338,340,359,361,367,376,379,385,397,399",0.000,1.000,0.062,0.000,55.562,44.688,27.188,22.625,0.909,0.808,0.105,0.713,0.654,0.723,0.048,0.776,0.420,6.163
travel_cost_per_distance_0p010,travel_cost_per_distance,0.010,false,7,0.220,14,1.000,0.580,7.500,0.010,0.080,0.900,outcome,gravity_without_vertical,15,"300,304,305,316,319,330,340,359,361,367,376,379,385,397,399",0.000,1.000,0.000,0.000,52.733,45.400,28.067,23.200,0.907,0.815,0.106,0.719,0.674,0.739,0.043,0.773,0.422,6.191
travel_cost_per_distance_0p010,travel_cost_per_distance,0.010,false,7,0.220,14,1.000,0.580,7.500,0.010,0.080,0.900,outcome,success,84,"301,302,303,306,307,308,309,310,311,312,313,314,315,317,318,320,321,322,323,324,325,326,327,328,329,331,332,333,334,335,336,337,339,341,342,343,344,345,346,347,348,349,350,351,352,353,354,355,356,357,358,360,362,363,364,365,366,368,369,370,371,372,373,374,375,377,378,380,381,382,383,384,386,387,388,389,390,391,392,393,394,395,396,398",1.000,1.000,1.000,0.000,55.357,49.155,25.476,23.083,0.908,0.862,0.103,0.739,0.756,0.790,0.030,0.855,0.431,6.544
travel_cost_per_distance_0p010,travel_cost_per_distance,0.010,false,7,0.220,14,1.000,0.580,7.500,0.010,0.080,0.900,outcome,vertical_without_gravity,1,338,0.000,1.000,1.000,0.000,98.000,34.000,14.000,14.000,0.936,0.712,0.099,0.619,0.366,0.490,0.117,0.819,0.391,5.744
travel_cost_per_distance_0p015,travel_cost_per_distance,0.015,false,7,0.220,14,1.000,0.580,7.500,0.015,0.080,0.900,all,all,100,"300,301,302,303,304,305,306,307,308,309,310,311,312,313,314,315,316,317,318,319,320,321,322,323,324,325,326,327,328,329,330,331,332,333,334,335,336,337,338,339,340,341,342,343,344,345,346,347,348,349,350,351,352,353,354,355,356,357,358,359,360,361,362,363,364,365,366,367,368,369,370,371,372,373,374,375,376,377,378,379,380,381,382,383,384,385,386,387,388,389,390,391,392,393,394,395,396,397,398,399",0.910,0.990,0.920,0.000,55.869,50.600,26.200,26.200,0.907,0.862,0.103,0.749,0.748,0.794,0.030,0.851,0.434,6.106
travel_cost_per_distance_0p015,travel_cost_per_distance,0.015,false,7,0.220,14,1.000,0.580,7.500,0.015,0.080,0.900,comparison,successful,91,"300,301,302,303,304,305,306,307,308,309,310,311,312,313,314,315,316,317,318,319,320,321,322,323,324,325,326,327,328,330,332,333,334,336,337,338,339,340,342,343,344,345,346,347,348,350,351,352,353,354,355,356,357,358,359,360,361,362,363,364,366,367,368,369,370,371,372,373,374,375,376,377,378,379,380,382,384,385,386,387,389,390,391,392,393,394,395,396,397,398,399",1.000,1.000,1.000,0.000,55.220,50.242,26.143,25.802,0.909,0.870,0.104,0.758,0.757,0.806,0.029,0.859,0.436,6.160
travel_cost_per_distance_0p015,travel_cost_per_distance,0.015,false,7,0.220,14,1.000,0.580,7.500,0.015,0.080,0.900,comparison,unsuccessful,9,"329,331,335,341,349,365,381,383,388",0.000,0.889,0.111,0.000,63.250,54.222,26.778,30.222,0.892,0.779,0.102,0.654,0.655,0.664,0.035,0.770,0.412,5.558
travel_cost_per_distance_0p015,travel_cost_per_distance,0.015,false,7,0.220,14,1.000,0.580,7.500,0.015,0.080,0.900,outcome,gravity_without_vertical,7,"329,331,335,341,381,383,388",0.000,1.000,0.000,0.000,61.714,57.286,28.143,26.714,0.898,0.834,0.102,0.708,0.756,0.749,0.037,0.769,0.418,5.677
travel_cost_per_distance_0p015,travel_cost_per_distance,0.015,false,7,0.220,14,1.000,0.580,7.500,0.015,0.080,0.900,outcome,partial_tilt,1,349,0.000,0.000,0.000,0.000,not_reached,46.000,27.000,20.000,0.873,0.430,0.098,0.373,0.297,0.307,0.002,0.719,0.397,5.128
travel_cost_per_distance_0p015,travel_cost_per_distance,0.015,false,7,0.220,14,1.000,0.580,7.500,0.015,0.080,0.900,outcome,success,91,"300,301,302,303,304,305,306,307,308,309,310,311,312,313,314,315,316,317,318,319,320,321,322,323,324,325,326,327,328,330,332,333,334,336,337,338,339,340,342,343,344,345,346,347,348,350,351,352,353,354,355,356,357,358,359,360,361,362,363,364,366,367,368,369,370,371,372,373,374,375,376,377,378,379,380,382,384,385,386,387,389,390,391,392,393,394,395,396,397,398,399",1.000,1.000,1.000,0.000,55.220,50.242,26.143,25.802,0.909,0.870,0.104,0.758,0.757,0.806,0.029,0.859,0.436,6.160
travel_cost_per_distance_0p015,travel_cost_per_distance,0.015,false,7,0.220,14,1.000,0.580,7.500,0.015,0.080,0.900,outcome,vertical_without_gravity,1,365,0.000,1.000,1.000,0.000,74.000,41.000,17.000,65.000,0.868,0.742,0.103,0.558,0.305,0.427,0.053,0.823,0.383,5.151
travel_cost_per_distance_0p025,travel_cost_per_distance,0.025,false,7,0.220,14,1.000,0.580,7.500,0.025,0.080,0.900,all,all,100,"300,301,302,303,304,305,306,307,308,309,310,311,312,313,314,315,316,317,318,319,320,321,322,323,324,325,326,327,328,329,330,331,332,333,334,335,336,337,338,339,340,341,342,343,344,345,346,347,348,349,350,351,352,353,354,355,356,357,358,359,360,361,362,363,364,365,366,367,368,369,370,371,372,373,374,375,376,377,378,379,380,381,382,383,384,385,386,387,388,389,390,391,392,393,394,395,396,397,398,399",0.940,0.970,0.940,0.000,58.680,57.175,30.320,29.880,0.895,0.858,0.103,0.785,0.783,0.801,0.032,0.844,0.441,5.240
travel_cost_per_distance_0p025,travel_cost_per_distance,0.025,false,7,0.220,14,1.000,0.580,7.500,0.025,0.080,0.900,comparison,successful,94,"301,302,303,304,305,306,307,308,309,310,311,312,313,314,315,316,317,318,319,320,321,322,323,324,325,326,327,328,329,330,331,332,333,334,335,336,337,338,339,340,341,343,344,345,346,347,348,349,350,351,352,353,354,355,357,358,359,360,361,362,363,364,365,366,368,369,370,371,372,374,375,377,378,379,380,381,382,383,384,385,386,387,388,389,390,391,392,393,394,395,396,397,398,399",1.000,1.000,1.000,0.000,58.543,56.883,30.649,29.638,0.910,0.875,0.104,0.786,0.780,0.820,0.031,0.865,0.441,5.288
travel_cost_per_distance_0p025,travel_cost_per_distance,0.025,false,7,0.220,14,1.000,0.580,7.500,0.025,0.080,0.900,comparison,unsuccessful,6,"300,342,356,367,373,376",0.000,0.500,0.000,0.000,63.000,66.333,20.000,33.667,0.660,0.592,0.102,0.769,0.825,0.508,0.043,0.507,0.439,4.486
travel_cost_per_distance_0p025,travel_cost_per_distance,0.025,false,7,0.220,14,1.000,0.580,7.500,0.025,0.080,0.900,outcome,flat,3,"342,367,376",0.000,0.000,0.000,0.000,not_reached,not_reached,not_reached,41.000,0.449,0.341,0.102,0.766,0.817,0.216,0.071,0.247,0.439,3.937
travel_cost_per_distance_0p025,travel_cost_per_distance,0.025,false,7,0.220,14,1.000,0.580,7.500,0.025,0.080,0.900,outcome,gravity_without_vertical,3,"300,356,373",0.000,1.000,0.000,0.000,63.000,66.333,20.000,26.333,0.871,0.842,0.102,0.772,0.832,0.799,0.014,0.767,0.440,5.034
travel_cost_per_distance_0p025,travel_cost_per_distance,0.025,false,7,0.220,14,1.000,0.580,7.500,0.025,0.080,0.900,outcome,success,94,"301,302,303,304,305,306,307,308,309,310,311,312,313,314,315,316,317,318,319,320,321,322,323,324,325,326,327,328,329,330,331,332,333,334,335,336,337,338,339,340,341,343,344,345,346,347,348,349,350,351,352,353,354,355,357,358,359,360,361,362,363,364,365,366,368,369,370,371,372,374,375,377,378,379,380,381,382,383,384,385,386,387,388,389,390,391,392,393,394,395,396,397,398,399",1.000,1.000,1.000,0.000,58.543,56.883,30.649,29.638,0.910,0.875,0.104,0.786,0.780,0.820,0.031,0.865,0.441,5.288
travel_cost_per_distance_0p035,travel_cost_per_distance,0.035,false,7,0.220,14,1.000,0.580,7.500,0.035,0.080,0.900,all,all,100,"300,301,302,303,304,305,306,307,308,309,310,311,312,313,314,315,316,317,318,319,320,321,322,323,324,325,326,327,328,329,330,331,332,333,334,335,336,337,338,339,340,341,342,343,344,345,346,347,348,349,350,351,352,353,354,355,356,357,358,359,360,361,362,363,364,365,366,367,368,369,370,371,372,373,374,375,376,377,378,379,380,381,382,383,384,385,386,387,388,389,390,391,392,393,394,395,396,397,398,399",0.700,0.750,0.700,0.000,56.907,57.097,39.432,31.370,0.804,0.743,0.103,0.798,0.802,0.665,0.026,0.721,0.442,4.089
travel_cost_per_distance_0p035,travel_cost_per_distance,0.035,false,7,0.220,14,1.000,0.580,7.500,0.035,0.080,0.900,comparison,successful,70,"300,301,303,304,307,309,310,312,314,315,317,318,319,320,321,322,324,326,327,328,329,330,331,332,333,334,335,336,338,339,340,341,342,343,344,346,347,348,350,353,354,355,357,358,364,366,367,368,369,370,371,372,374,377,378,381,383,384,385,386,388,389,391,392,393,395,396,397,398,399",1.000,1.000,1.000,0.000,55.029,57.414,36.657,28.000,0.914,0.890,0.103,0.803,0.804,0.831,0.028,0.868,0.443,4.379
travel_cost_per_distance_0p035,travel_cost_per_distance,0.035,false,7,0.220,14,1.000,0.580,7.500,0.035,0.080,0.900,comparison,unsuccessful,30,"302,305,306,308,311,313,316,323,325,337,345,349,351,352,356,359,360,361,362,363,365,373,375,376,379,380,382,387,390,394",0.000,0.167,0.000,0.000,83.200,46.000,50.222,39.233,0.548,0.399,0.104,0.785,0.798,0.279,0.023,0.380,0.440,3.411
travel_cost_per_distance_0p035,travel_cost_per_distance,0.035,false,7,0.220,14,1.000,0.580,7.500,0.035,0.080,0.900,outcome,flat,18,"305,308,323,337,349,351,352,356,359,361,363,365,373,376,379,380,382,387",0.000,0.000,0.000,0.000,not_reached,not_reached,43.600,33.722,0.512,0.330,0.104,0.786,0.803,0.184,0.026,0.319,0.442,3.325
travel_cost_per_distance_0p035,travel_cost_per_distance,0.035,false,7,0.220,14,1.000,0.580,7.500,0.035,0.080,0.900,outcome,gravity_without_vertical,5,"313,316,325,362,394",0.000,1.000,0.000,0.000,83.200,46.000,60.400,43.000,0.731,0.720,0.105,0.802,0.807,0.601,0.009,0.626,0.446,3.969
travel_cost_per_distance_0p035,travel_cost_per_distance,0.035,false,7,0.220,14,1.000,0.580,7.500,0.035,0.080,0.900,outcome,partial_tilt,2,"345,375",0.000,0.000,0.000,0.000,not_reached,not_reached,71.500,68.000,0.559,0.372,0.103,0.793,0.865,0.283,0.033,0.544,0.425,3.481
travel_cost_per_distance_0p035,travel_cost_per_distance,0.035,false,7,0.220,14,1.000,0.580,7.500,0.035,0.080,0.900,outcome,partial_transposition,5,"302,306,311,360,390",0.000,0.000,0.000,0.000,not_reached,not_reached,23.000,43.800,0.487,0.333,0.105,0.763,0.742,0.297,0.022,0.289,0.431,3.135
travel_cost_per_distance_0p035,travel_cost_per_distance,0.035,false,7,0.220,14,1.000,0.580,7.500,0.035,0.080,0.900,outcome,success,70,"300,301,303,304,307,309,310,312,314,315,317,318,319,320,321,322,324,326,327,328,329,330,331,332,333,334,335,336,338,339,340,341,342,343,344,346,347,348,350,353,354,355,357,358,364,366,367,368,369,370,371,372,374,377,378,381,383,384,385,386,388,389,391,392,393,395,396,397,398,399",1.000,1.000,1.000,0.000,55.029,57.414,36.657,28.000,0.914,0.890,0.103,0.803,0.804,0.831,0.028,0.868,0.443,4.379
