candidate,group_kind,group,runs,seeds,stable_fraction,reached_gravity_fraction,retained_vertical_fraction,collapse_fraction,mean_gravity_reach_generation,mean_vertical_reach_generation,mean_partial_tilt_generation,mean_partial_transposition_generation,mean_max_comb_tilt,mean_max_min_transposition,mean_min_success,mean_final_directional_bias,mean_final_attention,mean_final_min_transposition,mean_final_transposition_gap,mean_final_comb_tilt,mean_final_success,mean_final_payoff
trial_196,all,all,40,"110,111,112,113,114,115,116,117,118,119,120,121,122,123,124,125,126,127,128,129,130,131,132,133,134,135,136,137,138,139,140,141,142,143,144,145,146,147,148,149",0.925,0.950,0.925,0.000,55.974,59.474,34.513,24.450,0.890,0.855,0.096,0.805,0.782,0.795,0.021,0.835,0.408,3.972
trial_196,comparison,successful,37,"110,111,112,113,114,115,116,117,118,119,121,122,123,124,125,126,129,130,131,132,133,134,135,136,137,138,139,140,141,142,143,144,145,146,147,148,149",1.000,1.000,1.000,0.000,56.027,59.757,33.811,24.459,0.910,0.882,0.096,0.802,0.777,0.825,0.021,0.862,0.408,4.014
trial_196,comparison,unsuccessful,3,"120,127,128",0.000,0.333,0.000,0.000,54.000,49.000,47.500,24.333,0.649,0.524,0.096,0.842,0.833,0.433,0.018,0.505,0.409,3.450
trial_196,outcome,flat,2,"127,128",0.000,0.000,0.000,0.000,not_reached,not_reached,74.000,18.000,0.511,0.337,0.092,0.846,0.831,0.215,0.027,0.370,0.407,3.173
trial_196,outcome,gravity_without_vertical,1,120,0.000,1.000,0.000,0.000,54.000,49.000,21.000,37.000,0.923,0.897,0.104,0.833,0.838,0.869,0.001,0.776,0.414,4.005
trial_196,outcome,success,37,"110,111,112,113,114,115,116,117,118,119,121,122,123,124,125,126,129,130,131,132,133,134,135,136,137,138,139,140,141,142,143,144,145,146,147,148,149",1.000,1.000,1.000,0.000,56.027,59.757,33.811,24.459,0.910,0.882,0.096,0.802,0.777,0.825,0.021,0.862,0.408,4.014
trial_318,all,all,40,"110,111,112,113,114,115,116,117,118,119,120,121,122,123,124,125,126,127,128,129,130,131,132,133,134,135,136,137,138,139,140,141,142,143,144,145,146,147,148,149",0.950,1.000,0.950,0.000,59.375,54.850,29.175,28.250,0.907,0.872,0.103,0.786,0.786,0.819,0.024,0.855,0.439,5.713
trial_318,comparison,successful,38,"110,111,112,113,114,115,116,117,118,120,121,122,123,124,125,126,127,128,129,130,131,132,133,134,135,136,137,138,139,140,141,142,143,145,146,147,148,149",1.000,1.000,1.000,0.000,58.895,55.632,29.158,27.316,0.907,0.871,0.103,0.788,0.783,0.819,0.024,0.859,0.439,5.726
trial_318,comparison,unsuccessful,2,"119,144",0.000,1.000,0.000,0.000,68.500,40.000,29.500,46.000,0.906,0.897,0.103,0.750,0.842,0.821,0.024,0.778,0.434,5.452
trial_318,outcome,gravity_without_vertical,2,"119,144",0.000,1.000,0.000,0.000,68.500,40.000,29.500,46.000,0.906,0.897,0.103,0.750,0.842,0.821,0.024,0.778,0.434,5.452
trial_318,outcome,success,38,"110,111,112,113,114,115,116,117,118,120,121,122,123,124,125,126,127,128,129,130,131,132,133,134,135,136,137,138,139,140,141,142,143,145,146,147,148,149",1.000,1.000,1.000,0.000,58.895,55.632,29.158,27.316,0.907,0.871,0.103,0.788,0.783,0.819,0.024,0.859,0.439,5.726
trial_45,all,all,40,"110,111,112,113,114,115,116,117,118,119,120,121,122,123,124,125,126,127,128,129,130,131,132,133,134,135,136,137,138,139,140,141,142,143,144,145,146,147,148,149",0.675,0.900,0.675,0.000,48.778,59.343,33.231,19.650,0.843,0.831,0.138,0.768,0.750,0.763,0.000,0.778,0.504,4.354
trial_45,comparison,successful,27,"110,111,112,113,114,116,117,118,119,121,122,123,124,125,126,127,128,129,135,136,138,139,140,143,145,146,149",1.000,1.000,1.000,0.000,46.074,58.259,28.704,18.037,0.886,0.885,0.138,0.765,0.763,0.829,0.000,0.843,0.508,4.517
trial_45,comparison,unsuccessful,13,"115,120,130,131,132,133,134,137,141,142,144,147,148",0.000,0.692,0.000,0.000,56.889,63.000,43.417,23.000,0.753,0.718,0.137,0.774,0.724,0.624,0.000,0.644,0.495,4.016
trial_45,outcome,flat,2,"115,120",0.000,0.000,0.000,0.000,not_reached,not_reached,23.000,43.000,0.484,0.411,0.141,0.846,0.829,0.223,0.000,0.314,0.527,3.905
trial_45,outcome,gravity_without_vertical,9,"130,131,132,133,134,137,141,144,148",0.000,1.000,0.000,0.000,56.889,63.000,40.333,18.556,0.855,0.857,0.137,0.759,0.712,0.772,0.000,0.754,0.490,4.121
trial_45,outcome,partial_tilt,1,142,0.000,0.000,0.000,0.000,not_reached,not_reached,120.000,35.000,0.566,0.408,0.144,0.798,0.676,0.408,0.000,0.566,0.469,3.558
trial_45,outcome,partial_transposition,1,147,0.000,0.000,0.000,0.000,not_reached,not_reached,15.000,11.000,0.558,0.390,0.124,0.739,0.670,0.311,0.000,0.390,0.507,3.750
trial_45,outcome,success,27,"110,111,112,113,114,116,117,118,119,121,122,123,124,125,126,127,128,129,135,136,138,139,140,143,145,146,149",1.000,1.000,1.000,0.000,46.074,58.259,28.704,18.037,0.886,0.885,0.138,0.765,0.763,0.829,0.000,0.843,0.508,4.517
trial_193,all,all,40,"110,111,112,113,114,115,116,117,118,119,120,121,122,123,124,125,126,127,128,129,130,131,132,133,134,135,136,137,138,139,140,141,142,143,144,145,146,147,148,149",0.925,0.925,0.925,0.000,54.838,62.892,32.625,27.650,0.876,0.834,0.096,0.788,0.788,0.764,0.029,0.821,0.402,3.824
trial_193,comparison,successful,37,"110,111,113,114,116,117,118,119,121,122,123,124,125,126,127,128,129,130,131,132,133,134,135,136,137,138,139,140,141,142,143,144,145,146,147,148,149",1.000,1.000,1.000,0.000,54.838,62.892,29.351,27.000,0.904,0.876,0.096,0.789,0.789,0.806,0.029,0.857,0.403,3.895
trial_193,comparison,unsuccessful,3,"112,115,120",0.000,0.000,0.000,0.000,not_reached,not_reached,73.000,35.667,0.533,0.313,0.096,0.775,0.772,0.244,0.024,0.370,0.383,2.949
trial_193,outcome,partial_tilt,1,120,0.000,0.000,0.000,0.000,not_reached,not_reached,120.000,28.000,0.520,0.284,0.104,0.825,0.742,0.108,0.037,0.520,0.383,3.068
trial_193,outcome,partial_transposition,2,"112,115",0.000,0.000,0.000,0.000,not_reached,not_reached,49.500,39.500,0.540,0.328,0.092,0.750,0.787,0.312,0.018,0.294,0.384,2.889
trial_193,outcome,success,37,"110,111,113,114,116,117,118,119,121,122,123,124,125,126,127,128,129,130,131,132,133,134,135,136,137,138,139,140,141,142,143,144,145,146,147,148,149",1.000,1.000,1.000,0.000,54.838,62.892,29.351,27.000,0.904,0.876,0.096,0.789,0.789,0.806,0.029,0.857,0.403,3.895
trial_278,all,all,40,"110,111,112,113,114,115,116,117,118,119,120,121,122,123,124,125,126,127,128,129,130,131,132,133,134,135,136,137,138,139,140,141,142,143,144,145,146,147,148,149",0.775,0.800,0.775,0.000,48.969,55.406,30.382,25.500,0.826,0.771,0.079,0.794,0.801,0.693,0.038,0.750,0.371,3.811
trial_278,comparison,successful,31,"110,112,113,114,115,117,118,119,121,122,123,124,125,127,128,129,130,131,132,133,135,136,137,138,140,141,142,146,147,148,149",1.000,1.000,1.000,0.000,49.290,55.806,30.452,25.129,0.911,0.881,0.079,0.797,0.802,0.816,0.036,0.870,0.373,4.038
trial_278,comparison,unsuccessful,9,"111,116,120,126,134,139,143,144,145",0.000,0.111,0.000,0.000,39.000,43.000,29.667,26.778,0.533,0.391,0.081,0.783,0.797,0.270,0.045,0.339,0.364,3.028
trial_278,outcome,flat,7,"116,120,126,134,143,144,145",0.000,0.000,0.000,0.000,not_reached,not_reached,20.000,27.714,0.462,0.334,0.080,0.770,0.809,0.195,0.045,0.286,0.367,2.974
trial_278,outcome,gravity_without_vertical,1,111,0.000,1.000,0.000,0.000,39.000,43.000,36.000,16.000,0.926,0.849,0.078,0.801,0.748,0.810,0.035,0.796,0.355,3.581
trial_278,outcome,partial_transposition,1,139,0.000,0.000,0.000,0.000,not_reached,not_reached,33.000,31.000,0.634,0.334,0.086,0.853,0.765,0.258,0.051,0.258,0.352,2.852
trial_278,outcome,success,31,"110,112,113,114,115,117,118,119,121,122,123,124,125,127,128,129,130,131,132,133,135,136,137,138,140,141,142,146,147,148,149",1.000,1.000,1.000,0.000,49.290,55.806,30.452,25.129,0.911,0.881,0.079,0.797,0.802,0.816,0.036,0.870,0.373,4.038
trial_461,all,all,40,"110,111,112,113,114,115,116,117,118,119,120,121,122,123,124,125,126,127,128,129,130,131,132,133,134,135,136,137,138,139,140,141,142,143,144,145,146,147,148,149",0.825,1.000,0.825,0.000,41.425,47.425,22.925,14.400,0.900,0.884,0.113,0.765,0.747,0.810,0.000,0.834,0.442,4.269
trial_461,comparison,successful,33,"110,111,112,113,114,115,116,117,118,119,121,122,123,124,126,127,128,129,131,132,133,134,136,138,140,141,142,143,144,145,146,148,149",1.000,1.000,1.000,0.000,41.879,46.667,23.394,14.152,0.901,0.883,0.112,0.763,0.745,0.818,0.000,0.849,0.444,4.323
trial_461,comparison,unsuccessful,7,"120,125,130,135,137,139,147",0.000,1.000,0.000,0.000,39.286,51.000,20.714,15.571,0.894,0.887,0.114,0.775,0.755,0.774,0.000,0.765,0.435,4.015
trial_461,outcome,gravity_without_vertical,7,"120,125,130,135,137,139,147",0.000,1.000,0.000,0.000,39.286,51.000,20.714,15.571,0.894,0.887,0.114,0.775,0.755,0.774,0.000,0.765,0.435,4.015
trial_461,outcome,success,33,"110,111,112,113,114,115,116,117,118,119,121,122,123,124,126,127,128,129,131,132,133,134,136,138,140,141,142,143,144,145,146,148,149",1.000,1.000,1.000,0.000,41.879,46.667,23.394,14.152,0.901,0.883,0.112,0.763,0.745,0.818,0.000,0.849,0.444,4.323
trial_173,all,all,40,"110,111,112,113,114,115,116,117,118,119,120,121,122,123,124,125,126,127,128,129,130,131,132,133,134,135,136,137,138,139,140,141,142,143,144,145,146,147,148,149",0.925,0.975,0.925,0.000,56.641,52.590,29.128,28.050,0.895,0.841,0.099,0.755,0.767,0.774,0.042,0.839,0.422,4.809
trial_173,comparison,successful,37,"110,111,112,113,114,115,117,119,120,121,122,123,124,125,126,127,128,129,130,131,132,134,135,136,137,138,139,140,141,142,143,144,145,146,147,148,149",1.000,1.000,1.000,0.000,55.162,52.189,29.514,28.514,0.909,0.863,0.100,0.762,0.772,0.795,0.043,0.858,0.424,4.873
trial_173,comparison,unsuccessful,3,"116,118,133",0.000,0.667,0.000,0.000,84.000,60.000,22.000,22.333,0.729,0.569,0.092,0.677,0.703,0.513,0.032,0.612,0.399,4.028
trial_173,outcome,flat,1,133,0.000,0.000,0.000,0.000,not_reached,not_reached,not_reached,22.000,0.498,0.311,0.092,0.769,0.682,0.239,0.023,0.376,0.417,3.821
trial_173,outcome,gravity_without_vertical,2,"116,118",0.000,1.000,0.000,0.000,84.000,60.000,22.000,22.500,0.845,0.698,0.092,0.631,0.714,0.649,0.037,0.730,0.390,4.131
trial_173,outcome,success,37,"110,111,112,113,114,115,117,119,120,121,122,123,124,125,126,127,128,129,130,131,132,134,135,136,137,138,139,140,141,142,143,144,145,146,147,148,149",1.000,1.000,1.000,0.000,55.162,52.189,29.514,28.514,0.909,0.863,0.100,0.762,0.772,0.795,0.043,0.858,0.424,4.873
trial_364,all,all,40,"110,111,112,113,114,115,116,117,118,119,120,121,122,123,124,125,126,127,128,129,130,131,132,133,134,135,136,137,138,139,140,141,142,143,144,145,146,147,148,149",0.725,1.000,0.725,0.000,54.150,48.625,23.950,21.800,0.899,0.855,0.130,0.744,0.738,0.771,0.031,0.827,0.487,6.090
trial_364,comparison,successful,29,"110,111,112,113,114,116,117,118,119,120,122,123,124,125,127,128,129,132,133,134,135,136,137,140,142,143,144,148,149",1.000,1.000,1.000,0.000,53.483,49.724,25.655,22.069,0.902,0.858,0.130,0.746,0.746,0.772,0.033,0.847,0.488,6.168
trial_364,comparison,unsuccessful,11,"115,121,126,130,131,138,139,141,145,146,147",0.000,1.000,0.000,0.000,55.909,45.727,19.455,21.091,0.891,0.845,0.129,0.740,0.715,0.771,0.025,0.775,0.482,5.886
trial_364,outcome,gravity_without_vertical,11,"115,121,126,130,131,138,139,141,145,146,147",0.000,1.000,0.000,0.000,55.909,45.727,19.455,21.091,0.891,0.845,0.129,0.740,0.715,0.771,0.025,0.775,0.482,5.886
trial_364,outcome,success,29,"110,111,112,113,114,116,117,118,119,120,122,123,124,125,127,128,129,132,133,134,135,136,137,140,142,143,144,148,149",1.000,1.000,1.000,0.000,53.483,49.724,25.655,22.069,0.902,0.858,0.130,0.746,0.746,0.772,0.033,0.847,0.488,6.168
trial_239,all,all,40,"110,111,112,113,114,115,116,117,118,119,120,121,122,123,124,125,126,127,128,129,130,131,132,133,134,135,136,137,138,139,140,141,142,143,144,145,146,147,148,149",0.950,0.950,0.975,0.000,57.526,50.231,26.075,22.925,0.901,0.835,0.100,0.765,0.762,0.759,0.034,0.848,0.418,5.219
trial_239,comparison,successful,38,"110,112,113,114,115,116,117,118,119,120,121,122,123,124,126,127,128,129,130,131,132,133,134,135,136,137,138,139,140,141,142,143,144,145,146,147,148,149",1.000,1.000,1.000,0.000,57.526,49.974,25.658,22.289,0.908,0.860,0.100,0.765,0.769,0.787,0.034,0.857,0.419,5.264
trial_239,comparison,unsuccessful,2,"111,125",0.000,0.000,0.500,0.000,not_reached,60.000,34.000,35.000,0.776,0.350,0.102,0.754,0.618,0.231,0.028,0.686,0.389,4.361
trial_239,outcome,flat,1,111,0.000,0.000,0.000,0.000,not_reached,not_reached,35.000,28.000,0.644,0.378,0.103,0.867,0.791,0.192,0.012,0.495,0.407,4.252
trial_239,outcome,success,38,"110,112,113,114,115,116,117,118,119,120,121,122,123,124,126,127,128,129,130,131,132,133,134,135,136,137,138,139,140,141,142,143,144,145,146,147,148,149",1.000,1.000,1.000,0.000,57.526,49.974,25.658,22.289,0.908,0.860,0.100,0.765,0.769,0.787,0.034,0.857,0.419,5.264
trial_239,outcome,vertical_without_gravity,1,125,0.000,0.000,1.000,0.000,not_reached,60.000,33.000,42.000,0.908,0.321,0.102,0.640,0.445,0.270,0.044,0.878,0.372,4.469
trial_393,all,all,40,"110,111,112,113,114,115,116,117,118,119,120,121,122,123,124,125,126,127,128,129,130,131,132,133,134,135,136,137,138,139,140,141,142,143,144,145,146,147,148,149",0.775,0.825,0.800,0.000,59.758,58.343,34.821,34.700,0.872,0.782,0.118,0.759,0.737,0.718,0.028,0.799,0.465,4.153
trial_393,comparison,successful,31,"110,111,112,114,115,117,119,120,121,122,123,124,126,127,129,130,131,133,134,135,136,139,140,141,142,143,144,145,146,147,149",1.000,1.000,1.000,0.000,60.645,59.355,33.226,33.290,0.912,0.867,0.117,0.764,0.755,0.813,0.031,0.867,0.468,4.322
trial_393,comparison,unsuccessful,9,"113,116,118,125,128,132,137,138,148",0.000,0.222,0.111,0.000,46.000,50.500,41.000,39.556,0.736,0.491,0.118,0.742,0.675,0.392,0.020,0.567,0.457,3.571
trial_393,outcome,flat,4,"118,125,132,137",0.000,0.000,0.000,0.000,not_reached,not_reached,32.667,36.250,0.587,0.324,0.119,0.761,0.745,0.192,0.026,0.323,0.470,3.352
trial_393,outcome,gravity_without_vertical,2,"128,148",0.000,1.000,0.000,0.000,46.000,48.500,31.500,31.000,0.925,0.909,0.112,0.819,0.785,0.870,0.006,0.792,0.469,4.194
trial_393,outcome,partial_tilt,2,"116,138",0.000,0.000,0.000,0.000,not_reached,53.000,66.000,65.000,0.764,0.446,0.117,0.783,0.654,0.405,0.024,0.699,0.442,3.546
trial_393,outcome,success,31,"110,111,112,114,115,117,119,120,121,122,123,124,126,127,129,130,131,133,134,135,136,139,140,141,142,143,144,145,146,147,149",1.000,1.000,1.000,0.000,60.645,59.355,33.226,33.290,0.912,0.867,0.117,0.764,0.755,0.813,0.031,0.867,0.468,4.322
trial_393,outcome,vertical_without_gravity,1,113,0.000,0.000,1.000,0.000,not_reached,52.000,35.000,19.000,0.892,0.418,0.125,0.432,0.221,0.205,0.017,0.825,0.414,3.248
trial_274,all,all,40,"110,111,112,113,114,115,116,117,118,119,120,121,122,123,124,125,126,127,128,129,130,131,132,133,134,135,136,137,138,139,140,141,142,143,144,145,146,147,148,149",0.900,0.975,0.900,0.000,49.641,50.421,26.950,21.425,0.901,0.854,0.097,0.770,0.767,0.784,0.034,0.845,0.418,4.860
trial_274,comparison,successful,36,"110,111,112,113,114,115,116,117,118,119,120,121,122,123,124,125,127,128,129,130,131,133,134,135,137,138,139,140,142,143,144,145,146,147,148,149",1.000,1.000,1.000,0.000,48.722,51.056,25.583,21.194,0.914,0.873,0.097,0.775,0.776,0.802,0.031,0.866,0.421,4.951
trial_274,comparison,unsuccessful,4,"126,132,136,141",0.000,0.750,0.000,0.000,60.667,39.000,39.250,23.500,0.784,0.680,0.096,0.724,0.685,0.619,0.061,0.656,0.390,4.045
trial_274,outcome,gravity_without_vertical,3,"126,132,141",0.000,1.000,0.000,0.000,60.667,39.000,30.333,25.333,0.863,0.776,0.096,0.715,0.645,0.702,0.073,0.785,0.380,4.165
trial_274,outcome,partial_transposition,1,136,0.000,0.000,0.000,0.000,not_reached,not_reached,66.000,18.000,0.545,0.394,0.095,0.751,0.804,0.368,0.026,0.271,0.422,3.683
trial_274,outcome,success,36,"110,111,112,113,114,115,116,117,118,119,120,121,122,123,124,125,127,128,129,130,131,133,134,135,137,138,139,140,142,143,144,145,146,147,148,149",1.000,1.000,1.000,0.000,48.722,51.056,25.583,21.194,0.914,0.873,0.097,0.775,0.776,0.802,0.031,0.866,0.421,4.951
trial_432,all,all,40,"110,111,112,113,114,115,116,117,118,119,120,121,122,123,124,125,126,127,128,129,130,131,132,133,134,135,136,137,138,139,140,141,142,143,144,145,146,147,148,149",0.950,1.000,0.950,0.000,56.975,44.225,25.275,26.650,0.909,0.860,0.108,0.765,0.748,0.789,0.043,0.856,0.458,5.908
trial_432,comparison,successful,38,"110,111,113,114,115,116,118,119,120,121,122,123,124,125,126,127,128,129,130,131,132,133,134,135,136,137,138,139,140,141,142,143,144,145,146,147,148,149",1.000,1.000,1.000,0.000,56.921,44.263,25.342,27.105,0.909,0.859,0.108,0.763,0.747,0.788,0.044,0.861,0.458,5.923
trial_432,comparison,unsuccessful,2,"112,117",0.000,1.000,0.000,0.000,58.000,43.500,24.000,18.000,0.919,0.869,0.104,0.801,0.776,0.807,0.035,0.765,0.454,5.626
trial_432,outcome,gravity_without_vertical,2,"112,117",0.000,1.000,0.000,0.000,58.000,43.500,24.000,18.000,0.919,0.869,0.104,0.801,0.776,0.807,0.035,0.765,0.454,5.626
trial_432,outcome,success,38,"110,111,113,114,115,116,118,119,120,121,122,123,124,125,126,127,128,129,130,131,132,133,134,135,136,137,138,139,140,141,142,143,144,145,146,147,148,149",1.000,1.000,1.000,0.000,56.921,44.263,25.342,27.105,0.909,0.859,0.108,0.763,0.747,0.788,0.044,0.861,0.458,5.923
trial_164,all,all,40,"110,111,112,113,114,115,116,117,118,119,120,121,122,123,124,125,126,127,128,129,130,131,132,133,134,135,136,137,138,139,140,141,142,143,144,145,146,147,148,149",0.900,0.925,0.900,0.000,44.243,49.216,27.744,21.850,0.883,0.843,0.091,0.787,0.798,0.771,0.034,0.827,0.409,4.532
trial_164,comparison,successful,36,"110,111,112,113,114,115,116,117,118,119,120,121,122,123,124,125,126,127,128,130,131,132,133,134,136,137,138,139,140,141,142,143,144,145,146,149",1.000,1.000,1.000,0.000,43.500,48.472,24.444,21.694,0.908,0.883,0.091,0.792,0.798,0.809,0.036,0.858,0.412,4.628
trial_164,comparison,unsuccessful,4,"129,135,147,148",0.000,0.250,0.000,0.000,71.000,76.000,67.333,23.250,0.657,0.485,0.089,0.744,0.794,0.427,0.014,0.549,0.388,3.673
trial_164,outcome,flat,1,135,0.000,0.000,0.000,0.000,not_reached,not_reached,not_reached,17.000,0.449,0.346,0.095,0.775,0.704,0.228,0.046,0.424,0.393,3.547
trial_164,outcome,gravity_without_vertical,1,147,0.000,1.000,0.000,0.000,71.000,76.000,27.000,40.000,0.895,0.855,0.081,0.826,0.888,0.769,0.000,0.768,0.402,4.268
trial_164,outcome,partial_tilt,1,148,0.000,0.000,0.000,0.000,not_reached,not_reached,113.000,18.000,0.538,0.353,0.083,0.681,0.811,0.353,0.010,0.538,0.378,3.491
trial_164,outcome,partial_transposition,1,129,0.000,0.000,0.000,0.000,not_reached,not_reached,62.000,18.000,0.746,0.388,0.096,0.693,0.774,0.358,0.002,0.468,0.380,3.387
trial_164,outcome,success,36,"110,111,112,113,114,115,116,117,118,119,120,121,122,123,124,125,126,127,128,130,131,132,133,134,136,137,138,139,140,141,142,143,144,145,146,149",1.000,1.000,1.000,0.000,43.500,48.472,24.444,21.694,0.908,0.883,0.091,0.792,0.798,0.809,0.036,0.858,0.412,4.628
trial_453,all,all,40,"110,111,112,113,114,115,116,117,118,119,120,121,122,123,124,125,126,127,128,129,130,131,132,133,134,135,136,137,138,139,140,141,142,143,144,145,146,147,148,149",0.875,0.975,0.875,0.000,43.667,49.359,28.750,20.425,0.893,0.864,0.088,0.779,0.788,0.807,0.026,0.838,0.387,3.659
trial_453,comparison,successful,35,"110,111,112,113,114,115,116,117,118,119,120,121,122,123,124,127,128,129,130,131,132,133,134,135,136,137,138,139,140,142,145,146,147,148,149",1.000,1.000,1.000,0.000,40.400,46.429,25.914,18.886,0.904,0.882,0.088,0.776,0.783,0.824,0.024,0.853,0.388,3.694
trial_453,comparison,unsuccessful,5,"125,126,141,143,144",0.000,0.800,0.000,0.000,72.250,75.000,48.600,31.200,0.809,0.740,0.089,0.803,0.824,0.694,0.039,0.735,0.378,3.412
trial_453,outcome,gravity_without_vertical,4,"125,141,143,144",0.000,1.000,0.000,0.000,72.250,75.000,30.750,35.250,0.882,0.822,0.090,0.813,0.832,0.765,0.047,0.789,0.377,3.499
trial_453,outcome,partial_tilt,1,126,0.000,0.000,0.000,0.000,not_reached,not_reached,120.000,15.000,0.517,0.411,0.085,0.763,0.789,0.411,0.010,0.517,0.380,3.063
trial_453,outcome,success,35,"110,111,112,113,114,115,116,117,118,119,120,121,122,123,124,127,128,129,130,131,132,133,134,135,136,137,138,139,140,142,145,146,147,148,149",1.000,1.000,1.000,0.000,40.400,46.429,25.914,18.886,0.904,0.882,0.088,0.776,0.783,0.824,0.024,0.853,0.388,3.694
trial_424,all,all,40,"110,111,112,113,114,115,116,117,118,119,120,121,122,123,124,125,126,127,128,129,130,131,132,133,134,135,136,137,138,139,140,141,142,143,144,145,146,147,148,149",0.875,1.000,0.900,0.000,50.425,48.275,24.500,23.650,0.904,0.862,0.108,0.739,0.743,0.788,0.028,0.846,0.448,5.745
trial_424,comparison,successful,35,"111,112,114,115,116,117,118,119,120,121,122,123,124,125,127,128,129,130,131,132,133,134,135,136,137,138,139,140,141,142,143,145,146,147,148",1.000,1.000,1.000,0.000,51.229,48.600,24.943,23.400,0.904,0.865,0.108,0.751,0.748,0.797,0.027,0.852,0.450,5.794
trial_424,comparison,unsuccessful,5,"110,113,126,144,149",0.000,1.000,0.200,0.000,44.800,46.000,21.400,25.400,0.905,0.842,0.108,0.652,0.709,0.722,0.036,0.801,0.435,5.404
trial_424,outcome,gravity_without_vertical,4,"110,113,144,149",0.000,1.000,0.000,0.000,44.500,46.000,19.750,24.500,0.900,0.863,0.109,0.618,0.755,0.785,0.028,0.792,0.440,5.482
trial_424,outcome,success,35,"111,112,114,115,116,117,118,119,120,121,122,123,124,125,127,128,129,130,131,132,133,134,135,136,137,138,139,140,141,142,143,145,146,147,148",1.000,1.000,1.000,0.000,51.229,48.600,24.943,23.400,0.904,0.865,0.108,0.751,0.748,0.797,0.027,0.852,0.450,5.794
trial_424,outcome,vertical_without_gravity,1,126,0.000,1.000,1.000,0.000,46.000,46.000,28.000,29.000,0.927,0.762,0.103,0.788,0.527,0.470,0.067,0.834,0.418,5.092
trial_175,all,all,40,"110,111,112,113,114,115,116,117,118,119,120,121,122,123,124,125,126,127,128,129,130,131,132,133,134,135,136,137,138,139,140,141,142,143,144,145,146,147,148,149",0.900,1.000,0.900,0.000,54.850,48.025,28.100,25.875,0.906,0.870,0.100,0.770,0.774,0.795,0.036,0.853,0.421,4.812
trial_175,comparison,successful,36,"110,111,112,113,114,115,116,117,118,119,120,121,122,123,124,125,126,127,128,129,130,131,132,133,135,136,137,138,139,140,141,142,144,145,146,149",1.000,1.000,1.000,0.000,54.917,48.389,28.056,26.194,0.906,0.872,0.101,0.771,0.784,0.799,0.039,0.861,0.422,4.857
trial_175,comparison,unsuccessful,4,"134,143,147,148",0.000,1.000,0.000,0.000,54.250,44.750,28.500,23.000,0.906,0.852,0.096,0.759,0.682,0.766,0.012,0.782,0.404,4.413
trial_175,outcome,gravity_without_vertical,4,"134,143,147,148",0.000,1.000,0.000,0.000,54.250,44.750,28.500,23.000,0.906,0.852,0.096,0.759,0.682,0.766,0.012,0.782,0.404,4.413
trial_175,outcome,success,36,"110,111,112,113,114,115,116,117,118,119,120,121,122,123,124,125,126,127,128,129,130,131,132,133,135,136,137,138,139,140,141,142,144,145,146,149",1.000,1.000,1.000,0.000,54.917,48.389,28.056,26.194,0.906,0.872,0.101,0.771,0.784,0.799,0.039,0.861,0.422,4.857
trial_176,all,all,40,"110,111,112,113,114,115,116,117,118,119,120,121,122,123,124,125,126,127,128,129,130,131,132,133,134,135,136,137,138,139,140,141,142,143,144,145,146,147,148,149",0.900,1.000,0.900,0.000,54.850,48.025,28.100,25.875,0.906,0.870,0.100,0.770,0.774,0.795,0.036,0.853,0.421,4.812
trial_176,comparison,successful,36,"110,111,112,113,114,115,116,117,118,119,120,121,122,123,124,125,126,127,128,129,130,131,132,133,135,136,137,138,139,140,141,142,144,145,146,149",1.000,1.000,1.000,0.000,54.917,48.389,28.056,26.194,0.906,0.872,0.101,0.771,0.784,0.799,0.039,0.861,0.422,4.857
trial_176,comparison,unsuccessful,4,"134,143,147,148",0.000,1.000,0.000,0.000,54.250,44.750,28.500,23.000,0.906,0.852,0.096,0.759,0.682,0.766,0.012,0.782,0.404,4.413
trial_176,outcome,gravity_without_vertical,4,"134,143,147,148",0.000,1.000,0.000,0.000,54.250,44.750,28.500,23.000,0.906,0.852,0.096,0.759,0.682,0.766,0.012,0.782,0.404,4.413
trial_176,outcome,success,36,"110,111,112,113,114,115,116,117,118,119,120,121,122,123,124,125,126,127,128,129,130,131,132,133,135,136,137,138,139,140,141,142,144,145,146,149",1.000,1.000,1.000,0.000,54.917,48.389,28.056,26.194,0.906,0.872,0.101,0.771,0.784,0.799,0.039,0.861,0.422,4.857
trial_237,all,all,40,"110,111,112,113,114,115,116,117,118,119,120,121,122,123,124,125,126,127,128,129,130,131,132,133,134,135,136,137,138,139,140,141,142,143,144,145,146,147,148,149",0.850,1.000,0.875,0.000,52.100,46.850,26.375,28.550,0.905,0.841,0.121,0.726,0.735,0.777,0.036,0.849,0.480,6.431
trial_237,comparison,successful,34,"112,114,115,116,117,119,120,121,122,123,124,125,126,127,128,129,130,132,133,134,135,137,138,139,140,141,142,143,144,145,146,147,148,149",1.000,1.000,1.000,0.000,51.235,47.118,26.765,28.176,0.908,0.853,0.120,0.733,0.731,0.793,0.039,0.861,0.481,6.475
trial_237,comparison,unsuccessful,6,"110,111,113,118,131,136",0.000,1.000,0.167,0.000,57.000,45.333,24.167,30.667,0.890,0.772,0.121,0.684,0.757,0.684,0.019,0.783,0.477,6.179
trial_237,outcome,gravity_without_vertical,5,"111,113,118,131,136",0.000,1.000,0.000,0.000,47.200,39.600,24.800,29.400,0.892,0.814,0.123,0.738,0.767,0.751,0.006,0.770,0.482,6.244
trial_237,outcome,success,34,"112,114,115,116,117,119,120,121,122,123,124,125,126,127,128,129,130,132,133,134,135,137,138,139,140,141,142,143,144,145,146,147,148,149",1.000,1.000,1.000,0.000,51.235,47.118,26.765,28.176,0.908,0.853,0.120,0.733,0.731,0.793,0.039,0.861,0.481,6.475
trial_237,outcome,vertical_without_gravity,1,110,0.000,1.000,1.000,0.000,106.000,74.000,21.000,37.000,0.884,0.563,0.115,0.415,0.708,0.348,0.086,0.844,0.453,5.855
trial_155,all,all,40,"110,111,112,113,114,115,116,117,118,119,120,121,122,123,124,125,126,127,128,129,130,131,132,133,134,135,136,137,138,139,140,141,142,143,144,145,146,147,148,149",0.750,1.000,0.775,0.000,49.650,46.650,24.675,21.175,0.903,0.855,0.104,0.714,0.735,0.776,0.032,0.830,0.428,5.414
trial_155,comparison,successful,30,"110,112,113,114,115,116,117,118,119,120,121,122,123,124,125,126,127,128,129,130,131,132,137,138,139,140,143,144,145,147",1.000,1.000,1.000,0.000,49.767,46.000,24.400,22.200,0.905,0.861,0.103,0.726,0.749,0.789,0.030,0.847,0.432,5.505
trial_155,comparison,unsuccessful,10,"111,133,134,135,136,141,142,146,148,149",0.000,1.000,0.100,0.000,49.300,48.600,25.500,18.100,0.897,0.839,0.104,0.680,0.693,0.735,0.040,0.781,0.417,5.138
trial_155,outcome,gravity_without_vertical,9,"111,133,135,136,141,142,146,148,149",0.000,1.000,0.000,0.000,47.000,48.333,25.222,18.111,0.900,0.874,0.104,0.716,0.730,0.786,0.043,0.777,0.423,5.225
trial_155,outcome,success,30,"110,112,113,114,115,116,117,118,119,120,121,122,123,124,125,126,127,128,129,130,131,132,137,138,139,140,143,144,145,147",1.000,1.000,1.000,0.000,49.767,46.000,24.400,22.200,0.905,0.861,0.103,0.726,0.749,0.789,0.030,0.847,0.432,5.505
trial_155,outcome,vertical_without_gravity,1,134,0.000,1.000,1.000,0.000,70.000,51.000,28.000,18.000,0.871,0.520,0.106,0.363,0.355,0.271,0.005,0.816,0.367,4.358
trial_169,all,all,40,"110,111,112,113,114,115,116,117,118,119,120,121,122,123,124,125,126,127,128,129,130,131,132,133,134,135,136,137,138,139,140,141,142,143,144,145,146,147,148,149",0.900,0.975,0.900,0.000,62.385,56.692,27.275,28.450,0.897,0.848,0.094,0.771,0.782,0.791,0.035,0.844,0.406,4.514
trial_169,comparison,successful,36,"111,112,113,115,116,117,118,119,120,121,122,123,125,126,127,128,129,130,131,132,133,134,135,136,137,138,139,140,141,142,143,144,145,147,148,149",1.000,1.000,1.000,0.000,62.861,56.972,26.389,26.889,0.903,0.858,0.095,0.772,0.785,0.807,0.035,0.859,0.407,4.562
trial_169,comparison,unsuccessful,4,"110,114,124,146",0.000,0.750,0.000,0.000,56.667,53.333,35.250,42.500,0.838,0.749,0.091,0.767,0.760,0.644,0.040,0.710,0.396,4.088
trial_169,outcome,gravity_without_vertical,3,"110,114,146",0.000,1.000,0.000,0.000,56.667,53.333,29.000,28.333,0.925,0.879,0.091,0.757,0.757,0.739,0.040,0.784,0.395,4.216
trial_169,outcome,partial_transposition,1,124,0.000,0.000,0.000,0.000,not_reached,not_reached,54.000,85.000,0.578,0.361,0.090,0.798,0.768,0.361,0.038,0.490,0.400,3.702
trial_169,outcome,success,36,"111,112,113,115,116,117,118,119,120,121,122,123,125,126,127,128,129,130,131,132,133,134,135,136,137,138,139,140,141,142,143,144,145,147,148,149",1.000,1.000,1.000,0.000,62.861,56.972,26.389,26.889,0.903,0.858,0.095,0.772,0.785,0.807,0.035,0.859,0.407,4.562
