number,state,value,food_site_count,food_site_width,food_site_capacity,food_value,vertical_comb_benefit,food_site_max_distance,travel_cost_per_distance,mutation_sd,transposition_mutation_correlation,stable_count,seed_count,collapse_count,mean_progress,mean_final_success,mean_final_payoff,mean_final_comb_tilt,mean_final_min_transposition,elapsed_seconds
0,COMPLETE,0.217,4,0.250,15,1.000,0.420,6.500,0.040,0.130,0.400,0,10,0,0.217,0.362,1.812,0.176,0.216,887.564
1,COMPLETE,2.817,9,0.440,7,1.000,0.320,6.500,0.045,0.090,1.000,2,10,0,0.817,0.735,8.157,0.764,0.576,1247.637
2,COMPLETE,0.191,3,0.220,12,1.000,0.220,7.000,0.025,0.080,0.600,0,10,0,0.191,0.288,1.610,0.153,0.202,740.878
3,COMPLETE,7.992,5,0.360,16,1.000,0.460,9.000,0.020,0.130,0.700,7,10,0,0.992,0.454,5.610,0.825,0.792,996.094
4,COMPLETE,0.573,9,0.240,4,1.000,0.220,8.500,0.020,0.060,0.000,0,10,0,0.573,0.451,4.498,0.602,0.327,896.915
5,COMPLETE,6.906,10,0.240,10,1.000,0.460,6.500,0.025,0.100,0.400,6,10,0,0.906,0.545,6.847,0.802,0.647,1090.403
6,COMPLETE,7.813,4,0.410,10,1.000,0.580,7.500,0.020,0.070,0.700,7,10,0,0.813,0.561,7.572,0.728,0.653,1029.930
7,COMPLETE,2.819,10,0.420,7,1.000,0.460,7.000,0.020,0.080,0.900,2,10,0,0.819,0.743,10.701,0.808,0.502,1236.144
8,COMPLETE,2.851,9,0.430,14,1.000,0.540,7.000,0.015,0.130,0.200,2,10,0,0.851,0.701,10.715,0.783,0.491,1221.460
9,COMPLETE,0.297,10,0.220,14,1.000,0.120,4.500,0.045,0.060,0.600,0,10,0,0.297,0.568,4.651,0.317,0.208,1124.797
10,COMPLETE,3.709,6,0.450,13,1.000,0.300,5.500,0.035,0.090,0.200,3,10,0,0.709,0.676,7.492,0.676,0.526,1238.631
11,COMPLETE,4.953,6,0.360,6,1.000,0.400,8.000,0.020,0.130,1.000,4,10,0,0.953,0.488,5.928,0.772,0.707,1023.609
12,COMPLETE,0.219,3,0.420,16,1.000,0.320,8.500,0.040,0.120,0.300,0,10,0,0.219,0.467,3.031,0.176,0.207,973.064
13,COMPLETE,2.460,7,0.320,13,1.000,0.360,6.500,0.035,0.050,0.500,2,10,0,0.460,0.602,6.021,0.540,0.297,1095.571
14,COMPLETE,0.138,4,0.290,16,1.000,0.140,6.500,0.060,0.060,1.000,0,10,0,0.138,0.470,1.879,0.110,0.191,1007.969
15,COMPLETE,4.904,10,0.270,14,1.000,0.320,5.000,0.045,0.090,0.600,4,10,0,0.904,0.607,6.346,0.803,0.631,1189.273
16,COMPLETE,0.739,9,0.320,5,1.000,0.120,5.500,0.020,0.080,0.500,0,10,0,0.739,0.608,6.661,0.640,0.498,1090.988
17,COMPLETE,2.496,8,0.240,12,1.000,0.380,9.000,0.030,0.050,0.500,2,10,0,0.496,0.474,4.129,0.464,0.372,957.220
18,COMPLETE,0.214,5,0.240,8,1.000,0.260,8.500,0.040,0.110,0.700,0,10,0,0.214,0.366,1.656,0.171,0.199,919.766
19,COMPLETE,2.779,9,0.300,11,1.000,0.260,5.500,0.045,0.100,0.200,2,10,0,0.779,0.596,5.651,0.696,0.495,1171.754
20,COMPLETE,2.647,8,0.210,11,1.000,0.300,6.000,0.060,0.140,0.800,2,10,0,0.647,0.449,2.137,0.524,0.542,1081.000
21,COMPLETE,1.359,7,0.390,7,1.000,0.300,5.500,0.055,0.040,0.400,1,10,0,0.359,0.655,5.719,0.467,0.225,1067.694
22,COMPLETE,7.989,6,0.260,12,1.000,0.480,5.000,0.015,0.120,0.200,7,10,0,0.989,0.444,6.055,0.809,0.719,957.488
23,COMPLETE,1.461,6,0.230,16,1.000,0.560,6.500,0.025,0.050,0.100,1,10,0,0.461,0.419,4.241,0.582,0.257,865.193
24,COMPLETE,0.218,4,0.300,16,1.000,0.160,8.500,0.030,0.110,0.300,0,10,0,0.218,0.395,2.676,0.174,0.211,901.900
25,COMPLETE,2.556,9,0.400,13,1.000,0.220,8.500,0.050,0.080,0.200,2,10,0,0.556,0.688,6.012,0.513,0.379,1264.309
26,COMPLETE,1.271,4,0.330,15,1.000,0.340,8.000,0.045,0.080,1.000,1,10,0,0.271,0.477,2.863,0.222,0.278,1036.507
27,COMPLETE,7.996,10,0.250,13,1.000,0.560,8.500,0.035,0.100,0.600,7,10,0,0.996,0.517,5.790,0.841,0.719,1097.259
28,COMPLETE,7.929,9,0.420,8,1.000,0.560,6.500,0.035,0.090,0.800,7,10,0,0.929,0.742,10.391,0.840,0.658,1285.549
29,COMPLETE,1.336,3,0.290,13,1.000,0.540,6.000,0.020,0.070,0.400,1,10,0,0.336,0.383,3.628,0.288,0.235,848.916
30,COMPLETE,0.332,6,0.270,5,1.000,0.180,8.500,0.020,0.050,0.800,0,10,0,0.332,0.426,3.790,0.318,0.189,850.579
31,COMPLETE,0.307,6,0.450,5,1.000,0.200,9.000,0.050,0.060,0.500,0,10,0,0.307,0.570,3.785,0.256,0.247,1044.506
32,COMPLETE,0.191,6,0.210,15,1.000,0.240,9.000,0.035,0.060,0.300,0,10,0,0.191,0.377,2.001,0.153,0.193,913.193
33,COMPLETE,0.220,5,0.230,11,1.000,0.420,7.000,0.035,0.090,0.400,0,10,0,0.220,0.401,2.513,0.176,0.205,935.618
34,COMPLETE,0.175,3,0.330,11,1.000,0.260,9.000,0.020,0.060,0.500,0,10,0,0.175,0.386,3.215,0.140,0.228,829.570
35,COMPLETE,1.539,6,0.330,8,1.000,0.380,6.000,0.030,0.050,0.700,1,10,0,0.539,0.560,5.915,0.606,0.318,1057.759
36,COMPLETE,1.233,3,0.200,16,1.000,0.500,8.000,0.040,0.120,0.700,1,10,0,0.233,0.248,0.183,0.194,0.220,634.452
37,COMPLETE,8.996,10,0.260,16,1.000,0.460,9.000,0.040,0.090,1.000,8,10,0,0.996,0.533,5.271,0.835,0.779,1105.155
38,COMPLETE,0.923,10,0.350,8,1.000,0.400,7.500,0.015,0.140,0.300,0,10,0,0.923,0.635,8.664,0.739,0.607,1198.658
39,COMPLETE,6.880,7,0.280,13,1.000,0.580,4.500,0.015,0.060,0.700,6,10,0,0.880,0.535,8.227,0.842,0.623,997.265
40,COMPLETE,0.203,9,0.200,13,1.000,0.140,8.000,0.045,0.070,0.800,0,10,0,0.203,0.473,2.674,0.163,0.227,1070.066
41,COMPLETE,1.543,9,0.420,6,1.000,0.220,7.000,0.045,0.050,0.600,1,10,0,0.543,0.725,7.034,0.593,0.319,1204.657
42,COMPLETE,2.881,8,0.300,5,1.000,0.240,7.000,0.060,0.120,0.700,2,10,0,0.881,0.536,3.344,0.710,0.684,1088.325
43,COMPLETE,3.554,5,0.220,14,1.000,0.560,8.500,0.025,0.090,0.700,3,10,0,0.554,0.338,2.725,0.463,0.460,856.139
44,COMPLETE,9.999,9,0.220,10,1.000,0.460,7.000,0.045,0.100,1.000,9,10,0,0.999,0.505,4.413,0.851,0.777,1119.719
45,COMPLETE,0.189,3,0.450,4,1.000,0.100,5.500,0.055,0.040,0.100,0,10,0,0.189,0.417,1.960,0.160,0.164,811.586
46,COMPLETE,0.153,4,0.240,6,1.000,0.120,7.000,0.045,0.050,0.200,0,10,0,0.153,0.370,1.289,0.135,0.169,866.660
47,COMPLETE,0.192,9,0.180,16,1.000,0.300,7.000,0.060,0.060,0.100,0,10,0,0.192,0.469,1.728,0.154,0.157,1089.598
48,COMPLETE,0.389,9,0.350,4,1.000,0.200,5.500,0.025,0.040,0.300,0,10,0,0.389,0.650,7.347,0.699,0.195,1015.423
49,COMPLETE,3.476,5,0.230,14,1.000,0.560,7.500,0.035,0.080,1.000,3,10,0,0.476,0.392,2.694,0.401,0.407,931.748
50,COMPLETE,5.643,7,0.260,14,1.000,0.340,7.500,0.030,0.080,0.200,5,10,0,0.643,0.495,4.618,0.576,0.478,1023.616
51,COMPLETE,2.918,8,0.400,8,1.000,0.340,6.000,0.040,0.140,1.000,2,10,0,0.918,0.661,7.431,0.758,0.666,1232.823
52,COMPLETE,1.806,10,0.400,8,1.000,0.300,4.500,0.035,0.140,0.800,1,10,0,0.806,0.745,8.969,0.698,0.488,1315.199
53,COMPLETE,0.272,5,0.200,9,1.000,0.160,8.500,0.020,0.090,0.400,0,10,0,0.272,0.309,2.223,0.229,0.209,801.516
54,COMPLETE,0.575,4,0.450,5,1.000,0.120,6.500,0.045,0.130,0.700,0,10,0,0.575,0.484,3.199,0.460,0.479,980.661
55,COMPLETE,0.144,4,0.360,9,1.000,0.160,5.000,0.060,0.040,0.400,0,10,0,0.144,0.576,3.912,0.119,0.153,1050.719
56,COMPLETE,2.482,4,0.290,7,1.000,0.280,5.500,0.040,0.110,0.800,2,10,0,0.482,0.418,2.811,0.390,0.427,950.922
57,COMPLETE,0.793,9,0.420,6,1.000,0.220,8.500,0.025,0.110,0.100,0,10,0,0.793,0.636,7.062,0.698,0.518,1155.069
58,COMPLETE,3.478,5,0.450,15,1.000,0.240,4.500,0.025,0.080,0.700,3,10,0,0.478,0.678,7.474,0.397,0.373,1181.757
59,COMPLETE,1.322,6,0.210,13,1.000,0.560,7.500,0.035,0.060,0.700,1,10,0,0.322,0.412,2.765,0.269,0.258,955.635
60,COMPLETE,0.431,8,0.430,8,1.000,0.120,8.000,0.020,0.070,0.100,0,10,0,0.431,0.689,7.356,0.410,0.355,1177.582
61,COMPLETE,0.552,10,0.230,10,1.000,0.160,6.000,0.025,0.050,0.900,0,10,0,0.552,0.552,5.520,0.557,0.296,1040.553
62,COMPLETE,0.372,7,0.340,12,1.000,0.200,7.000,0.015,0.040,0.600,0,10,0,0.372,0.605,6.767,0.467,0.219,972.485
63,COMPLETE,4.679,10,0.300,5,1.000,0.600,4.500,0.030,0.050,0.600,4,10,0,0.679,0.635,9.323,0.864,0.374,1054.062
64,COMPLETE,6.725,9,0.180,12,1.000,0.480,5.500,0.045,0.070,0.600,6,10,0,0.725,0.442,3.512,0.676,0.553,985.541
65,COMPLETE,3.549,9,0.390,7,1.000,0.420,9.000,0.025,0.050,0.600,3,10,0,0.549,0.632,7.940,0.789,0.343,1086.442
66,COMPLETE,4.813,4,0.260,5,1.000,0.240,7.000,0.010,0.110,0.500,4,10,0,0.813,0.319,3.508,0.656,0.653,780.234
67,COMPLETE,0.328,6,0.360,11,1.000,0.400,7.500,0.030,0.050,0.300,0,10,0,0.328,0.604,5.963,0.351,0.214,1062.775
68,COMPLETE,0.211,6,0.280,14,1.000,0.120,7.500,0.040,0.090,0.900,0,10,0,0.211,0.500,3.433,0.169,0.193,1074.349
69,COMPLETE,1.376,9,0.200,9,1.000,0.380,5.000,0.055,0.040,0.700,1,10,0,0.376,0.501,3.474,0.350,0.254,973.055
70,COMPLETE,1.414,7,0.310,7,1.000,0.360,7.000,0.035,0.060,0.400,1,10,0,0.414,0.567,5.238,0.427,0.255,1100.552
71,COMPLETE,0.229,3,0.420,16,1.000,0.340,6.500,0.030,0.100,0.000,0,10,0,0.229,0.508,4.387,0.183,0.196,1030.532
72,COMPLETE,0.197,7,0.190,12,1.000,0.180,5.000,0.060,0.110,0.400,0,10,0,0.197,0.392,1.581,0.158,0.222,1000.819
73,COMPLETE,1.456,7,0.370,4,1.000,0.120,5.000,0.060,0.070,0.500,1,10,0,0.456,0.581,4.115,0.409,0.334,1003.537
74,COMPLETE,0.438,10,0.310,4,1.000,0.240,4.500,0.035,0.040,0.600,0,10,0,0.438,0.637,7.168,0.814,0.219,1016.793
75,COMPLETE,0.148,3,0.250,13,1.000,0.100,8.500,0.025,0.060,0.000,0,10,0,0.148,0.314,1.842,0.118,0.205,754.155
76,COMPLETE,2.474,8,0.390,10,1.000,0.240,8.000,0.055,0.080,0.200,2,10,0,0.474,0.676,5.478,0.413,0.379,1261.062
77,COMPLETE,5.857,10,0.450,12,1.000,0.380,8.500,0.015,0.090,0.300,5,10,0,0.857,0.708,9.840,0.782,0.541,1243.724
78,COMPLETE,0.176,3,0.220,7,1.000,0.120,6.000,0.020,0.080,0.300,0,10,0,0.176,0.287,2.022,0.141,0.182,736.602
79,COMPLETE,4.886,10,0.390,9,1.000,0.480,9.000,0.010,0.100,0.900,4,10,0,0.886,0.641,9.666,0.795,0.514,1228.546
80,COMPLETE,4.930,10,0.370,10,1.000,0.500,9.000,0.010,0.100,0.900,4,10,0,0.930,0.642,9.823,0.808,0.684,1201.620
81,COMPLETE,3.971,10,0.380,10,1.000,0.500,9.000,0.010,0.100,0.900,3,10,0,0.971,0.652,9.947,0.788,0.683,1179.809
82,COMPLETE,4.930,10,0.370,10,1.000,0.500,9.000,0.010,0.100,0.900,4,10,0,0.930,0.642,9.823,0.808,0.684,1207.768
83,COMPLETE,11.000,10,0.260,10,1.000,0.520,9.000,0.050,0.100,0.900,10,10,0,1.000,0.534,4.659,0.847,0.825,1167.992
84,COMPLETE,8.944,10,0.370,10,1.000,0.520,9.000,0.010,0.100,0.900,8,10,0,0.944,0.652,10.219,0.841,0.669,1168.024
85,COMPLETE,3.971,10,0.380,10,1.000,0.500,9.000,0.010,0.100,0.900,3,10,0,0.971,0.652,9.947,0.788,0.683,1166.518
86,COMPLETE,5.972,10,0.380,10,1.000,0.460,9.000,0.015,0.100,0.900,5,10,0,0.972,0.655,9.455,0.812,0.688,1219.382
87,COMPLETE,7.972,10,0.260,10,1.000,0.460,9.000,0.010,0.100,0.900,7,10,0,0.972,0.515,7.425,0.802,0.709,1060.692
88,COMPLETE,3.971,10,0.380,10,1.000,0.500,9.000,0.010,0.100,0.900,3,10,0,0.971,0.652,9.947,0.788,0.683,1174.008
89,COMPLETE,6.955,10,0.380,10,1.000,0.460,9.000,0.010,0.100,0.900,6,10,0,0.955,0.654,9.867,0.830,0.623,1220.723
90,COMPLETE,7.972,10,0.260,10,1.000,0.460,9.000,0.010,0.100,0.900,7,10,0,0.972,0.515,7.425,0.802,0.709,1051.441
91,COMPLETE,6.993,10,0.250,10,1.000,0.460,9.000,0.010,0.100,0.900,6,10,0,0.993,0.501,7.240,0.826,0.683,1101.809
92,COMPLETE,5.987,10,0.250,10,1.000,0.520,9.000,0.010,0.100,0.900,5,10,0,0.987,0.498,7.426,0.813,0.712,1059.060
93,COMPLETE,6.993,10,0.250,10,1.000,0.460,9.000,0.010,0.100,0.900,6,10,0,0.993,0.501,7.240,0.826,0.683,1100.746
94,COMPLETE,9.941,10,0.250,10,1.000,0.520,9.000,0.050,0.100,0.900,9,10,0,0.941,0.518,4.325,0.835,0.784,1168.804
95,COMPLETE,9.941,10,0.250,10,1.000,0.520,9.000,0.050,0.100,0.900,9,10,0,0.941,0.518,4.325,0.835,0.784,1165.197
96,COMPLETE,6.953,10,0.260,10,1.000,0.440,6.500,0.015,0.100,0.800,6,10,0,0.953,0.587,8.214,0.811,0.605,1104.479
97,COMPLETE,3.966,10,0.260,15,1.000,0.440,6.500,0.015,0.120,0.800,3,10,0,0.966,0.575,7.979,0.784,0.620,1132.102
98,COMPLETE,5.994,5,0.260,15,1.000,0.600,6.500,0.015,0.130,0.800,5,10,0,0.994,0.396,5.513,0.810,0.762,910.996
99,COMPLETE,2.931,10,0.250,15,1.000,0.460,6.500,0.050,0.130,1.000,2,10,0,0.931,0.555,5.150,0.746,0.661,1205.719
100,COMPLETE,6.980,10,0.260,11,1.000,0.520,9.000,0.050,0.120,1.000,6,10,0,0.980,0.524,4.447,0.819,0.758,1162.548
101,COMPLETE,5.987,10,0.250,11,1.000,0.460,9.000,0.050,0.120,1.000,5,10,0,0.987,0.504,3.943,0.812,0.754,1140.351
102,COMPLETE,6.923,10,0.250,15,1.000,0.440,9.000,0.015,0.090,1.000,6,10,0,0.923,0.507,6.775,0.808,0.647,1084.559
103,COMPLETE,6.985,10,0.250,11,1.000,0.440,9.000,0.050,0.130,1.000,6,10,0,0.985,0.505,3.943,0.811,0.734,1156.024
104,COMPLETE,7.981,10,0.250,11,1.000,0.440,9.000,0.050,0.120,1.000,7,10,0,0.981,0.509,3.973,0.804,0.786,1159.074
105,COMPLETE,5.989,10,0.250,11,1.000,0.440,8.500,0.050,0.120,1.000,5,10,0,0.989,0.521,4.193,0.798,0.769,1164.951
106,COMPLETE,7.993,10,0.260,11,1.000,0.440,8.500,0.050,0.120,1.000,7,10,0,0.993,0.538,4.539,0.822,0.757,1182.998
107,COMPLETE,8.994,9,0.270,11,1.000,0.440,8.500,0.050,0.090,1.000,8,10,0,0.994,0.550,4.723,0.852,0.832,1177.211
108,COMPLETE,4.982,9,0.260,11,1.000,0.440,8.500,0.050,0.130,1.000,4,10,0,0.982,0.516,4.036,0.795,0.771,1147.622
109,COMPLETE,8.993,9,0.270,15,1.000,0.440,8.500,0.050,0.120,1.000,8,10,0,0.993,0.530,4.438,0.831,0.816,1177.524
110,COMPLETE,7.991,10,0.270,11,1.000,0.440,8.500,0.050,0.120,1.000,7,10,0,0.991,0.558,4.927,0.821,0.764,1176.730
111,COMPLETE,6.961,9,0.270,11,1.000,0.440,8.500,0.050,0.120,1.000,6,10,0,0.961,0.522,4.175,0.787,0.776,1162.575
112,COMPLETE,5.980,9,0.280,11,1.000,0.540,8.500,0.050,0.120,1.000,5,10,0,0.980,0.531,4.743,0.814,0.744,1156.532
113,COMPLETE,9.999,9,0.270,11,1.000,0.540,8.500,0.050,0.120,1.000,9,10,0,0.999,0.530,4.683,0.839,0.804,1151.305
114,COMPLETE,9.996,9,0.270,11,1.000,0.540,8.500,0.050,0.110,1.000,9,10,0,0.996,0.537,4.820,0.839,0.807,1160.242
115,COMPLETE,9.996,9,0.270,11,1.000,0.540,8.500,0.050,0.110,1.000,9,10,0,0.996,0.537,4.820,0.839,0.807,1162.370
116,COMPLETE,9.996,9,0.270,11,1.000,0.540,8.500,0.050,0.110,1.000,9,10,0,0.996,0.537,4.820,0.839,0.807,1153.759
117,COMPLETE,8.996,9,0.270,9,1.000,0.540,8.500,0.050,0.110,1.000,8,10,0,0.996,0.532,4.697,0.837,0.799,1147.233
118,COMPLETE,8.996,9,0.270,9,1.000,0.540,8.500,0.050,0.110,1.000,8,10,0,0.996,0.532,4.697,0.837,0.799,1149.458
119,COMPLETE,8.996,9,0.270,9,1.000,0.540,8.500,0.050,0.110,1.000,8,10,0,0.996,0.532,4.697,0.837,0.799,1158.323
120,COMPLETE,11.000,9,0.280,9,1.000,0.540,8.500,0.055,0.110,1.000,10,10,0,1.000,0.546,4.653,0.839,0.811,1186.899
121,COMPLETE,8.993,9,0.270,9,1.000,0.540,8.500,0.055,0.110,1.000,8,10,0,0.993,0.534,4.283,0.821,0.830,1178.474
122,COMPLETE,8.993,9,0.270,9,1.000,0.540,8.500,0.055,0.110,1.000,8,10,0,0.993,0.534,4.283,0.821,0.830,1183.670
123,COMPLETE,11.000,9,0.280,9,1.000,0.540,8.500,0.055,0.110,1.000,10,10,0,1.000,0.546,4.653,0.839,0.811,1193.221
124,COMPLETE,9.945,9,0.240,9,1.000,0.540,8.500,0.055,0.110,1.000,9,10,0,0.945,0.491,3.388,0.802,0.782,1145.715
125,COMPLETE,8.993,9,0.270,9,1.000,0.540,8.500,0.055,0.110,1.000,8,10,0,0.993,0.534,4.283,0.821,0.830,1190.845
126,COMPLETE,11.000,9,0.280,9,1.000,0.540,8.500,0.055,0.110,1.000,10,10,0,1.000,0.546,4.653,0.839,0.811,1184.957
127,COMPLETE,11.000,9,0.280,9,1.000,0.540,8.500,0.055,0.110,1.000,10,10,0,1.000,0.546,4.653,0.839,0.811,1177.656
128,COMPLETE,7.952,9,0.270,9,1.000,0.480,8.500,0.055,0.110,1.000,7,10,0,0.952,0.531,4.092,0.789,0.774,1157.669
129,COMPLETE,8.965,9,0.240,9,1.000,0.540,8.000,0.055,0.110,1.000,8,10,0,0.965,0.517,3.807,0.812,0.777,1143.507
130,COMPLETE,9.996,9,0.240,9,1.000,0.520,8.000,0.055,0.110,1.000,9,10,0,0.996,0.519,3.843,0.840,0.804,1144.399
131,COMPLETE,7.937,9,0.280,9,1.000,0.520,8.000,0.055,0.110,1.000,7,10,0,0.937,0.576,4.944,0.787,0.761,1195.054
132,COMPLETE,9.998,9,0.290,9,1.000,0.540,8.000,0.055,0.110,1.000,9,10,0,0.998,0.582,5.369,0.846,0.813,1204.188
133,COMPLETE,9.998,9,0.290,9,1.000,0.540,8.000,0.055,0.110,1.000,9,10,0,0.998,0.582,5.369,0.846,0.813,1202.901
134,COMPLETE,6.982,9,0.280,9,1.000,0.540,8.000,0.055,0.110,1.000,6,10,0,0.982,0.567,4.896,0.809,0.778,1189.508
135,COMPLETE,9.996,8,0.290,9,1.000,0.580,8.000,0.055,0.110,1.000,9,10,0,0.996,0.537,4.607,0.838,0.826,1155.129
136,COMPLETE,9.993,9,0.290,9,1.000,0.580,8.000,0.055,0.110,1.000,9,10,0,0.993,0.574,5.317,0.831,0.808,1194.704
137,COMPLETE,11.000,8,0.280,9,1.000,0.580,8.000,0.055,0.110,1.000,10,10,0,1.000,0.539,4.509,0.838,0.815,1153.549
138,COMPLETE,9.996,8,0.290,9,1.000,0.580,8.000,0.055,0.110,1.000,9,10,0,0.996,0.537,4.607,0.838,0.826,1152.649
139,COMPLETE,11.000,8,0.290,9,1.000,0.540,8.000,0.055,0.110,1.000,10,10,0,1.000,0.546,4.693,0.844,0.824,1159.068
140,COMPLETE,9.996,8,0.290,9,1.000,0.580,8.000,0.055,0.110,1.000,9,10,0,0.996,0.537,4.607,0.838,0.826,1162.392
141,COMPLETE,9.996,8,0.290,9,1.000,0.580,8.000,0.055,0.110,1.000,9,10,0,0.996,0.537,4.607,0.838,0.826,1161.327
142,COMPLETE,9.996,8,0.290,9,1.000,0.580,8.000,0.055,0.110,1.000,9,10,0,0.996,0.537,4.607,0.838,0.826,1155.289
143,COMPLETE,9.996,8,0.290,9,1.000,0.580,8.000,0.055,0.110,1.000,9,10,0,0.996,0.537,4.607,0.838,0.826,1157.544
144,COMPLETE,9.998,8,0.290,8,1.000,0.520,8.000,0.055,0.110,0.900,9,10,0,0.998,0.549,4.540,0.834,0.820,1155.742
145,COMPLETE,9.982,8,0.290,12,1.000,0.580,8.000,0.055,0.110,0.900,9,10,0,0.982,0.542,4.591,0.836,0.778,1165.965
146,COMPLETE,9.999,8,0.290,8,1.000,0.580,8.000,0.055,0.110,1.000,9,10,0,0.999,0.557,4.856,0.837,0.826,1163.497
147,COMPLETE,10.000,8,0.290,8,1.000,0.580,8.000,0.055,0.110,0.900,9,10,0,1.000,0.534,4.539,0.845,0.802,1176.180
148,COMPLETE,9.999,8,0.290,8,1.000,0.580,8.000,0.055,0.110,1.000,9,10,0,0.999,0.557,4.856,0.837,0.826,1167.791
149,COMPLETE,9.999,8,0.290,8,1.000,0.580,8.000,0.055,0.110,1.000,9,10,0,0.999,0.557,4.856,0.837,0.826,1161.538
150,COMPLETE,7.990,8,0.290,8,1.000,0.560,8.000,0.055,0.110,1.000,7,10,0,0.990,0.542,4.505,0.821,0.789,1171.204
151,COMPLETE,8.993,8,0.290,8,1.000,0.580,8.000,0.060,0.110,1.000,8,10,0,0.993,0.548,4.299,0.833,0.807,1170.451
152,COMPLETE,8.993,8,0.290,8,1.000,0.580,8.000,0.060,0.110,1.000,8,10,0,0.993,0.548,4.299,0.833,0.807,1168.958
153,COMPLETE,11.000,8,0.290,8,1.000,0.560,8.000,0.060,0.110,1.000,10,10,0,1.000,0.558,4.352,0.858,0.829,1187.094
154,COMPLETE,11.000,8,0.300,8,1.000,0.560,8.000,0.060,0.110,1.000,10,10,0,1.000,0.563,4.575,0.859,0.839,1190.091
155,COMPLETE,8.994,8,0.310,8,1.000,0.560,8.000,0.060,0.110,1.000,8,10,0,0.994,0.570,4.728,0.832,0.810,1201.219
156,COMPLETE,11.000,8,0.300,8,1.000,0.560,8.000,0.060,0.110,1.000,10,10,0,1.000,0.563,4.575,0.859,0.839,1193.694
157,COMPLETE,8.994,8,0.310,8,1.000,0.560,8.000,0.060,0.110,1.000,8,10,0,0.994,0.570,4.728,0.832,0.810,1196.130
158,COMPLETE,9.997,8,0.310,8,1.000,0.560,7.500,0.060,0.110,1.000,9,10,0,0.997,0.577,5.009,0.851,0.805,1198.810
159,COMPLETE,8.997,8,0.310,8,1.000,0.520,7.500,0.060,0.110,0.900,8,10,0,0.997,0.575,4.839,0.834,0.788,1202.439
160,COMPLETE,9.996,8,0.300,8,1.000,0.560,7.500,0.060,0.110,0.900,9,10,0,0.996,0.572,4.819,0.844,0.800,1184.233
161,COMPLETE,9.999,8,0.310,8,1.000,0.560,7.500,0.060,0.110,0.900,9,10,0,0.999,0.577,4.966,0.842,0.785,1195.683
162,COMPLETE,9.999,8,0.310,8,1.000,0.560,7.500,0.060,0.110,0.900,9,10,0,0.999,0.577,4.966,0.842,0.785,1196.443
163,COMPLETE,9.999,8,0.310,8,1.000,0.560,7.500,0.060,0.110,0.900,9,10,0,0.999,0.577,4.966,0.842,0.785,1193.291
164,COMPLETE,9.996,8,0.300,8,1.000,0.560,7.500,0.060,0.110,0.900,9,10,0,0.996,0.572,4.819,0.844,0.800,1187.893
165,COMPLETE,7.994,8,0.310,8,1.000,0.560,7.500,0.060,0.120,0.900,7,10,0,0.994,0.569,4.849,0.832,0.800,1196.733
166,COMPLETE,9.997,8,0.310,8,1.000,0.600,7.500,0.060,0.110,0.900,9,10,0,0.997,0.580,5.140,0.843,0.813,1193.510
167,COMPLETE,9.998,8,0.310,8,1.000,0.600,7.500,0.060,0.120,0.900,9,10,0,0.998,0.576,4.991,0.831,0.770,1200.603
168,COMPLETE,9.998,8,0.310,8,1.000,0.600,7.500,0.060,0.120,0.900,9,10,0,0.998,0.576,4.991,0.831,0.770,1199.599
169,COMPLETE,9.998,8,0.310,8,1.000,0.600,7.500,0.060,0.120,0.900,9,10,0,0.998,0.576,4.991,0.831,0.770,1203.146
170,COMPLETE,5.994,8,0.310,8,1.000,0.600,7.500,0.055,0.120,0.900,5,10,0,0.994,0.567,5.296,0.811,0.797,1187.876
171,COMPLETE,7.995,8,0.300,8,1.000,0.600,8.000,0.060,0.120,0.900,7,10,0,0.995,0.558,4.548,0.826,0.798,1178.612
172,COMPLETE,7.995,8,0.300,8,1.000,0.600,8.000,0.060,0.120,0.900,7,10,0,0.995,0.558,4.548,0.826,0.798,1176.672
173,COMPLETE,8.989,8,0.300,7,1.000,0.600,7.500,0.060,0.120,0.900,8,10,0,0.989,0.564,4.661,0.819,0.792,1171.905
174,COMPLETE,11.000,8,0.300,7,1.000,0.560,7.500,0.060,0.120,0.900,10,10,0,1.000,0.564,4.562,0.827,0.799,1165.397
175,COMPLETE,7.992,8,0.300,8,1.000,0.600,7.500,0.060,0.120,0.900,7,10,0,0.992,0.568,4.841,0.840,0.798,1189.343
176,COMPLETE,8.989,8,0.300,7,1.000,0.600,7.500,0.060,0.120,0.900,8,10,0,0.989,0.564,4.661,0.819,0.792,1170.261
177,COMPLETE,8.989,8,0.300,7,1.000,0.600,7.500,0.060,0.120,0.900,8,10,0,0.989,0.564,4.661,0.819,0.792,1173.354
178,COMPLETE,8.989,8,0.300,7,1.000,0.600,7.500,0.060,0.120,0.900,8,10,0,0.989,0.564,4.661,0.819,0.792,1166.636
179,COMPLETE,7.988,8,0.320,7,1.000,0.600,7.500,0.060,0.120,0.900,7,10,0,0.988,0.576,5.059,0.811,0.791,1183.060
180,COMPLETE,8.989,8,0.300,7,1.000,0.600,7.500,0.060,0.120,0.900,8,10,0,0.989,0.564,4.661,0.819,0.792,1169.107
181,COMPLETE,7.998,7,0.320,7,1.000,0.600,7.500,0.060,0.120,0.900,7,10,0,0.998,0.544,4.368,0.836,0.786,1147.951
182,COMPLETE,7.998,7,0.320,7,1.000,0.600,7.500,0.060,0.120,0.900,7,10,0,0.998,0.544,4.368,0.836,0.786,1164.509
183,COMPLETE,11.000,7,0.320,7,1.000,0.600,7.500,0.060,0.100,0.900,10,10,0,1.000,0.568,4.735,0.848,0.846,1173.038
184,COMPLETE,8.937,7,0.320,7,1.000,0.560,7.500,0.060,0.100,0.800,8,10,0,0.937,0.562,4.402,0.808,0.747,1155.687
185,COMPLETE,8.903,7,0.320,7,1.000,0.560,8.000,0.060,0.100,0.800,8,10,0,0.903,0.550,4.044,0.767,0.729,1169.969
186,COMPLETE,8.956,7,0.320,7,1.000,0.560,8.000,0.060,0.110,0.900,8,10,0,0.956,0.538,3.926,0.793,0.773,1152.410
187,COMPLETE,8.963,7,0.320,7,1.000,0.560,8.000,0.060,0.110,0.800,8,10,0,0.963,0.540,3.995,0.806,0.785,1151.100
188,COMPLETE,8.963,7,0.320,7,1.000,0.560,8.000,0.060,0.110,0.800,8,10,0,0.963,0.540,3.995,0.806,0.785,1148.940
189,COMPLETE,6.786,7,0.280,7,1.000,0.560,8.000,0.055,0.110,0.800,6,10,0,0.786,0.498,3.359,0.667,0.649,1110.489
190,COMPLETE,8.937,7,0.320,7,1.000,0.560,7.500,0.060,0.100,0.800,8,10,0,0.937,0.562,4.402,0.808,0.747,1159.791
191,COMPLETE,8.944,7,0.320,7,1.000,0.560,8.000,0.060,0.100,0.900,8,10,0,0.944,0.545,4.110,0.797,0.757,1154.827
192,COMPLETE,8.991,7,0.320,7,1.000,0.560,8.000,0.055,0.100,1.000,8,10,0,0.991,0.549,4.615,0.830,0.839,1143.345
193,COMPLETE,11.000,7,0.320,7,1.000,0.560,8.000,0.055,0.100,0.800,10,10,0,1.000,0.541,4.553,0.852,0.840,1143.301
194,COMPLETE,7.819,7,0.280,7,1.000,0.560,8.000,0.055,0.100,0.800,7,10,0,0.819,0.498,3.356,0.697,0.642,1100.386
195,COMPLETE,7.819,7,0.280,7,1.000,0.560,8.000,0.055,0.100,0.800,7,10,0,0.819,0.498,3.356,0.697,0.642,1100.090
196,COMPLETE,6.786,7,0.280,7,1.000,0.560,8.000,0.055,0.110,0.800,6,10,0,0.786,0.498,3.359,0.667,0.649,1114.759
197,COMPLETE,7.866,7,0.280,8,1.000,0.560,8.000,0.055,0.110,0.800,7,10,0,0.866,0.496,3.421,0.728,0.682,1114.256
198,COMPLETE,7.866,7,0.280,8,1.000,0.560,8.000,0.055,0.110,0.800,7,10,0,0.866,0.496,3.421,0.728,0.682,1119.017
199,COMPLETE,7.886,7,0.280,6,1.000,0.560,8.000,0.055,0.100,0.800,7,10,0,0.886,0.495,3.309,0.740,0.732,1089.594
200,COMPLETE,8.879,7,0.280,8,1.000,0.560,8.000,0.055,0.100,1.000,8,10,0,0.879,0.512,3.738,0.739,0.728,1130.290
201,COMPLETE,8.924,7,0.280,8,1.000,0.560,8.000,0.055,0.100,0.800,8,10,0,0.924,0.500,3.583,0.782,0.755,1123.750
202,COMPLETE,7.996,8,0.300,6,1.000,0.580,8.000,0.055,0.100,0.800,7,10,0,0.996,0.545,4.580,0.836,0.805,1111.386
203,COMPLETE,8.985,8,0.280,8,1.000,0.580,7.000,0.055,0.100,1.000,8,10,0,0.985,0.559,5.032,0.822,0.810,1146.377
204,COMPLETE,11.000,8,0.280,6,1.000,0.580,7.000,0.055,0.100,1.000,10,10,0,1.000,0.539,4.725,0.851,0.791,1125.094
205,COMPLETE,11.000,8,0.280,6,1.000,0.580,7.000,0.055,0.100,1.000,10,10,0,1.000,0.539,4.725,0.851,0.791,1123.376
206,COMPLETE,11.000,8,0.280,8,1.000,0.580,7.000,0.055,0.110,1.000,10,10,0,1.000,0.550,5.033,0.838,0.837,1161.381
207,COMPLETE,9.996,8,0.280,6,1.000,0.580,8.000,0.055,0.110,1.000,9,10,0,0.996,0.510,3.984,0.826,0.798,1116.000
208,COMPLETE,11.000,8,0.280,8,1.000,0.580,7.000,0.055,0.110,1.000,10,10,0,1.000,0.550,5.033,0.838,0.837,1162.104
209,COMPLETE,11.000,8,0.280,8,1.000,0.580,7.000,0.055,0.110,1.000,10,10,0,1.000,0.550,5.033,0.838,0.837,1165.205
210,COMPLETE,6.995,8,0.330,6,1.000,0.580,7.000,0.055,0.110,1.000,6,10,0,0.995,0.591,5.771,0.817,0.755,1158.461
211,COMPLETE,9.997,8,0.330,6,1.000,0.580,8.000,0.055,0.110,1.000,9,10,0,0.997,0.576,5.226,0.838,0.782,1151.239
212,COMPLETE,11.000,8,0.280,8,1.000,0.580,7.000,0.055,0.110,1.000,10,10,0,1.000,0.550,5.033,0.838,0.837,1162.615
213,COMPLETE,7.993,8,0.330,8,1.000,0.580,8.000,0.055,0.110,1.000,7,10,0,0.993,0.584,5.500,0.818,0.811,1205.679
214,COMPLETE,7.993,8,0.330,8,1.000,0.580,8.000,0.055,0.110,1.000,7,10,0,0.993,0.584,5.500,0.818,0.811,1213.216
215,COMPLETE,6.995,8,0.330,6,1.000,0.580,7.000,0.055,0.110,1.000,6,10,0,0.995,0.591,5.771,0.817,0.755,1160.638
216,COMPLETE,7.986,8,0.330,6,1.000,0.580,8.500,0.055,0.110,1.000,7,10,0,0.986,0.553,4.786,0.818,0.796,1128.945
217,COMPLETE,7.986,8,0.330,6,1.000,0.580,8.500,0.055,0.110,1.000,7,10,0,0.986,0.553,4.786,0.818,0.796,1131.199
218,COMPLETE,11.000,8,0.330,8,1.000,0.580,8.500,0.055,0.110,1.000,10,10,0,1.000,0.570,5.287,0.850,0.815,1166.365
219,COMPLETE,8.995,8,0.290,6,1.000,0.580,7.000,0.055,0.110,1.000,8,10,0,0.995,0.568,5.160,0.829,0.822,1128.161
220,COMPLETE,8.993,8,0.290,8,1.000,0.580,7.000,0.055,0.110,1.000,8,10,0,0.993,0.578,5.483,0.845,0.814,1165.797
221,COMPLETE,7.986,8,0.330,6,1.000,0.580,8.500,0.055,0.110,1.000,7,10,0,0.986,0.553,4.786,0.818,0.796,1128.982
222,COMPLETE,6.984,8,0.340,6,1.000,0.580,7.000,0.055,0.110,1.000,6,10,0,0.984,0.604,5.999,0.811,0.785,1140.179
223,COMPLETE,6.995,8,0.330,6,1.000,0.580,7.000,0.055,0.110,1.000,6,10,0,0.995,0.591,5.771,0.817,0.755,1153.338
224,COMPLETE,11.000,8,0.330,6,1.000,0.580,7.000,0.055,0.090,1.000,10,10,0,1.000,0.616,6.153,0.843,0.786,1149.969
225,COMPLETE,8.985,8,0.340,6,1.000,0.580,7.000,0.055,0.090,1.000,8,10,0,0.985,0.611,6.160,0.828,0.787,1136.956
226,COMPLETE,8.995,8,0.290,6,1.000,0.580,7.000,0.055,0.110,1.000,8,10,0,0.995,0.568,5.160,0.829,0.822,1127.006
227,COMPLETE,11.000,8,0.290,9,1.000,0.580,7.000,0.055,0.110,1.000,10,10,0,1.000,0.575,5.475,0.864,0.810,1172.176
228,COMPLETE,8.995,8,0.290,6,1.000,0.580,7.000,0.055,0.110,1.000,8,10,0,0.995,0.568,5.160,0.829,0.822,1125.341
229,COMPLETE,11.000,8,0.290,9,1.000,0.580,7.000,0.055,0.110,1.000,10,10,0,1.000,0.575,5.475,0.864,0.810,1172.168
230,COMPLETE,11.000,8,0.290,9,1.000,0.580,7.000,0.055,0.100,1.000,10,10,0,1.000,0.580,5.564,0.850,0.810,1146.637
231,COMPLETE,9.999,8,0.290,9,1.000,0.540,7.000,0.055,0.100,1.000,9,10,0,0.999,0.580,5.363,0.848,0.789,1167.069
232,COMPLETE,9.997,8,0.290,9,1.000,0.520,7.000,0.055,0.100,1.000,9,10,0,0.997,0.577,5.217,0.837,0.817,1179.880
233,COMPLETE,9.997,8,0.290,9,1.000,0.520,7.000,0.055,0.100,1.000,9,10,0,0.997,0.577,5.217,0.837,0.817,1181.443
234,COMPLETE,8.999,8,0.280,9,1.000,0.520,7.000,0.055,0.100,1.000,8,10,0,0.999,0.564,5.026,0.833,0.829,1169.211
235,COMPLETE,8.999,8,0.280,9,1.000,0.520,7.000,0.055,0.100,1.000,8,10,0,0.999,0.564,5.026,0.833,0.829,1169.008
236,COMPLETE,8.999,8,0.280,9,1.000,0.520,7.000,0.055,0.100,1.000,8,10,0,0.999,0.564,5.026,0.833,0.829,1168.323
237,COMPLETE,9.999,8,0.280,9,1.000,0.540,7.000,0.055,0.100,1.000,9,10,0,0.999,0.573,5.220,0.848,0.833,1169.104
238,COMPLETE,9.999,8,0.280,9,1.000,0.540,7.000,0.055,0.100,1.000,9,10,0,0.999,0.573,5.220,0.848,0.833,1165.985
239,COMPLETE,9.999,8,0.280,9,1.000,0.540,7.000,0.055,0.100,1.000,9,10,0,0.999,0.573,5.220,0.848,0.833,1163.446
240,COMPLETE,9.999,8,0.280,9,1.000,0.540,7.000,0.055,0.100,1.000,9,10,0,0.999,0.573,5.220,0.848,0.833,1164.139
241,COMPLETE,6.982,8,0.280,5,1.000,0.540,7.000,0.055,0.090,1.000,6,10,0,0.982,0.529,4.267,0.812,0.784,1065.392
242,COMPLETE,8.997,8,0.340,5,1.000,0.540,7.000,0.055,0.100,1.000,8,10,0,0.997,0.588,5.623,0.837,0.749,1123.839
243,COMPLETE,11.000,8,0.280,9,1.000,0.540,7.000,0.055,0.090,1.000,10,10,0,1.000,0.575,5.229,0.855,0.849,1173.432
244,COMPLETE,6.982,8,0.280,5,1.000,0.540,7.000,0.055,0.090,1.000,6,10,0,0.982,0.529,4.267,0.812,0.784,1060.968
245,COMPLETE,11.000,8,0.280,9,1.000,0.540,7.000,0.055,0.090,1.000,10,10,0,1.000,0.575,5.229,0.855,0.849,1167.422
246,COMPLETE,11.000,8,0.280,9,1.000,0.540,7.000,0.055,0.090,1.000,10,10,0,1.000,0.575,5.229,0.855,0.849,1171.469
247,COMPLETE,11.000,8,0.280,9,1.000,0.520,7.000,0.055,0.090,1.000,10,10,0,1.000,0.575,5.151,0.854,0.809,1168.732
248,COMPLETE,11.000,8,0.280,9,1.000,0.540,7.000,0.055,0.090,1.000,10,10,0,1.000,0.575,5.229,0.855,0.849,1173.412
249,COMPLETE,11.000,8,0.280,9,1.000,0.540,7.000,0.055,0.090,1.000,10,10,0,1.000,0.575,5.229,0.855,0.849,1171.344
250,COMPLETE,6.982,8,0.280,5,1.000,0.540,7.000,0.055,0.090,1.000,6,10,0,0.982,0.529,4.267,0.812,0.784,1066.595
251,COMPLETE,11.000,8,0.280,9,1.000,0.540,7.000,0.055,0.090,1.000,10,10,0,1.000,0.575,5.229,0.855,0.849,1171.468
252,COMPLETE,7.991,8,0.270,5,1.000,0.540,7.000,0.055,0.090,1.000,7,10,0,0.991,0.524,4.163,0.837,0.825,1056.198
253,COMPLETE,7.978,8,0.270,9,1.000,0.540,7.000,0.055,0.110,1.000,7,10,0,0.978,0.548,4.696,0.815,0.807,1157.601
254,COMPLETE,9.999,8,0.270,9,1.000,0.540,7.000,0.055,0.090,1.000,9,10,0,0.999,0.560,4.957,0.852,0.828,1146.191
255,COMPLETE,9.999,8,0.270,9,1.000,0.540,7.000,0.055,0.090,1.000,9,10,0,0.999,0.560,4.957,0.852,0.828,1147.784
256,COMPLETE,8.996,8,0.270,9,1.000,0.600,7.000,0.055,0.090,1.000,8,10,0,0.996,0.562,5.128,0.844,0.835,1172.996
257,COMPLETE,11.000,8,0.270,9,1.000,0.600,6.500,0.055,0.090,1.000,10,10,0,1.000,0.552,5.229,0.865,0.819,1168.541
258,COMPLETE,8.996,8,0.270,9,1.000,0.600,7.000,0.055,0.090,1.000,8,10,0,0.996,0.562,5.128,0.844,0.835,1171.318
259,COMPLETE,9.999,8,0.300,9,1.000,0.600,7.000,0.055,0.090,1.000,9,10,0,0.999,0.595,5.972,0.859,0.832,1165.281
260,COMPLETE,9.997,8,0.270,9,1.000,0.560,6.500,0.055,0.090,1.000,9,10,0,0.997,0.555,5.087,0.843,0.814,1161.402
261,COMPLETE,9.997,8,0.270,9,1.000,0.560,6.500,0.055,0.090,1.000,9,10,0,0.997,0.555,5.087,0.843,0.814,1154.396
262,COMPLETE,11.000,8,0.270,9,1.000,0.600,6.500,0.055,0.090,1.000,10,10,0,1.000,0.552,5.229,0.865,0.819,1167.172
263,COMPLETE,9.997,8,0.270,9,1.000,0.560,6.500,0.055,0.090,1.000,9,10,0,0.997,0.555,5.087,0.843,0.814,1163.244
264,COMPLETE,11.000,8,0.300,9,1.000,0.560,6.500,0.055,0.110,1.000,10,10,0,1.000,0.589,5.862,0.856,0.776,1191.247
265,COMPLETE,8.994,9,0.270,9,1.000,0.560,7.000,0.050,0.110,1.000,8,10,0,0.994,0.576,5.766,0.826,0.763,1169.764
266,COMPLETE,8.982,9,0.270,9,1.000,0.600,6.500,0.050,0.110,1.000,8,10,0,0.982,0.581,6.083,0.812,0.745,1167.963
267,COMPLETE,8.994,9,0.270,9,1.000,0.560,7.000,0.050,0.110,1.000,8,10,0,0.994,0.576,5.766,0.826,0.763,1166.818
268,COMPLETE,9.996,9,0.270,10,1.000,0.600,6.500,0.050,0.110,1.000,9,10,0,0.996,0.574,6.056,0.837,0.752,1169.392
269,COMPLETE,7.991,9,0.300,10,1.000,0.560,6.500,0.050,0.110,1.000,7,10,0,0.991,0.612,6.714,0.814,0.761,1219.516
270,COMPLETE,7.991,9,0.300,10,1.000,0.560,6.500,0.050,0.110,1.000,7,10,0,0.991,0.612,6.714,0.814,0.761,1215.982
271,COMPLETE,8.994,9,0.300,10,1.000,0.560,8.500,0.060,0.110,1.000,8,10,0,0.994,0.577,4.908,0.836,0.830,1207.347
272,COMPLETE,7.984,9,0.290,10,1.000,0.560,6.500,0.050,0.110,1.000,7,10,0,0.984,0.603,6.453,0.826,0.704,1207.971
273,COMPLETE,6.984,9,0.300,8,1.000,0.560,6.500,0.050,0.110,1.000,6,10,0,0.984,0.614,6.609,0.807,0.737,1196.547
274,COMPLETE,8.990,9,0.300,10,1.000,0.560,6.500,0.060,0.110,1.000,8,10,0,0.990,0.616,6.040,0.825,0.787,1210.461
275,COMPLETE,7.991,9,0.300,10,1.000,0.560,6.500,0.050,0.110,1.000,7,10,0,0.991,0.612,6.714,0.814,0.761,1216.373
276,COMPLETE,9.998,9,0.300,10,1.000,0.560,8.500,0.050,0.110,1.000,9,10,0,0.998,0.575,5.619,0.820,0.792,1191.604
277,COMPLETE,9.994,9,0.300,10,1.000,0.580,8.500,0.050,0.110,1.000,9,10,0,0.994,0.576,5.733,0.837,0.787,1180.288
278,COMPLETE,8.988,9,0.290,8,1.000,0.580,8.500,0.050,0.110,1.000,8,10,0,0.988,0.560,5.389,0.849,0.769,1167.810
279,COMPLETE,9.994,9,0.300,10,1.000,0.580,8.500,0.050,0.110,1.000,9,10,0,0.994,0.576,5.733,0.837,0.787,1188.565
280,COMPLETE,7.963,9,0.350,10,1.000,0.580,8.500,0.050,0.110,1.000,7,10,0,0.963,0.627,6.720,0.797,0.759,1244.884
281,COMPLETE,7.963,9,0.350,10,1.000,0.580,8.500,0.050,0.110,1.000,7,10,0,0.963,0.627,6.720,0.797,0.759,1253.865
282,COMPLETE,10.000,9,0.290,10,1.000,0.580,8.500,0.060,0.110,1.000,9,10,0,1.000,0.561,4.623,0.853,0.822,1217.993
283,COMPLETE,0.243,6,0.290,10,1.000,0.580,8.500,0.060,0.080,1.000,0,10,0,0.243,0.501,2.292,0.195,0.194,1117.224
284,COMPLETE,9.999,9,0.290,8,1.000,0.580,8.500,0.060,0.110,1.000,9,10,0,0.999,0.559,4.523,0.831,0.829,1197.216
285,COMPLETE,9.999,8,0.290,8,1.000,0.580,8.500,0.060,0.110,1.000,9,10,0,0.999,0.527,3.891,0.842,0.831,1158.706
286,COMPLETE,4.603,8,0.290,8,1.000,0.580,8.500,0.060,0.080,1.000,4,10,0,0.603,0.554,3.659,0.539,0.490,1187.023
287,COMPLETE,4.603,8,0.290,8,1.000,0.580,8.500,0.060,0.080,1.000,4,10,0,0.603,0.554,3.659,0.539,0.490,1179.531
288,COMPLETE,8.993,8,0.350,8,1.000,0.580,8.500,0.060,0.110,1.000,8,10,0,0.993,0.605,5.497,0.846,0.834,1209.867
289,COMPLETE,9.999,8,0.290,8,1.000,0.580,8.500,0.060,0.110,1.000,9,10,0,0.999,0.527,3.891,0.842,0.831,1156.616
290,COMPLETE,4.603,8,0.290,8,1.000,0.580,8.500,0.060,0.080,1.000,4,10,0,0.603,0.554,3.659,0.539,0.490,1182.658
291,COMPLETE,4.603,8,0.290,8,1.000,0.580,8.500,0.060,0.080,1.000,4,10,0,0.603,0.554,3.659,0.539,0.490,1186.415
292,COMPLETE,0.214,6,0.290,8,1.000,0.580,8.500,0.060,0.080,1.000,0,10,0,0.214,0.493,2.185,0.185,0.197,1109.514
293,COMPLETE,8.880,8,0.290,8,1.000,0.580,8.500,0.055,0.080,1.000,8,10,0,0.880,0.543,4.439,0.759,0.730,1135.490
294,COMPLETE,4.573,6,0.340,8,1.000,0.500,8.500,0.060,0.100,1.000,4,10,0,0.573,0.531,3.220,0.498,0.446,1137.625
295,COMPLETE,1.362,6,0.350,8,1.000,0.580,8.500,0.060,0.080,1.000,1,10,0,0.362,0.555,3.319,0.295,0.271,1161.368
296,COMPLETE,9.991,8,0.290,8,1.000,0.580,7.000,0.060,0.100,1.000,9,10,0,0.991,0.578,4.992,0.830,0.813,1205.327
297,COMPLETE,7.985,8,0.290,8,1.000,0.500,7.000,0.045,0.100,1.000,7,10,0,0.985,0.577,5.897,0.820,0.816,1134.601
298,COMPLETE,8.993,8,0.290,8,1.000,0.580,7.000,0.060,0.130,1.000,8,10,0,0.993,0.556,4.630,0.823,0.781,1174.223
299,COMPLETE,7.985,8,0.290,8,1.000,0.500,7.000,0.045,0.100,1.000,7,10,0,0.985,0.577,5.897,0.820,0.816,1141.415
300,COMPLETE,9.999,8,0.290,8,1.000,0.500,7.000,0.060,0.100,1.000,9,10,0,0.999,0.577,4.835,0.845,0.813,1185.402
301,COMPLETE,6.940,8,0.290,8,1.000,0.520,7.000,0.045,0.100,1.000,6,10,0,0.940,0.560,5.676,0.805,0.731,1146.690
302,COMPLETE,9.999,8,0.280,8,1.000,0.520,7.000,0.055,0.100,1.000,9,10,0,0.999,0.564,5.005,0.844,0.812,1161.929
303,COMPLETE,7.798,6,0.280,8,1.000,0.520,7.000,0.055,0.100,1.000,7,10,0,0.798,0.490,3.287,0.683,0.679,1093.564
304,COMPLETE,7.967,8,0.260,8,1.000,0.500,7.000,0.055,0.100,1.000,7,10,0,0.967,0.528,4.266,0.816,0.769,1139.893
305,COMPLETE,9.999,8,0.280,8,1.000,0.520,7.000,0.055,0.100,1.000,9,10,0,0.999,0.564,5.005,0.844,0.812,1163.132
306,COMPLETE,3.471,6,0.260,8,1.000,0.500,7.000,0.055,0.100,0.700,3,10,0,0.471,0.479,2.594,0.404,0.411,1069.062
307,COMPLETE,9.995,8,0.340,7,1.000,0.500,7.000,0.055,0.100,0.700,9,10,0,0.995,0.624,6.082,0.822,0.788,1198.594
308,COMPLETE,8.996,8,0.280,7,1.000,0.520,7.000,0.045,0.100,0.700,8,10,0,0.996,0.541,5.339,0.837,0.759,1095.106
309,COMPLETE,8.999,8,0.280,7,1.000,0.500,7.000,0.055,0.100,0.700,8,10,0,0.999,0.555,4.711,0.839,0.807,1122.459
310,COMPLETE,8.998,8,0.280,7,1.000,0.520,7.000,0.055,0.100,0.900,8,10,0,0.998,0.544,4.679,0.822,0.795,1134.964
311,COMPLETE,8.945,8,0.280,7,1.000,0.500,7.000,0.055,0.100,0.900,8,10,0,0.945,0.557,4.780,0.838,0.754,1144.315
312,COMPLETE,8.998,8,0.260,7,1.000,0.520,7.000,0.055,0.100,0.900,8,10,0,0.998,0.530,4.251,0.835,0.832,1119.847
313,COMPLETE,11.000,8,0.280,7,1.000,0.520,7.000,0.055,0.100,0.700,10,10,0,1.000,0.547,4.741,0.846,0.816,1141.517
314,COMPLETE,11.000,8,0.280,7,1.000,0.520,7.000,0.055,0.100,0.700,10,10,0,1.000,0.547,4.741,0.846,0.816,1141.328
315,COMPLETE,11.000,8,0.280,7,1.000,0.520,7.000,0.055,0.100,0.700,10,10,0,1.000,0.547,4.741,0.846,0.816,1138.405
316,COMPLETE,11.000,8,0.280,7,1.000,0.520,7.000,0.055,0.100,0.700,10,10,0,1.000,0.547,4.741,0.846,0.816,1141.099
317,COMPLETE,5.986,8,0.280,7,1.000,0.600,7.000,0.055,0.140,0.900,5,10,0,0.986,0.532,4.524,0.794,0.744,1114.737
318,COMPLETE,7.992,8,0.280,7,1.000,0.600,7.000,0.055,0.100,0.900,7,10,0,0.992,0.548,4.900,0.811,0.809,1135.742
319,COMPLETE,7.994,8,0.260,7,1.000,0.600,7.000,0.055,0.110,0.900,7,10,0,0.994,0.517,4.214,0.826,0.802,1119.326
320,COMPLETE,8.991,8,0.280,7,1.000,0.600,7.000,0.055,0.110,0.900,8,10,0,0.991,0.556,4.942,0.827,0.776,1138.340
321,COMPLETE,8.991,8,0.280,7,1.000,0.600,7.000,0.055,0.110,0.900,8,10,0,0.991,0.556,4.942,0.827,0.776,1138.201
322,COMPLETE,8.991,8,0.280,7,1.000,0.600,7.000,0.055,0.110,0.900,8,10,0,0.991,0.556,4.942,0.827,0.776,1140.097
323,COMPLETE,8.991,8,0.280,7,1.000,0.600,7.000,0.055,0.110,0.900,8,10,0,0.991,0.556,4.942,0.827,0.776,1136.693
324,COMPLETE,9.999,8,0.280,6,1.000,0.600,7.000,0.055,0.110,0.900,9,10,0,0.999,0.536,4.666,0.832,0.784,1110.671
325,COMPLETE,9.999,8,0.280,6,1.000,0.600,7.000,0.055,0.110,0.900,9,10,0,0.999,0.536,4.666,0.832,0.784,1106.061
326,COMPLETE,9.999,8,0.280,6,1.000,0.600,7.000,0.055,0.110,0.900,9,10,0,0.999,0.536,4.666,0.832,0.784,1108.329
327,COMPLETE,8.996,8,0.310,6,1.000,0.600,8.000,0.055,0.110,0.900,8,10,0,0.996,0.554,4.849,0.829,0.792,1122.283
328,COMPLETE,11.000,8,0.280,9,1.000,0.600,8.000,0.055,0.110,0.900,10,10,0,1.000,0.543,4.639,0.861,0.800,1169.368
329,COMPLETE,8.995,8,0.310,9,1.000,0.600,8.000,0.055,0.110,0.900,8,10,0,0.995,0.572,5.284,0.837,0.812,1184.109
330,COMPLETE,8.996,8,0.310,6,1.000,0.600,8.000,0.055,0.110,0.900,8,10,0,0.996,0.554,4.849,0.829,0.792,1126.764
331,COMPLETE,8.995,7,0.310,6,1.000,0.600,8.000,0.055,0.110,0.900,8,10,0,0.995,0.518,4.159,0.843,0.837,1094.672
332,COMPLETE,11.000,7,0.320,6,1.000,0.600,8.000,0.055,0.110,0.900,10,10,0,1.000,0.531,4.366,0.844,0.819,1085.338
333,COMPLETE,6.982,7,0.310,6,1.000,0.560,8.000,0.055,0.110,1.000,6,10,0,0.982,0.512,3.957,0.821,0.814,1103.839
334,COMPLETE,6.982,7,0.310,6,1.000,0.560,8.000,0.055,0.110,1.000,6,10,0,0.982,0.512,3.957,0.821,0.814,1101.113
335,COMPLETE,10.000,7,0.310,9,1.000,0.560,8.000,0.055,0.110,1.000,9,10,0,1.000,0.541,4.487,0.846,0.811,1154.785
336,COMPLETE,10.000,7,0.310,9,1.000,0.560,8.000,0.055,0.110,1.000,9,10,0,1.000,0.541,4.487,0.846,0.811,1155.428
337,COMPLETE,6.982,7,0.310,6,1.000,0.560,8.000,0.055,0.110,1.000,6,10,0,0.982,0.512,3.957,0.821,0.814,1099.128
338,COMPLETE,7.997,8,0.310,6,1.000,0.560,8.000,0.055,0.110,1.000,7,10,0,0.997,0.557,4.827,0.832,0.831,1126.902
339,COMPLETE,6.982,7,0.310,6,1.000,0.560,8.000,0.055,0.110,1.000,6,10,0,0.982,0.512,3.957,0.821,0.814,1102.390
340,COMPLETE,10.000,7,0.310,9,1.000,0.560,8.000,0.055,0.110,1.000,9,10,0,1.000,0.541,4.487,0.846,0.811,1162.611
341,COMPLETE,10.000,7,0.310,9,1.000,0.560,8.000,0.055,0.110,1.000,9,10,0,1.000,0.541,4.487,0.846,0.811,1151.672
342,COMPLETE,10.000,7,0.310,9,1.000,0.560,8.000,0.055,0.110,1.000,9,10,0,1.000,0.541,4.487,0.846,0.811,1160.678
343,COMPLETE,11.000,7,0.320,9,1.000,0.560,8.000,0.055,0.110,1.000,10,10,0,1.000,0.567,5.021,0.850,0.847,1164.275
344,COMPLETE,6.850,7,0.320,9,1.000,0.560,9.000,0.055,0.110,1.000,6,10,0,0.850,0.530,4.045,0.710,0.698,1147.027
345,COMPLETE,8.995,7,0.320,9,1.000,0.560,7.500,0.055,0.110,1.000,8,10,0,0.995,0.561,4.973,0.836,0.800,1189.841
346,COMPLETE,6.850,7,0.320,9,1.000,0.560,9.000,0.055,0.110,1.000,6,10,0,0.850,0.530,4.045,0.710,0.698,1146.864
347,COMPLETE,6.750,7,0.330,9,1.000,0.560,9.000,0.060,0.110,1.000,6,10,0,0.750,0.537,3.672,0.641,0.629,1170.921
348,COMPLETE,9.993,7,0.330,9,1.000,0.560,9.000,0.060,0.120,1.000,9,10,0,0.993,0.527,3.881,0.844,0.846,1168.676
349,COMPLETE,9.993,7,0.330,9,1.000,0.560,9.000,0.060,0.120,1.000,9,10,0,0.993,0.527,3.881,0.844,0.846,1170.955
350,COMPLETE,9.996,8,0.330,9,1.000,0.540,9.000,0.060,0.120,1.000,9,10,0,0.996,0.567,4.573,0.844,0.812,1201.327
351,COMPLETE,9.954,8,0.330,9,1.000,0.560,9.000,0.060,0.120,1.000,9,10,0,0.954,0.560,4.512,0.805,0.784,1193.730
352,COMPLETE,8.998,8,0.340,9,1.000,0.540,9.000,0.060,0.120,1.000,8,10,0,0.998,0.581,4.884,0.842,0.835,1211.910
353,COMPLETE,11.000,8,0.300,9,1.000,0.540,9.000,0.060,0.120,1.000,10,10,0,1.000,0.527,3.783,0.844,0.837,1170.686
354,COMPLETE,10.000,8,0.300,9,1.000,0.540,7.500,0.060,0.120,1.000,9,10,0,1.000,0.572,4.845,0.850,0.828,1200.984
355,COMPLETE,9.996,8,0.330,9,1.000,0.540,9.000,0.060,0.120,1.000,9,10,0,0.996,0.567,4.573,0.844,0.812,1199.530
356,COMPLETE,9.996,8,0.330,9,1.000,0.540,9.000,0.060,0.120,1.000,9,10,0,0.996,0.567,4.573,0.844,0.812,1198.883
357,COMPLETE,10.000,8,0.300,9,1.000,0.540,7.500,0.060,0.120,1.000,9,10,0,1.000,0.572,4.845,0.850,0.828,1196.887
358,COMPLETE,9.996,8,0.330,9,1.000,0.540,9.000,0.060,0.120,1.000,9,10,0,0.996,0.567,4.573,0.844,0.812,1202.847
359,COMPLETE,9.996,8,0.330,9,1.000,0.540,9.000,0.060,0.120,1.000,9,10,0,0.996,0.567,4.573,0.844,0.812,1203.811
360,COMPLETE,10.000,8,0.300,9,1.000,0.540,7.500,0.060,0.120,1.000,9,10,0,1.000,0.572,4.845,0.850,0.828,1200.199
361,COMPLETE,6.984,8,0.300,9,1.000,0.540,7.500,0.060,0.130,1.000,6,10,0,0.984,0.548,4.399,0.800,0.789,1188.882
362,COMPLETE,10.000,8,0.300,9,1.000,0.540,7.500,0.060,0.120,1.000,9,10,0,1.000,0.572,4.845,0.850,0.828,1198.162
363,COMPLETE,10.000,8,0.300,9,1.000,0.540,7.500,0.060,0.120,1.000,9,10,0,1.000,0.572,4.845,0.850,0.828,1194.405
364,COMPLETE,10.000,8,0.300,9,1.000,0.540,7.500,0.060,0.120,1.000,9,10,0,1.000,0.572,4.845,0.850,0.828,1197.644
365,COMPLETE,8.994,8,0.270,8,1.000,0.540,7.500,0.060,0.130,1.000,8,10,0,0.994,0.523,3.747,0.821,0.797,1157.584
366,COMPLETE,8.994,8,0.270,8,1.000,0.540,7.500,0.060,0.130,1.000,8,10,0,0.994,0.523,3.747,0.821,0.797,1153.446
367,COMPLETE,9.999,8,0.270,8,1.000,0.540,7.500,0.060,0.110,1.000,9,10,0,0.999,0.538,3.989,0.845,0.810,1174.806
368,COMPLETE,9.999,8,0.270,8,1.000,0.540,7.500,0.060,0.110,1.000,9,10,0,0.999,0.538,3.989,0.845,0.810,1172.335
369,COMPLETE,8.994,8,0.270,8,1.000,0.540,7.500,0.060,0.130,1.000,8,10,0,0.994,0.523,3.747,0.821,0.797,1158.230
370,COMPLETE,4.953,8,0.270,8,1.000,0.580,7.500,0.040,0.130,1.000,4,10,0,0.953,0.515,5.345,0.789,0.716,1101.299
371,COMPLETE,8.988,8,0.270,8,1.000,0.580,7.500,0.055,0.130,1.000,8,10,0,0.988,0.525,4.288,0.822,0.798,1144.858
372,COMPLETE,8.991,8,0.270,8,1.000,0.580,7.500,0.055,0.110,1.000,8,10,0,0.991,0.526,4.293,0.814,0.768,1154.603
373,COMPLETE,8.991,8,0.270,8,1.000,0.580,7.500,0.055,0.110,1.000,8,10,0,0.991,0.526,4.293,0.814,0.768,1160.083
374,COMPLETE,5.981,9,0.270,8,1.000,0.580,7.500,0.055,0.110,1.000,5,10,0,0.981,0.573,5.112,0.810,0.786,1161.330
375,COMPLETE,5.981,9,0.270,8,1.000,0.580,7.500,0.055,0.110,1.000,5,10,0,0.981,0.573,5.112,0.810,0.786,1166.499
376,COMPLETE,7.983,9,0.270,8,1.000,0.580,6.000,0.055,0.110,1.000,7,10,0,0.983,0.577,5.706,0.815,0.726,1185.942
377,COMPLETE,11.000,9,0.270,8,1.000,0.580,8.500,0.055,0.110,1.000,10,10,0,1.000,0.537,4.508,0.857,0.839,1169.655
378,COMPLETE,11.000,9,0.270,8,1.000,0.580,8.500,0.055,0.110,1.000,10,10,0,1.000,0.537,4.508,0.857,0.839,1171.560
379,COMPLETE,7.984,9,0.270,8,1.000,0.580,7.000,0.055,0.110,1.000,7,10,0,0.984,0.561,5.199,0.824,0.776,1185.209
380,COMPLETE,7.984,9,0.270,8,1.000,0.580,7.000,0.055,0.110,1.000,7,10,0,0.984,0.561,5.199,0.824,0.776,1185.352
381,COMPLETE,11.000,9,0.270,8,1.000,0.580,8.500,0.055,0.110,1.000,10,10,0,1.000,0.537,4.508,0.857,0.839,1169.925
382,COMPLETE,9.992,9,0.290,8,1.000,0.580,8.500,0.055,0.110,1.000,9,10,0,0.992,0.559,4.946,0.832,0.810,1191.095
383,COMPLETE,9.992,9,0.290,8,1.000,0.580,8.500,0.055,0.110,1.000,9,10,0,0.992,0.559,4.946,0.832,0.810,1198.132
384,COMPLETE,6.988,9,0.290,8,1.000,0.580,7.000,0.055,0.110,1.000,6,10,0,0.988,0.595,5.841,0.817,0.758,1212.966
385,COMPLETE,9.997,9,0.290,8,1.000,0.580,7.000,0.055,0.100,1.000,9,10,0,0.997,0.600,6.040,0.843,0.801,1209.145
386,COMPLETE,6.989,9,0.290,5,1.000,0.580,8.500,0.055,0.100,1.000,6,10,0,0.989,0.535,4.286,0.807,0.794,1088.880
387,COMPLETE,9.997,9,0.290,8,1.000,0.580,7.000,0.055,0.100,1.000,9,10,0,0.997,0.600,6.040,0.843,0.801,1209.595
388,COMPLETE,6.981,9,0.290,5,1.000,0.580,7.000,0.055,0.100,1.000,6,10,0,0.981,0.565,5.187,0.804,0.757,1090.768
389,COMPLETE,6.981,9,0.290,5,1.000,0.580,7.000,0.055,0.100,1.000,6,10,0,0.981,0.565,5.187,0.804,0.757,1098.021
390,COMPLETE,8.991,9,0.290,8,1.000,0.580,8.500,0.055,0.100,1.000,8,10,0,0.991,0.567,5.045,0.836,0.788,1185.828
391,COMPLETE,6.981,9,0.290,5,1.000,0.580,7.000,0.055,0.100,1.000,6,10,0,0.981,0.565,5.187,0.804,0.757,1098.623
392,COMPLETE,7.985,9,0.290,5,1.000,0.580,7.000,0.050,0.100,1.000,7,10,0,0.985,0.569,5.663,0.815,0.756,1097.537
393,COMPLETE,7.986,9,0.290,8,1.000,0.580,7.000,0.050,0.100,1.000,7,10,0,0.986,0.600,6.268,0.818,0.749,1224.138
394,COMPLETE,7.982,10,0.290,8,1.000,0.580,7.000,0.055,0.100,1.000,7,10,0,0.982,0.624,6.504,0.833,0.736,1227.101
395,COMPLETE,8.992,10,0.290,9,1.000,0.580,7.000,0.050,0.100,1.000,8,10,0,0.992,0.632,7.039,0.829,0.783,1220.236
396,COMPLETE,11.000,8,0.290,10,1.000,0.580,7.000,0.055,0.100,1.000,10,10,0,1.000,0.573,5.508,0.842,0.827,1187.187
397,COMPLETE,5.864,10,0.290,5,1.000,0.580,7.000,0.050,0.100,1.000,5,10,0,0.864,0.598,6.230,0.811,0.601,1117.469
398,COMPLETE,8.982,10,0.290,5,1.000,0.560,7.000,0.050,0.100,1.000,8,10,0,0.982,0.609,6.377,0.824,0.726,1130.750
399,COMPLETE,2.974,10,0.290,10,1.000,0.560,7.000,0.050,0.100,1.000,2,10,0,0.974,0.622,6.662,0.799,0.670,1203.297
400,COMPLETE,2.974,10,0.290,10,1.000,0.560,7.000,0.050,0.100,1.000,2,10,0,0.974,0.622,6.662,0.799,0.670,1204.606
401,COMPLETE,4.985,10,0.290,4,1.000,0.560,7.000,0.050,0.100,1.000,4,10,0,0.985,0.591,6.001,0.799,0.653,1055.984
402,COMPLETE,2.422,5,0.290,10,1.000,0.560,7.000,0.050,0.100,1.000,2,10,0,0.422,0.474,2.959,0.365,0.347,1059.587
403,COMPLETE,2.974,10,0.290,10,1.000,0.560,7.000,0.050,0.100,1.000,2,10,0,0.974,0.622,6.662,0.799,0.670,1199.653
404,COMPLETE,2.906,10,0.430,10,1.000,0.560,7.000,0.050,0.100,0.900,2,10,0,0.906,0.755,9.606,0.829,0.548,1317.782
405,COMPLETE,6.978,10,0.280,4,1.000,0.560,7.000,0.050,0.100,0.900,6,10,0,0.978,0.573,5.679,0.808,0.630,1052.145
406,COMPLETE,8.997,10,0.280,10,1.000,0.560,7.000,0.050,0.100,0.900,8,10,0,0.997,0.610,6.540,0.832,0.733,1226.672
407,COMPLETE,9.999,10,0.280,9,1.000,0.560,7.000,0.050,0.100,0.900,9,10,0,0.999,0.618,6.673,0.835,0.767,1204.152
408,COMPLETE,9.999,8,0.280,10,1.000,0.560,7.000,0.050,0.100,0.900,9,10,0,0.999,0.568,5.506,0.835,0.805,1152.715
409,COMPLETE,0.278,5,0.280,10,1.000,0.560,7.000,0.055,0.110,0.900,0,10,0,0.278,0.459,2.210,0.222,0.275,1046.811
410,COMPLETE,11.000,8,0.280,9,1.000,0.560,7.000,0.050,0.110,0.900,10,10,0,1.000,0.544,5.232,0.849,0.766,1149.022
411,COMPLETE,8.944,8,0.280,9,1.000,0.560,8.000,0.050,0.090,0.900,8,10,0,0.944,0.551,5.021,0.824,0.770,1135.328
412,COMPLETE,6.751,8,0.280,9,1.000,0.560,8.000,0.055,0.090,0.000,6,10,0,0.751,0.532,3.971,0.662,0.548,1174.820
413,COMPLETE,8.997,8,0.280,9,1.000,0.560,8.000,0.055,0.110,0.900,8,10,0,0.997,0.531,4.348,0.832,0.828,1164.209
414,COMPLETE,5.692,8,0.230,9,1.000,0.560,8.000,0.055,0.090,0.900,5,10,0,0.692,0.476,2.763,0.590,0.569,1121.415
415,COMPLETE,8.997,8,0.280,9,1.000,0.560,8.000,0.055,0.110,0.900,8,10,0,0.997,0.531,4.348,0.832,0.828,1165.074
416,COMPLETE,8.997,8,0.280,9,1.000,0.560,8.000,0.055,0.110,0.900,8,10,0,0.997,0.531,4.348,0.832,0.828,1156.225
417,COMPLETE,4.626,8,0.280,9,1.000,0.560,8.000,0.055,0.070,0.900,4,10,0,0.626,0.568,4.302,0.542,0.486,1159.577
418,COMPLETE,6.986,8,0.340,9,1.000,0.560,8.000,0.055,0.110,0.900,6,10,0,0.986,0.600,5.748,0.819,0.805,1222.015
419,COMPLETE,4.626,8,0.280,9,1.000,0.560,8.000,0.055,0.070,0.900,4,10,0,0.626,0.568,4.302,0.542,0.486,1157.387
420,COMPLETE,11.000,8,0.280,9,1.000,0.600,8.000,0.055,0.110,0.900,10,10,0,1.000,0.543,4.639,0.861,0.800,1169.576
421,COMPLETE,5.652,8,0.280,9,1.000,0.600,8.000,0.055,0.070,0.900,5,10,0,0.652,0.564,4.446,0.616,0.510,1148.636
422,COMPLETE,6.777,8,0.280,9,1.000,0.600,8.000,0.055,0.070,0.800,6,10,0,0.777,0.565,4.594,0.693,0.607,1165.712
423,COMPLETE,11.000,8,0.280,9,1.000,0.600,8.000,0.055,0.110,0.800,10,10,0,1.000,0.545,4.566,0.848,0.807,1162.294
424,COMPLETE,11.000,8,0.260,9,1.000,0.600,8.000,0.055,0.110,1.000,10,10,0,1.000,0.502,3.937,0.861,0.837,1140.040
425,COMPLETE,11.000,8,0.340,9,1.000,0.600,8.000,0.055,0.090,0.800,10,10,0,1.000,0.617,6.271,0.851,0.831,1195.677
426,COMPLETE,9.999,8,0.340,7,1.000,0.600,8.000,0.055,0.110,1.000,9,10,0,0.999,0.590,5.786,0.845,0.802,1203.822
427,COMPLETE,7.929,8,0.260,7,1.000,0.600,8.000,0.055,0.110,0.000,7,10,0,0.929,0.490,3.420,0.792,0.720,1119.004
428,COMPLETE,9.999,8,0.340,6,1.000,0.600,8.000,0.055,0.110,0.800,9,10,0,0.999,0.570,5.286,0.837,0.748,1134.384
429,COMPLETE,1.296,8,0.260,7,1.000,0.280,8.500,0.055,0.070,0.800,1,10,0,0.296,0.522,2.769,0.245,0.260,1136.509
430,COMPLETE,8.996,8,0.340,7,1.000,0.600,8.500,0.055,0.110,0.800,8,10,0,0.996,0.577,5.275,0.829,0.780,1160.692
431,COMPLETE,9.980,8,0.260,7,1.000,0.600,8.500,0.055,0.110,1.000,9,10,0,0.980,0.492,3.506,0.830,0.807,1114.538
432,COMPLETE,9.939,8,0.260,7,1.000,0.600,8.500,0.055,0.110,0.800,9,10,0,0.939,0.499,3.533,0.805,0.783,1120.053
433,COMPLETE,11.000,8,0.300,7,1.000,0.600,8.500,0.055,0.110,0.800,10,10,0,1.000,0.537,4.468,0.852,0.796,1149.487
434,COMPLETE,6.983,8,0.410,7,1.000,0.600,8.500,0.055,0.110,0.800,6,10,0,0.983,0.629,6.497,0.810,0.748,1217.574
435,COMPLETE,10.000,8,0.300,7,1.000,0.600,8.500,0.055,0.110,1.000,9,10,0,1.000,0.540,4.604,0.851,0.833,1149.813
436,COMPLETE,9.932,8,0.260,7,1.000,0.520,8.500,0.055,0.110,0.800,9,10,0,0.932,0.487,3.231,0.798,0.773,1121.721
437,COMPLETE,9.932,8,0.260,7,1.000,0.520,8.500,0.055,0.110,0.800,9,10,0,0.932,0.487,3.231,0.798,0.773,1110.672
438,COMPLETE,7.938,8,0.260,7,1.000,0.520,8.500,0.055,0.110,1.000,7,10,0,0.938,0.486,3.205,0.779,0.790,1120.696
439,COMPLETE,8.891,8,0.260,7,1.000,0.520,8.500,0.060,0.110,1.000,8,10,0,0.891,0.491,2.846,0.756,0.734,1142.226
440,COMPLETE,8.891,8,0.260,7,1.000,0.520,8.500,0.060,0.110,1.000,8,10,0,0.891,0.491,2.846,0.756,0.734,1135.469
441,COMPLETE,6.928,8,0.300,7,1.000,0.520,8.500,0.060,0.110,1.000,6,10,0,0.928,0.534,3.721,0.766,0.770,1151.137
442,COMPLETE,4.980,8,0.410,6,1.000,0.520,8.500,0.060,0.110,1.000,4,10,0,0.980,0.610,5.498,0.799,0.774,1208.705
443,COMPLETE,6.928,8,0.300,7,1.000,0.520,8.500,0.060,0.110,1.000,6,10,0,0.928,0.534,3.721,0.766,0.770,1155.557
444,COMPLETE,6.928,8,0.300,7,1.000,0.520,8.500,0.060,0.110,1.000,6,10,0,0.928,0.534,3.721,0.766,0.770,1158.631
445,COMPLETE,8.994,8,0.300,6,1.000,0.520,8.500,0.060,0.110,1.000,8,10,0,0.994,0.530,3.690,0.835,0.830,1147.547
446,COMPLETE,6.928,8,0.300,7,1.000,0.520,8.500,0.060,0.110,1.000,6,10,0,0.928,0.534,3.721,0.766,0.770,1152.713
447,COMPLETE,8.994,8,0.300,6,1.000,0.520,8.500,0.060,0.110,1.000,8,10,0,0.994,0.530,3.690,0.835,0.830,1144.602
448,COMPLETE,6.985,8,0.440,6,1.000,0.520,8.500,0.060,0.110,1.000,6,10,0,0.985,0.637,6.018,0.806,0.742,1222.976
449,COMPLETE,8.994,8,0.300,6,1.000,0.520,8.500,0.060,0.110,1.000,8,10,0,0.994,0.530,3.690,0.835,0.830,1148.197
450,COMPLETE,8.994,8,0.300,6,1.000,0.520,8.500,0.060,0.110,1.000,8,10,0,0.994,0.530,3.690,0.835,0.830,1140.572
451,COMPLETE,8.994,8,0.300,6,1.000,0.520,8.500,0.060,0.110,1.000,8,10,0,0.994,0.530,3.690,0.835,0.830,1143.503
452,COMPLETE,8.995,8,0.300,8,1.000,0.520,7.000,0.060,0.110,1.000,8,10,0,0.995,0.586,5.043,0.829,0.785,1205.210
453,COMPLETE,9.994,8,0.300,6,1.000,0.540,7.000,0.060,0.110,1.000,9,10,0,0.994,0.566,4.696,0.834,0.790,1147.462
454,COMPLETE,6.981,8,0.300,6,1.000,0.540,7.000,0.060,0.140,1.000,6,10,0,0.981,0.545,4.320,0.807,0.724,1145.233
455,COMPLETE,11.000,8,0.300,6,1.000,0.540,7.000,0.060,0.090,1.000,10,10,0,1.000,0.576,4.873,0.845,0.815,1155.000
456,COMPLETE,7.998,8,0.300,6,1.000,0.540,6.000,0.060,0.090,1.000,7,10,0,0.998,0.584,5.288,0.832,0.773,1135.246
457,COMPLETE,8.941,8,0.300,6,1.000,0.540,6.500,0.060,0.090,0.100,8,10,0,0.941,0.566,4.813,0.830,0.701,1111.179
458,COMPLETE,11.000,8,0.300,6,1.000,0.540,7.000,0.060,0.090,1.000,10,10,0,1.000,0.576,4.873,0.845,0.815,1155.078
459,COMPLETE,8.990,8,0.320,8,1.000,0.540,6.500,0.060,0.110,1.000,8,10,0,0.990,0.610,5.772,0.820,0.818,1224.570
460,COMPLETE,8.996,8,0.320,8,1.000,0.540,7.000,0.045,0.090,1.000,8,10,0,0.996,0.618,6.903,0.834,0.783,1197.408
461,COMPLETE,11.000,8,0.320,8,1.000,0.540,6.500,0.060,0.090,1.000,10,10,0,1.000,0.622,6.076,0.865,0.820,1211.262
462,COMPLETE,7.995,8,0.320,8,1.000,0.540,6.500,0.055,0.090,1.000,7,10,0,0.995,0.613,6.236,0.833,0.822,1196.486
463,COMPLETE,11.000,8,0.240,8,1.000,0.540,6.500,0.055,0.090,1.000,10,10,0,1.000,0.519,4.181,0.840,0.845,1131.732
464,COMPLETE,11.000,8,0.290,8,1.000,0.540,7.000,0.055,0.090,1.000,10,10,0,1.000,0.579,5.398,0.853,0.843,1173.474
465,COMPLETE,7.995,8,0.320,8,1.000,0.540,6.500,0.055,0.090,1.000,7,10,0,0.995,0.613,6.236,0.833,0.822,1204.412
466,COMPLETE,7.982,8,0.290,8,1.000,0.540,6.500,0.055,0.140,1.000,7,10,0,0.982,0.554,5.070,0.797,0.765,1159.041
467,COMPLETE,7.993,8,0.290,8,1.000,0.540,6.500,0.045,0.140,1.000,7,10,0,0.993,0.558,5.889,0.812,0.749,1143.680
468,COMPLETE,7.995,8,0.320,8,1.000,0.540,6.500,0.055,0.090,1.000,7,10,0,0.995,0.613,6.236,0.833,0.822,1203.782
469,COMPLETE,7.995,8,0.320,8,1.000,0.540,6.500,0.055,0.090,1.000,7,10,0,0.995,0.613,6.236,0.833,0.822,1195.638
470,COMPLETE,9.995,8,0.290,8,1.000,0.360,6.500,0.055,0.090,1.000,9,10,0,0.995,0.573,4.887,0.850,0.834,1189.243
471,COMPLETE,11.000,8,0.240,8,1.000,0.580,6.500,0.055,0.090,1.000,10,10,0,1.000,0.523,4.381,0.857,0.829,1130.079
472,COMPLETE,11.000,7,0.320,8,1.000,0.580,6.500,0.055,0.100,1.000,10,10,0,1.000,0.575,5.623,0.840,0.806,1176.203
473,COMPLETE,11.000,7,0.320,8,1.000,0.580,7.000,0.055,0.100,0.600,10,10,0,1.000,0.568,5.278,0.852,0.813,1157.565
474,COMPLETE,8.992,8,0.320,8,1.000,0.580,7.000,0.055,0.100,0.600,8,10,0,0.992,0.592,5.876,0.838,0.781,1202.517
475,COMPLETE,8.992,7,0.320,12,1.000,0.580,5.000,0.055,0.100,0.600,8,10,0,0.992,0.603,6.507,0.840,0.811,1176.599
476,COMPLETE,9.997,7,0.280,8,1.000,0.580,7.000,0.055,0.100,1.000,9,10,0,0.997,0.528,4.442,0.845,0.841,1148.636
477,COMPLETE,9.997,7,0.280,8,1.000,0.580,7.000,0.055,0.100,1.000,9,10,0,0.997,0.528,4.442,0.845,0.841,1145.233
478,COMPLETE,9.997,7,0.280,8,1.000,0.580,7.000,0.055,0.100,1.000,9,10,0,0.997,0.528,4.442,0.845,0.841,1145.141
479,COMPLETE,11.000,7,0.290,8,1.000,0.580,7.000,0.055,0.100,1.000,10,10,0,1.000,0.540,4.765,0.870,0.842,1133.391
480,COMPLETE,0.205,7,0.190,9,1.000,0.580,7.000,0.055,0.100,0.500,0,10,0,0.205,0.405,1.335,0.164,0.184,1032.161
481,COMPLETE,2.442,7,0.280,9,1.000,0.180,7.000,0.055,0.100,1.000,2,10,0,0.442,0.536,3.288,0.366,0.391,1167.792
482,COMPLETE,8.907,7,0.280,9,1.000,0.580,7.000,0.055,0.100,0.600,8,10,0,0.907,0.524,4.168,0.785,0.715,1146.241
483,COMPLETE,9.932,7,0.280,9,1.000,0.580,7.000,0.055,0.100,1.000,9,10,0,0.932,0.534,4.435,0.798,0.765,1152.473
484,COMPLETE,9.999,7,0.280,9,1.000,0.580,7.000,0.040,0.100,1.000,9,10,0,0.999,0.532,5.755,0.841,0.816,1109.471
485,COMPLETE,9.995,7,0.280,12,1.000,0.580,7.000,0.055,0.100,1.000,9,10,0,0.995,0.540,4.701,0.860,0.837,1155.373
486,COMPLETE,8.907,7,0.280,9,1.000,0.580,7.000,0.055,0.100,0.600,8,10,0,0.907,0.524,4.168,0.785,0.715,1142.849
487,COMPLETE,9.932,7,0.280,9,1.000,0.580,7.000,0.055,0.100,1.000,9,10,0,0.932,0.534,4.435,0.798,0.765,1146.333
488,COMPLETE,8.996,9,0.280,9,1.000,0.580,7.000,0.055,0.100,0.500,8,10,0,0.996,0.590,5.700,0.841,0.784,1160.072
489,COMPLETE,8.975,9,0.280,9,1.000,0.580,7.000,0.055,0.100,1.000,8,10,0,0.975,0.583,5.623,0.829,0.709,1203.261
490,COMPLETE,0.291,9,0.280,9,1.000,0.140,7.000,0.055,0.110,0.500,0,10,0,0.291,0.589,3.979,0.238,0.226,1200.209
491,COMPLETE,9.998,9,0.280,9,1.000,0.580,7.000,0.055,0.110,1.000,9,10,0,0.998,0.588,5.764,0.853,0.779,1205.181
492,COMPLETE,8.993,9,0.280,9,1.000,0.560,7.000,0.055,0.110,1.000,8,10,0,0.993,0.590,5.672,0.828,0.804,1219.059
493,COMPLETE,8.993,9,0.280,9,1.000,0.560,7.000,0.055,0.110,1.000,8,10,0,0.993,0.590,5.672,0.828,0.804,1214.432
494,COMPLETE,8.993,9,0.280,9,1.000,0.560,7.000,0.055,0.110,1.000,8,10,0,0.993,0.590,5.672,0.828,0.804,1207.616
495,COMPLETE,8.993,9,0.280,9,1.000,0.560,7.000,0.055,0.110,1.000,8,10,0,0.993,0.590,5.672,0.828,0.804,1213.402
496,COMPLETE,8.997,9,0.270,9,1.000,0.560,8.000,0.055,0.110,1.000,8,10,0,0.997,0.545,4.616,0.829,0.788,1187.736
497,COMPLETE,8.997,9,0.270,9,1.000,0.560,8.000,0.055,0.110,1.000,8,10,0,0.997,0.545,4.616,0.829,0.788,1190.300
498,COMPLETE,8.997,9,0.270,9,1.000,0.560,8.000,0.055,0.110,1.000,8,10,0,0.997,0.545,4.616,0.829,0.788,1190.822
499,COMPLETE,8.997,9,0.270,9,1.000,0.560,8.000,0.055,0.110,1.000,8,10,0,0.997,0.545,4.616,0.829,0.788,1192.263
500,COMPLETE,0.169,4,0.270,9,1.000,0.560,8.000,0.055,0.120,1.000,0,10,0,0.169,0.395,1.022,0.136,0.207,929.281
501,COMPLETE,6.993,9,0.270,9,1.000,0.560,8.000,0.055,0.120,1.000,6,10,0,0.993,0.546,4.641,0.819,0.787,1177.723
502,COMPLETE,6.993,9,0.270,9,1.000,0.560,8.000,0.055,0.120,1.000,6,10,0,0.993,0.546,4.641,0.819,0.787,1179.677
503,COMPLETE,6.993,9,0.270,9,1.000,0.560,8.000,0.055,0.120,1.000,6,10,0,0.993,0.546,4.641,0.819,0.787,1184.269
504,COMPLETE,8.997,9,0.270,9,1.000,0.560,8.000,0.055,0.110,1.000,8,10,0,0.997,0.545,4.616,0.829,0.788,1191.571
505,COMPLETE,7.991,8,0.270,9,1.000,0.560,8.000,0.055,0.120,1.000,7,10,0,0.991,0.513,4.042,0.831,0.815,1151.488
506,COMPLETE,8.997,9,0.270,9,1.000,0.560,8.000,0.055,0.110,1.000,8,10,0,0.997,0.545,4.616,0.829,0.788,1189.292
507,COMPLETE,0.150,4,0.270,9,1.000,0.560,8.000,0.055,0.110,0.900,0,10,0,0.150,0.393,1.011,0.120,0.202,934.364
508,COMPLETE,8.984,8,0.270,10,1.000,0.560,8.000,0.055,0.120,0.900,8,10,0,0.984,0.516,3.982,0.813,0.798,1149.936
509,COMPLETE,8.893,8,0.270,10,1.000,0.560,9.000,0.055,0.120,1.000,8,10,0,0.893,0.493,3.342,0.764,0.722,1121.551
510,COMPLETE,8.920,8,0.270,10,1.000,0.480,8.000,0.055,0.120,0.900,8,10,0,0.920,0.525,3.894,0.780,0.765,1147.515
511,COMPLETE,8.998,8,0.290,10,1.000,0.560,7.500,0.060,0.120,0.900,8,10,0,0.998,0.567,4.644,0.839,0.799,1200.300
