group_kind,group,generation,runs,mean_directional_bias,mean_receiver_attention,mean_sender_transposition,mean_receiver_transposition,mean_min_transposition,mean_transposition_gap,mean_comb_tilt,mean_success,mean_payoff
comparison,successful,0,5,0.072,0.120,0.000,0.000,0.000,0.000,0.000,0.166,1.168
comparison,successful,1,5,0.073,0.116,0.026,0.028,0.026,0.002,0.029,0.203,1.511
comparison,successful,2,5,0.093,0.123,0.045,0.048,0.043,0.008,0.052,0.247,1.937
comparison,successful,3,5,0.099,0.127,0.063,0.061,0.060,0.004,0.068,0.282,2.292
comparison,successful,4,5,0.107,0.127,0.081,0.074,0.070,0.015,0.086,0.305,2.523
comparison,successful,5,5,0.128,0.135,0.089,0.090,0.083,0.011,0.114,0.330,2.770
comparison,successful,6,5,0.139,0.134,0.103,0.106,0.101,0.007,0.136,0.353,3.007
comparison,successful,7,5,0.139,0.123,0.108,0.105,0.105,0.003,0.152,0.375,3.223
comparison,successful,8,5,0.148,0.130,0.118,0.126,0.116,0.012,0.168,0.381,3.300
comparison,successful,9,5,0.145,0.156,0.125,0.141,0.125,0.016,0.182,0.396,3.445
comparison,successful,10,5,0.156,0.164,0.117,0.133,0.114,0.021,0.178,0.410,3.577
comparison,successful,11,5,0.158,0.179,0.120,0.131,0.109,0.033,0.192,0.422,3.695
comparison,successful,12,5,0.177,0.173,0.131,0.144,0.126,0.024,0.216,0.431,3.803
comparison,successful,13,5,0.200,0.186,0.129,0.161,0.125,0.039,0.233,0.439,3.899
comparison,successful,14,5,0.199,0.203,0.124,0.154,0.120,0.037,0.236,0.443,3.922
comparison,successful,15,5,0.216,0.227,0.132,0.165,0.132,0.034,0.244,0.449,4.003
comparison,successful,16,5,0.208,0.213,0.149,0.169,0.141,0.035,0.253,0.448,3.983
comparison,successful,17,5,0.202,0.224,0.147,0.161,0.140,0.028,0.261,0.456,4.083
comparison,successful,18,5,0.202,0.223,0.160,0.171,0.153,0.026,0.285,0.458,4.119
comparison,successful,19,5,0.205,0.234,0.173,0.182,0.156,0.042,0.296,0.463,4.181
comparison,successful,20,5,0.224,0.237,0.181,0.192,0.170,0.034,0.313,0.464,4.220
comparison,successful,21,5,0.232,0.241,0.190,0.193,0.179,0.025,0.332,0.470,4.262
comparison,successful,22,5,0.230,0.255,0.188,0.190,0.178,0.023,0.355,0.472,4.328
comparison,successful,23,5,0.234,0.281,0.203,0.211,0.194,0.026,0.361,0.480,4.420
comparison,successful,24,5,0.227,0.302,0.200,0.214,0.190,0.035,0.371,0.481,4.429
comparison,successful,25,5,0.238,0.319,0.211,0.212,0.196,0.031,0.380,0.479,4.425
comparison,successful,26,5,0.246,0.290,0.229,0.235,0.214,0.035,0.413,0.478,4.464
comparison,successful,27,5,0.293,0.312,0.215,0.238,0.208,0.036,0.424,0.479,4.504
comparison,successful,28,5,0.302,0.306,0.212,0.236,0.204,0.040,0.405,0.485,4.539
comparison,successful,29,5,0.341,0.313,0.215,0.225,0.204,0.033,0.413,0.489,4.616
comparison,successful,30,5,0.390,0.345,0.230,0.236,0.218,0.030,0.415,0.489,4.618
comparison,successful,31,5,0.421,0.333,0.248,0.248,0.225,0.045,0.434,0.488,4.624
comparison,successful,32,5,0.439,0.319,0.265,0.263,0.238,0.053,0.454,0.488,4.671
comparison,successful,33,5,0.479,0.334,0.256,0.263,0.240,0.039,0.475,0.488,4.698
comparison,successful,34,5,0.493,0.345,0.260,0.263,0.251,0.022,0.477,0.489,4.716
comparison,successful,35,5,0.521,0.310,0.261,0.270,0.259,0.013,0.520,0.483,4.691
comparison,successful,36,5,0.537,0.328,0.252,0.270,0.247,0.028,0.559,0.485,4.766
comparison,successful,37,5,0.560,0.319,0.262,0.271,0.248,0.036,0.586,0.484,4.789
comparison,successful,38,5,0.559,0.361,0.260,0.262,0.242,0.037,0.565,0.495,4.890
comparison,successful,39,5,0.557,0.351,0.274,0.270,0.249,0.047,0.551,0.502,4.950
comparison,successful,40,5,0.562,0.339,0.274,0.275,0.250,0.050,0.553,0.504,4.951
comparison,successful,41,5,0.573,0.348,0.269,0.275,0.243,0.057,0.562,0.507,4.994
comparison,successful,42,5,0.572,0.349,0.277,0.281,0.250,0.057,0.578,0.507,5.022
comparison,successful,43,5,0.554,0.353,0.254,0.262,0.233,0.051,0.585,0.503,4.986
comparison,successful,44,5,0.551,0.351,0.255,0.286,0.246,0.050,0.601,0.497,4.939
comparison,successful,45,5,0.542,0.364,0.255,0.284,0.248,0.044,0.597,0.495,4.910
comparison,successful,46,5,0.532,0.365,0.245,0.269,0.236,0.042,0.594,0.497,4.937
comparison,successful,47,5,0.537,0.361,0.234,0.268,0.229,0.043,0.594,0.498,4.924
comparison,successful,48,5,0.547,0.373,0.240,0.263,0.227,0.048,0.604,0.506,5.059
comparison,successful,49,5,0.535,0.371,0.239,0.264,0.225,0.052,0.606,0.507,5.066
comparison,successful,50,5,0.531,0.380,0.230,0.248,0.205,0.069,0.595,0.507,5.035
comparison,successful,51,5,0.560,0.418,0.250,0.257,0.220,0.066,0.571,0.507,5.029
comparison,successful,52,5,0.581,0.442,0.251,0.248,0.216,0.067,0.550,0.512,5.074
comparison,successful,53,5,0.580,0.443,0.265,0.267,0.237,0.059,0.562,0.509,5.062
comparison,successful,54,5,0.635,0.456,0.279,0.281,0.256,0.048,0.584,0.510,5.112
comparison,successful,55,5,0.641,0.434,0.296,0.296,0.273,0.045,0.606,0.507,5.096
comparison,successful,56,5,0.622,0.432,0.293,0.298,0.271,0.048,0.625,0.510,5.163
comparison,successful,57,5,0.616,0.415,0.319,0.334,0.305,0.042,0.661,0.505,5.133
comparison,successful,58,5,0.640,0.440,0.330,0.336,0.313,0.041,0.646,0.507,5.167
comparison,successful,59,5,0.616,0.462,0.316,0.319,0.289,0.056,0.626,0.511,5.178
comparison,successful,60,5,0.610,0.492,0.337,0.325,0.316,0.030,0.639,0.514,5.274
comparison,successful,61,5,0.602,0.481,0.326,0.299,0.297,0.031,0.653,0.510,5.216
comparison,successful,62,5,0.620,0.504,0.358,0.324,0.323,0.036,0.634,0.517,5.270
comparison,successful,63,5,0.611,0.508,0.357,0.319,0.318,0.039,0.639,0.517,5.279
comparison,successful,64,5,0.611,0.522,0.341,0.303,0.303,0.039,0.625,0.518,5.308
comparison,successful,65,5,0.606,0.517,0.357,0.323,0.321,0.037,0.621,0.512,5.210
comparison,successful,66,5,0.623,0.528,0.372,0.347,0.343,0.033,0.635,0.520,5.335
comparison,successful,67,5,0.628,0.538,0.374,0.341,0.336,0.043,0.635,0.525,5.401
comparison,successful,68,5,0.607,0.532,0.389,0.363,0.349,0.054,0.638,0.528,5.427
comparison,successful,69,5,0.612,0.543,0.374,0.347,0.340,0.040,0.654,0.521,5.381
comparison,successful,70,5,0.630,0.554,0.417,0.383,0.374,0.053,0.669,0.520,5.431
comparison,successful,71,5,0.645,0.577,0.444,0.405,0.401,0.047,0.684,0.521,5.482
comparison,successful,72,5,0.659,0.568,0.470,0.433,0.426,0.051,0.689,0.518,5.435
comparison,successful,73,5,0.706,0.613,0.493,0.455,0.449,0.050,0.699,0.528,5.647
comparison,successful,74,5,0.714,0.649,0.528,0.497,0.491,0.043,0.728,0.536,5.833
comparison,successful,75,5,0.726,0.682,0.532,0.505,0.500,0.037,0.720,0.538,5.828
comparison,successful,76,5,0.741,0.698,0.599,0.577,0.567,0.042,0.751,0.550,6.066
comparison,successful,77,5,0.752,0.709,0.591,0.582,0.565,0.043,0.745,0.550,6.020
comparison,successful,78,5,0.756,0.701,0.571,0.565,0.546,0.043,0.731,0.555,6.033
comparison,successful,79,5,0.773,0.725,0.607,0.610,0.587,0.044,0.755,0.562,6.216
comparison,successful,80,5,0.766,0.734,0.673,0.652,0.641,0.043,0.760,0.564,6.236
comparison,successful,81,5,0.776,0.729,0.697,0.676,0.665,0.043,0.768,0.570,6.365
comparison,successful,82,5,0.768,0.744,0.739,0.742,0.723,0.035,0.797,0.579,6.555
comparison,successful,83,5,0.768,0.719,0.763,0.780,0.756,0.032,0.823,0.580,6.607
comparison,successful,84,5,0.752,0.728,0.777,0.788,0.770,0.024,0.835,0.585,6.701
comparison,successful,85,5,0.764,0.752,0.804,0.810,0.800,0.015,0.864,0.589,6.831
comparison,successful,86,5,0.759,0.756,0.820,0.819,0.809,0.021,0.859,0.589,6.837
comparison,successful,87,5,0.762,0.782,0.827,0.834,0.823,0.014,0.843,0.589,6.829
comparison,successful,88,5,0.762,0.787,0.822,0.833,0.819,0.017,0.853,0.594,6.927
comparison,successful,89,5,0.763,0.802,0.817,0.827,0.810,0.023,0.859,0.590,6.907
comparison,successful,90,5,0.756,0.816,0.830,0.843,0.824,0.024,0.856,0.591,6.937
comparison,successful,91,5,0.763,0.828,0.826,0.835,0.820,0.021,0.859,0.593,6.967
comparison,successful,92,5,0.741,0.842,0.819,0.832,0.814,0.024,0.855,0.587,6.874
comparison,successful,93,5,0.737,0.825,0.826,0.831,0.817,0.023,0.868,0.586,6.866
comparison,successful,94,5,0.730,0.827,0.832,0.834,0.817,0.030,0.855,0.588,6.891
comparison,successful,95,5,0.737,0.830,0.840,0.831,0.821,0.029,0.846,0.581,6.760
comparison,successful,96,5,0.742,0.816,0.841,0.833,0.822,0.029,0.850,0.576,6.704
comparison,successful,97,5,0.724,0.805,0.848,0.830,0.823,0.032,0.841,0.570,6.607
comparison,successful,98,5,0.736,0.798,0.838,0.813,0.806,0.039,0.845,0.572,6.612
comparison,successful,99,5,0.733,0.804,0.836,0.822,0.811,0.035,0.861,0.574,6.701
comparison,successful,100,5,0.752,0.804,0.838,0.830,0.813,0.041,0.870,0.578,6.751
comparison,successful,101,5,0.737,0.818,0.838,0.830,0.811,0.046,0.863,0.573,6.657
comparison,successful,102,5,0.740,0.800,0.839,0.826,0.807,0.051,0.865,0.576,6.720
comparison,successful,103,5,0.740,0.823,0.846,0.844,0.825,0.041,0.861,0.572,6.669
comparison,successful,104,5,0.749,0.826,0.857,0.857,0.842,0.030,0.863,0.575,6.725
comparison,successful,105,5,0.751,0.829,0.852,0.838,0.828,0.035,0.860,0.579,6.769
comparison,successful,106,5,0.742,0.829,0.866,0.851,0.840,0.036,0.859,0.579,6.753
comparison,successful,107,5,0.739,0.823,0.866,0.854,0.847,0.026,0.865,0.579,6.784
comparison,successful,108,5,0.751,0.818,0.869,0.861,0.850,0.030,0.862,0.582,6.824
comparison,successful,109,5,0.728,0.828,0.873,0.872,0.856,0.034,0.858,0.579,6.766
comparison,successful,110,5,0.715,0.836,0.873,0.865,0.845,0.047,0.852,0.582,6.791
comparison,successful,111,5,0.711,0.845,0.873,0.869,0.851,0.039,0.869,0.584,6.866
comparison,successful,112,5,0.701,0.851,0.864,0.873,0.852,0.033,0.866,0.585,6.885
comparison,successful,113,5,0.710,0.840,0.873,0.885,0.866,0.026,0.865,0.584,6.870
comparison,successful,114,5,0.713,0.854,0.864,0.886,0.861,0.027,0.870,0.583,6.868
comparison,successful,115,5,0.724,0.838,0.864,0.890,0.861,0.033,0.868,0.586,6.893
comparison,successful,116,5,0.701,0.852,0.862,0.887,0.858,0.032,0.868,0.589,6.921
comparison,successful,117,5,0.708,0.829,0.869,0.881,0.858,0.035,0.869,0.596,7.015
comparison,successful,118,5,0.709,0.841,0.855,0.873,0.848,0.032,0.881,0.591,6.967
comparison,successful,119,5,0.695,0.829,0.850,0.862,0.839,0.034,0.879,0.585,6.859
comparison,successful,120,5,0.702,0.822,0.837,0.861,0.829,0.040,0.884,0.585,6.857
comparison,unsuccessful,0,20,0.075,0.122,0.000,0.000,0.000,0.000,0.000,0.160,1.107
comparison,unsuccessful,1,20,0.084,0.129,0.027,0.027,0.025,0.003,0.028,0.198,1.476
comparison,unsuccessful,2,20,0.092,0.136,0.044,0.044,0.041,0.007,0.047,0.236,1.834
comparison,unsuccessful,3,20,0.102,0.147,0.061,0.063,0.057,0.010,0.061,0.272,2.179
comparison,unsuccessful,4,20,0.113,0.154,0.075,0.077,0.071,0.010,0.075,0.306,2.515
comparison,unsuccessful,5,20,0.125,0.165,0.087,0.093,0.083,0.014,0.086,0.332,2.759
comparison,unsuccessful,6,20,0.136,0.187,0.096,0.100,0.091,0.015,0.099,0.358,3.023
comparison,unsuccessful,7,20,0.146,0.195,0.108,0.108,0.097,0.022,0.106,0.376,3.205
comparison,unsuccessful,8,20,0.154,0.199,0.118,0.114,0.105,0.023,0.122,0.394,3.379
comparison,unsuccessful,9,20,0.163,0.213,0.130,0.120,0.113,0.024,0.136,0.408,3.523
comparison,unsuccessful,10,20,0.174,0.228,0.141,0.126,0.122,0.024,0.142,0.421,3.645
comparison,unsuccessful,11,20,0.182,0.241,0.149,0.134,0.129,0.026,0.150,0.432,3.762
comparison,unsuccessful,12,20,0.195,0.258,0.148,0.130,0.125,0.029,0.152,0.442,3.861
comparison,unsuccessful,13,20,0.203,0.274,0.156,0.140,0.130,0.035,0.169,0.451,3.967
comparison,unsuccessful,14,20,0.222,0.289,0.171,0.155,0.143,0.039,0.180,0.461,4.083
comparison,unsuccessful,15,20,0.244,0.310,0.174,0.165,0.150,0.039,0.194,0.468,4.157
comparison,unsuccessful,16,20,0.256,0.321,0.179,0.175,0.161,0.032,0.209,0.473,4.223
comparison,unsuccessful,17,20,0.268,0.338,0.193,0.185,0.173,0.030,0.220,0.479,4.305
comparison,unsuccessful,18,20,0.288,0.373,0.197,0.182,0.169,0.041,0.237,0.487,4.419
comparison,unsuccessful,19,20,0.298,0.387,0.197,0.182,0.169,0.040,0.250,0.492,4.482
comparison,unsuccessful,20,20,0.317,0.403,0.199,0.188,0.170,0.047,0.261,0.497,4.550
comparison,unsuccessful,21,20,0.323,0.426,0.211,0.190,0.170,0.060,0.257,0.500,4.590
comparison,unsuccessful,22,20,0.345,0.449,0.214,0.196,0.175,0.060,0.258,0.505,4.640
comparison,unsuccessful,23,20,0.365,0.476,0.209,0.196,0.174,0.056,0.266,0.510,4.729
comparison,unsuccessful,24,20,0.377,0.494,0.216,0.208,0.183,0.058,0.272,0.516,4.807
comparison,unsuccessful,25,20,0.394,0.516,0.218,0.214,0.190,0.051,0.282,0.515,4.814
comparison,unsuccessful,26,20,0.412,0.538,0.225,0.209,0.186,0.060,0.297,0.517,4.857
comparison,unsuccessful,27,20,0.435,0.554,0.238,0.219,0.195,0.067,0.306,0.521,4.915
comparison,unsuccessful,28,20,0.445,0.568,0.247,0.214,0.197,0.067,0.314,0.525,4.985
comparison,unsuccessful,29,20,0.449,0.588,0.242,0.205,0.189,0.069,0.322,0.527,5.013
comparison,unsuccessful,30,20,0.454,0.596,0.244,0.209,0.186,0.080,0.318,0.529,5.034
comparison,unsuccessful,31,20,0.471,0.605,0.245,0.210,0.190,0.075,0.327,0.527,5.019
comparison,unsuccessful,32,20,0.482,0.619,0.234,0.205,0.185,0.069,0.340,0.532,5.108
comparison,unsuccessful,33,20,0.493,0.636,0.235,0.208,0.190,0.062,0.342,0.533,5.124
comparison,unsuccessful,34,20,0.503,0.654,0.229,0.205,0.185,0.064,0.349,0.538,5.188
comparison,unsuccessful,35,20,0.516,0.667,0.222,0.188,0.170,0.069,0.343,0.539,5.205
comparison,unsuccessful,36,20,0.528,0.678,0.222,0.194,0.176,0.065,0.341,0.544,5.254
comparison,unsuccessful,37,20,0.535,0.677,0.212,0.192,0.174,0.055,0.340,0.545,5.264
comparison,unsuccessful,38,20,0.539,0.683,0.219,0.194,0.179,0.054,0.339,0.546,5.278
comparison,unsuccessful,39,20,0.538,0.689,0.215,0.198,0.185,0.043,0.341,0.548,5.306
comparison,unsuccessful,40,20,0.558,0.705,0.218,0.193,0.186,0.040,0.332,0.551,5.335
comparison,unsuccessful,41,20,0.569,0.727,0.218,0.192,0.185,0.040,0.330,0.558,5.425
comparison,unsuccessful,42,20,0.583,0.733,0.220,0.193,0.184,0.044,0.331,0.557,5.426
comparison,unsuccessful,43,20,0.589,0.741,0.216,0.199,0.186,0.043,0.344,0.554,5.409
comparison,unsuccessful,44,20,0.591,0.754,0.215,0.200,0.182,0.050,0.350,0.557,5.450
comparison,unsuccessful,45,20,0.594,0.756,0.214,0.203,0.182,0.053,0.344,0.560,5.474
comparison,unsuccessful,46,20,0.610,0.767,0.213,0.205,0.179,0.059,0.340,0.562,5.512
comparison,unsuccessful,47,20,0.625,0.769,0.213,0.199,0.178,0.055,0.336,0.563,5.515
comparison,unsuccessful,48,20,0.639,0.778,0.212,0.206,0.180,0.058,0.330,0.566,5.543
comparison,unsuccessful,49,20,0.656,0.778,0.210,0.208,0.183,0.053,0.327,0.564,5.537
comparison,unsuccessful,50,20,0.663,0.790,0.213,0.213,0.188,0.049,0.334,0.565,5.553
comparison,unsuccessful,51,20,0.669,0.799,0.208,0.215,0.186,0.051,0.325,0.570,5.623
comparison,unsuccessful,52,20,0.676,0.804,0.220,0.227,0.195,0.056,0.333,0.568,5.593
comparison,unsuccessful,53,20,0.681,0.800,0.225,0.229,0.203,0.049,0.327,0.564,5.553
comparison,unsuccessful,54,20,0.690,0.802,0.226,0.230,0.204,0.049,0.328,0.569,5.600
comparison,unsuccessful,55,20,0.696,0.812,0.230,0.230,0.205,0.050,0.318,0.572,5.636
comparison,unsuccessful,56,20,0.700,0.818,0.229,0.225,0.198,0.058,0.314,0.573,5.653
comparison,unsuccessful,57,20,0.715,0.818,0.234,0.225,0.200,0.059,0.300,0.574,5.631
comparison,unsuccessful,58,20,0.719,0.822,0.221,0.213,0.187,0.061,0.294,0.576,5.665
comparison,unsuccessful,59,20,0.717,0.817,0.221,0.213,0.185,0.064,0.286,0.576,5.643
comparison,unsuccessful,60,20,0.725,0.806,0.223,0.212,0.186,0.062,0.282,0.578,5.670
comparison,unsuccessful,61,20,0.725,0.810,0.229,0.223,0.190,0.073,0.284,0.574,5.606
comparison,unsuccessful,62,20,0.722,0.809,0.221,0.213,0.184,0.065,0.280,0.575,5.628
comparison,unsuccessful,63,20,0.723,0.805,0.223,0.217,0.185,0.069,0.282,0.577,5.660
comparison,unsuccessful,64,20,0.727,0.811,0.221,0.216,0.185,0.067,0.280,0.576,5.645
comparison,unsuccessful,65,20,0.732,0.804,0.221,0.216,0.184,0.068,0.273,0.574,5.607
comparison,unsuccessful,66,20,0.741,0.811,0.224,0.221,0.187,0.071,0.263,0.577,5.645
comparison,unsuccessful,67,20,0.742,0.825,0.226,0.211,0.183,0.071,0.278,0.578,5.671
comparison,unsuccessful,68,20,0.746,0.823,0.235,0.214,0.185,0.079,0.278,0.582,5.717
comparison,unsuccessful,69,20,0.741,0.828,0.236,0.221,0.188,0.080,0.272,0.578,5.658
comparison,unsuccessful,70,20,0.747,0.825,0.235,0.220,0.190,0.074,0.276,0.581,5.693
comparison,unsuccessful,71,20,0.755,0.827,0.233,0.212,0.184,0.077,0.272,0.581,5.701
comparison,unsuccessful,72,20,0.762,0.824,0.227,0.206,0.180,0.074,0.277,0.588,5.777
comparison,unsuccessful,73,20,0.771,0.820,0.220,0.203,0.177,0.068,0.268,0.587,5.753
comparison,unsuccessful,74,20,0.777,0.830,0.215,0.205,0.175,0.070,0.278,0.585,5.745
comparison,unsuccessful,75,20,0.773,0.836,0.214,0.206,0.181,0.058,0.273,0.587,5.760
comparison,unsuccessful,76,20,0.790,0.831,0.209,0.197,0.177,0.051,0.277,0.586,5.766
comparison,unsuccessful,77,20,0.793,0.834,0.206,0.201,0.179,0.049,0.274,0.590,5.802
comparison,unsuccessful,78,20,0.798,0.841,0.206,0.208,0.184,0.045,0.269,0.591,5.818
comparison,unsuccessful,79,20,0.785,0.838,0.200,0.206,0.179,0.047,0.282,0.588,5.801
comparison,unsuccessful,80,20,0.791,0.829,0.205,0.211,0.183,0.050,0.288,0.590,5.823
comparison,unsuccessful,81,20,0.788,0.827,0.216,0.216,0.189,0.055,0.295,0.586,5.787
comparison,unsuccessful,82,20,0.791,0.825,0.214,0.214,0.185,0.058,0.294,0.586,5.787
comparison,unsuccessful,83,20,0.801,0.827,0.219,0.208,0.186,0.056,0.294,0.586,5.778
comparison,unsuccessful,84,20,0.801,0.825,0.218,0.201,0.182,0.054,0.296,0.587,5.798
comparison,unsuccessful,85,20,0.803,0.824,0.216,0.194,0.176,0.057,0.301,0.588,5.819
comparison,unsuccessful,86,20,0.799,0.822,0.221,0.204,0.184,0.057,0.301,0.584,5.782
comparison,unsuccessful,87,20,0.799,0.825,0.225,0.205,0.187,0.055,0.292,0.585,5.778
comparison,unsuccessful,88,20,0.802,0.829,0.232,0.200,0.186,0.059,0.289,0.585,5.784
comparison,unsuccessful,89,20,0.792,0.826,0.226,0.192,0.179,0.059,0.296,0.580,5.735
comparison,unsuccessful,90,20,0.793,0.812,0.231,0.196,0.183,0.061,0.292,0.581,5.731
comparison,unsuccessful,91,20,0.795,0.814,0.236,0.198,0.186,0.062,0.286,0.581,5.725
comparison,unsuccessful,92,20,0.794,0.813,0.244,0.205,0.192,0.064,0.292,0.581,5.740
comparison,unsuccessful,93,20,0.797,0.818,0.244,0.211,0.196,0.063,0.284,0.582,5.744
comparison,unsuccessful,94,20,0.795,0.818,0.256,0.224,0.209,0.061,0.283,0.576,5.673
comparison,unsuccessful,95,20,0.793,0.816,0.247,0.226,0.209,0.056,0.288,0.577,5.682
comparison,unsuccessful,96,20,0.793,0.827,0.245,0.232,0.212,0.053,0.282,0.581,5.724
comparison,unsuccessful,97,20,0.795,0.829,0.243,0.234,0.215,0.046,0.273,0.584,5.741
comparison,unsuccessful,98,20,0.788,0.833,0.253,0.234,0.217,0.053,0.280,0.579,5.692
comparison,unsuccessful,99,20,0.789,0.838,0.240,0.227,0.206,0.055,0.290,0.583,5.770
comparison,unsuccessful,100,20,0.783,0.843,0.241,0.220,0.204,0.053,0.281,0.582,5.731
comparison,unsuccessful,101,20,0.782,0.846,0.246,0.218,0.204,0.056,0.281,0.587,5.793
comparison,unsuccessful,102,20,0.785,0.846,0.246,0.215,0.204,0.053,0.297,0.589,5.833
comparison,unsuccessful,103,20,0.794,0.843,0.240,0.211,0.203,0.046,0.284,0.589,5.816
comparison,unsuccessful,104,20,0.802,0.848,0.236,0.213,0.203,0.043,0.282,0.594,5.887
comparison,unsuccessful,105,20,0.811,0.853,0.228,0.206,0.195,0.044,0.278,0.594,5.880
comparison,unsuccessful,106,20,0.803,0.850,0.232,0.214,0.201,0.044,0.278,0.593,5.874
comparison,unsuccessful,107,20,0.806,0.854,0.229,0.225,0.206,0.042,0.279,0.595,5.893
comparison,unsuccessful,108,20,0.805,0.848,0.225,0.232,0.208,0.041,0.277,0.591,5.839
comparison,unsuccessful,109,20,0.803,0.843,0.231,0.241,0.217,0.039,0.274,0.589,5.823
comparison,unsuccessful,110,20,0.798,0.837,0.236,0.242,0.224,0.030,0.273,0.589,5.822
comparison,unsuccessful,111,20,0.797,0.842,0.234,0.247,0.223,0.034,0.274,0.588,5.809
comparison,unsuccessful,112,20,0.790,0.841,0.241,0.254,0.230,0.034,0.283,0.583,5.775
comparison,unsuccessful,113,20,0.791,0.840,0.232,0.242,0.220,0.033,0.273,0.586,5.779
comparison,unsuccessful,114,20,0.789,0.838,0.216,0.235,0.204,0.042,0.264,0.588,5.794
comparison,unsuccessful,115,20,0.785,0.840,0.215,0.243,0.207,0.043,0.274,0.590,5.830
comparison,unsuccessful,116,20,0.782,0.839,0.223,0.254,0.212,0.053,0.278,0.590,5.832
comparison,unsuccessful,117,20,0.775,0.839,0.222,0.250,0.215,0.041,0.265,0.593,5.845
comparison,unsuccessful,118,20,0.787,0.828,0.218,0.242,0.211,0.037,0.273,0.589,5.807
comparison,unsuccessful,119,20,0.783,0.828,0.209,0.240,0.204,0.041,0.273,0.593,5.842
comparison,unsuccessful,120,20,0.793,0.829,0.212,0.244,0.207,0.043,0.278,0.592,5.847
outcome,flat,0,18,0.074,0.122,0.000,0.000,0.000,0.000,0.000,0.159,1.104
outcome,flat,1,18,0.083,0.130,0.027,0.027,0.025,0.004,0.029,0.198,1.474
outcome,flat,2,18,0.091,0.137,0.043,0.044,0.040,0.007,0.046,0.236,1.830
outcome,flat,3,18,0.100,0.146,0.061,0.063,0.056,0.011,0.061,0.272,2.179
outcome,flat,4,18,0.109,0.153,0.075,0.078,0.071,0.011,0.074,0.306,2.515
outcome,flat,5,18,0.121,0.164,0.087,0.093,0.083,0.015,0.085,0.333,2.770
outcome,flat,6,18,0.132,0.185,0.095,0.101,0.091,0.015,0.098,0.357,3.019
outcome,flat,7,18,0.144,0.192,0.109,0.110,0.099,0.022,0.107,0.374,3.183
outcome,flat,8,18,0.152,0.196,0.120,0.117,0.107,0.023,0.123,0.392,3.368
outcome,flat,9,18,0.160,0.209,0.132,0.122,0.115,0.024,0.137,0.407,3.514
outcome,flat,10,18,0.173,0.225,0.145,0.131,0.127,0.023,0.143,0.421,3.644
outcome,flat,11,18,0.183,0.237,0.153,0.139,0.133,0.026,0.151,0.432,3.758
outcome,flat,12,18,0.196,0.251,0.153,0.135,0.129,0.030,0.151,0.440,3.845
outcome,flat,13,18,0.203,0.264,0.160,0.146,0.135,0.037,0.167,0.448,3.935
outcome,flat,14,18,0.221,0.283,0.173,0.159,0.146,0.040,0.178,0.458,4.046
outcome,flat,15,18,0.242,0.303,0.174,0.168,0.151,0.040,0.191,0.466,4.129
outcome,flat,16,18,0.256,0.309,0.178,0.176,0.161,0.033,0.205,0.470,4.192
outcome,flat,17,18,0.265,0.330,0.191,0.186,0.174,0.029,0.216,0.477,4.278
outcome,flat,18,18,0.286,0.362,0.196,0.182,0.168,0.042,0.232,0.485,4.393
outcome,flat,19,18,0.294,0.375,0.198,0.183,0.169,0.042,0.245,0.491,4.463
outcome,flat,20,18,0.316,0.393,0.198,0.188,0.170,0.046,0.254,0.497,4.545
outcome,flat,21,18,0.322,0.414,0.210,0.190,0.169,0.062,0.247,0.500,4.568
outcome,flat,22,18,0.344,0.438,0.211,0.194,0.171,0.063,0.250,0.505,4.635
outcome,flat,23,18,0.361,0.463,0.208,0.196,0.173,0.059,0.256,0.509,4.701
outcome,flat,24,18,0.370,0.478,0.220,0.212,0.186,0.061,0.264,0.514,4.766
outcome,flat,25,18,0.389,0.501,0.221,0.217,0.193,0.052,0.274,0.515,4.790
outcome,flat,26,18,0.410,0.525,0.230,0.214,0.191,0.064,0.289,0.516,4.829
outcome,flat,27,18,0.431,0.542,0.244,0.226,0.200,0.072,0.296,0.520,4.892
outcome,flat,28,18,0.440,0.560,0.254,0.221,0.202,0.071,0.304,0.526,4.977
outcome,flat,29,18,0.439,0.583,0.248,0.210,0.192,0.074,0.312,0.527,4.999
outcome,flat,30,18,0.448,0.589,0.250,0.214,0.190,0.084,0.308,0.529,5.027
outcome,flat,31,18,0.461,0.597,0.249,0.215,0.193,0.078,0.316,0.526,4.992
outcome,flat,32,18,0.470,0.611,0.239,0.210,0.189,0.072,0.329,0.531,5.082
outcome,flat,33,18,0.480,0.627,0.239,0.212,0.194,0.064,0.332,0.531,5.083
outcome,flat,34,18,0.488,0.642,0.233,0.208,0.189,0.063,0.343,0.535,5.137
outcome,flat,35,18,0.504,0.657,0.227,0.193,0.176,0.067,0.337,0.536,5.149
outcome,flat,36,18,0.516,0.665,0.226,0.197,0.181,0.062,0.338,0.540,5.206
outcome,flat,37,18,0.522,0.663,0.216,0.197,0.180,0.052,0.340,0.541,5.209
outcome,flat,38,18,0.529,0.671,0.222,0.198,0.184,0.052,0.337,0.542,5.233
outcome,flat,39,18,0.530,0.680,0.217,0.202,0.189,0.042,0.341,0.545,5.274
outcome,flat,40,18,0.550,0.696,0.219,0.195,0.191,0.033,0.336,0.548,5.301
outcome,flat,41,18,0.560,0.719,0.220,0.194,0.190,0.034,0.336,0.555,5.389
outcome,flat,42,18,0.574,0.724,0.219,0.195,0.188,0.037,0.335,0.555,5.403
outcome,flat,43,18,0.581,0.734,0.216,0.200,0.189,0.038,0.350,0.552,5.390
outcome,flat,44,18,0.586,0.747,0.216,0.201,0.187,0.043,0.354,0.556,5.437
outcome,flat,45,18,0.585,0.752,0.214,0.204,0.186,0.045,0.346,0.558,5.452
outcome,flat,46,18,0.604,0.763,0.209,0.204,0.180,0.053,0.342,0.561,5.491
outcome,flat,47,18,0.617,0.766,0.212,0.199,0.180,0.050,0.339,0.561,5.493
outcome,flat,48,18,0.634,0.775,0.212,0.207,0.182,0.056,0.331,0.564,5.523
outcome,flat,49,18,0.649,0.775,0.208,0.209,0.184,0.050,0.326,0.564,5.535
outcome,flat,50,18,0.654,0.788,0.211,0.213,0.190,0.044,0.332,0.564,5.537
outcome,flat,51,18,0.659,0.796,0.207,0.216,0.188,0.047,0.320,0.568,5.594
outcome,flat,52,18,0.667,0.804,0.218,0.229,0.197,0.051,0.328,0.568,5.585
outcome,flat,53,18,0.675,0.802,0.226,0.234,0.207,0.046,0.323,0.563,5.537
outcome,flat,54,18,0.687,0.805,0.226,0.234,0.207,0.048,0.325,0.568,5.593
outcome,flat,55,18,0.690,0.811,0.227,0.234,0.207,0.048,0.312,0.571,5.621
outcome,flat,56,18,0.696,0.818,0.226,0.229,0.200,0.055,0.306,0.575,5.657
outcome,flat,57,18,0.716,0.817,0.230,0.228,0.200,0.057,0.291,0.575,5.627
outcome,flat,58,18,0.717,0.821,0.217,0.217,0.188,0.059,0.286,0.578,5.668
outcome,flat,59,18,0.715,0.818,0.219,0.217,0.187,0.061,0.277,0.578,5.660
outcome,flat,60,18,0.722,0.807,0.222,0.216,0.191,0.057,0.274,0.581,5.687
outcome,flat,61,18,0.727,0.814,0.229,0.227,0.194,0.069,0.276,0.576,5.625
outcome,flat,62,18,0.724,0.816,0.225,0.217,0.189,0.063,0.272,0.578,5.650
outcome,flat,63,18,0.722,0.810,0.228,0.221,0.190,0.067,0.275,0.578,5.665
outcome,flat,64,18,0.724,0.813,0.224,0.219,0.188,0.066,0.274,0.577,5.643
outcome,flat,65,18,0.728,0.807,0.224,0.220,0.187,0.070,0.267,0.574,5.612
outcome,flat,66,18,0.734,0.811,0.227,0.223,0.189,0.073,0.254,0.577,5.628
outcome,flat,67,18,0.736,0.824,0.229,0.212,0.185,0.073,0.266,0.578,5.662
outcome,flat,68,18,0.742,0.824,0.236,0.214,0.184,0.083,0.265,0.583,5.722
outcome,flat,69,18,0.737,0.827,0.241,0.225,0.191,0.084,0.261,0.579,5.651
outcome,flat,70,18,0.745,0.825,0.238,0.220,0.190,0.078,0.262,0.582,5.686
outcome,flat,71,18,0.752,0.828,0.234,0.209,0.182,0.079,0.258,0.583,5.700
outcome,flat,72,18,0.759,0.826,0.227,0.201,0.177,0.075,0.261,0.589,5.777
outcome,flat,73,18,0.769,0.818,0.219,0.197,0.175,0.066,0.253,0.589,5.760
outcome,flat,74,18,0.776,0.828,0.216,0.199,0.174,0.067,0.266,0.586,5.746
outcome,flat,75,18,0.774,0.835,0.215,0.197,0.178,0.055,0.260,0.588,5.763
outcome,flat,76,18,0.788,0.830,0.208,0.189,0.175,0.048,0.265,0.586,5.755
outcome,flat,77,18,0.790,0.834,0.207,0.191,0.177,0.044,0.262,0.590,5.794
outcome,flat,78,18,0.795,0.840,0.204,0.197,0.180,0.041,0.256,0.593,5.816
outcome,flat,79,18,0.782,0.836,0.197,0.199,0.175,0.046,0.269,0.589,5.787
outcome,flat,80,18,0.791,0.829,0.199,0.205,0.176,0.051,0.276,0.591,5.820
outcome,flat,81,18,0.787,0.828,0.207,0.208,0.179,0.058,0.281,0.587,5.779
outcome,flat,82,18,0.790,0.829,0.204,0.205,0.173,0.062,0.278,0.588,5.780
outcome,flat,83,18,0.803,0.833,0.207,0.198,0.173,0.059,0.277,0.587,5.774
outcome,flat,84,18,0.801,0.832,0.206,0.192,0.172,0.054,0.278,0.590,5.806
outcome,flat,85,18,0.805,0.831,0.204,0.185,0.165,0.059,0.283,0.591,5.831
outcome,flat,86,18,0.804,0.830,0.208,0.194,0.172,0.059,0.283,0.588,5.804
outcome,flat,87,18,0.804,0.833,0.217,0.200,0.180,0.056,0.278,0.588,5.804
outcome,flat,88,18,0.806,0.835,0.223,0.196,0.181,0.058,0.279,0.588,5.809
outcome,flat,89,18,0.796,0.831,0.219,0.189,0.175,0.058,0.294,0.581,5.741
outcome,flat,90,18,0.797,0.814,0.222,0.193,0.178,0.059,0.288,0.581,5.736
outcome,flat,91,18,0.796,0.815,0.227,0.194,0.181,0.059,0.281,0.582,5.726
outcome,flat,92,18,0.795,0.812,0.232,0.200,0.186,0.059,0.288,0.582,5.735
outcome,flat,93,18,0.799,0.814,0.232,0.206,0.190,0.058,0.279,0.583,5.741
outcome,flat,94,18,0.795,0.814,0.241,0.221,0.204,0.053,0.280,0.577,5.681
outcome,flat,95,18,0.791,0.813,0.231,0.219,0.200,0.050,0.283,0.578,5.671
outcome,flat,96,18,0.792,0.824,0.225,0.220,0.199,0.049,0.275,0.582,5.718
outcome,flat,97,18,0.794,0.826,0.224,0.221,0.201,0.044,0.263,0.585,5.738
outcome,flat,98,18,0.785,0.832,0.231,0.222,0.203,0.047,0.269,0.580,5.684
outcome,flat,99,18,0.785,0.835,0.218,0.215,0.192,0.049,0.280,0.584,5.759
outcome,flat,100,18,0.778,0.842,0.219,0.208,0.191,0.046,0.270,0.583,5.721
outcome,flat,101,18,0.779,0.847,0.225,0.206,0.191,0.050,0.269,0.588,5.775
outcome,flat,102,18,0.780,0.850,0.224,0.200,0.189,0.047,0.282,0.589,5.794
outcome,flat,103,18,0.790,0.845,0.216,0.194,0.185,0.040,0.269,0.590,5.796
outcome,flat,104,18,0.799,0.851,0.207,0.192,0.180,0.039,0.261,0.595,5.862
outcome,flat,105,18,0.808,0.856,0.202,0.185,0.173,0.041,0.260,0.595,5.859
outcome,flat,106,18,0.800,0.855,0.202,0.189,0.175,0.040,0.261,0.594,5.858
outcome,flat,107,18,0.803,0.859,0.199,0.203,0.182,0.038,0.263,0.596,5.884
outcome,flat,108,18,0.804,0.855,0.195,0.209,0.182,0.039,0.258,0.594,5.842
outcome,flat,109,18,0.804,0.851,0.200,0.214,0.190,0.033,0.253,0.591,5.806
outcome,flat,110,18,0.801,0.844,0.205,0.215,0.197,0.026,0.253,0.591,5.812
outcome,flat,111,18,0.799,0.847,0.201,0.217,0.194,0.030,0.254,0.589,5.788
outcome,flat,112,18,0.795,0.845,0.211,0.225,0.202,0.032,0.261,0.584,5.750
outcome,flat,113,18,0.791,0.845,0.203,0.216,0.194,0.032,0.253,0.586,5.748
outcome,flat,114,18,0.788,0.841,0.189,0.210,0.180,0.039,0.245,0.588,5.768
outcome,flat,115,18,0.783,0.842,0.186,0.216,0.179,0.045,0.251,0.591,5.800
outcome,flat,116,18,0.782,0.839,0.192,0.222,0.180,0.054,0.249,0.592,5.800
outcome,flat,117,18,0.778,0.839,0.190,0.217,0.183,0.042,0.237,0.596,5.833
outcome,flat,118,18,0.789,0.828,0.187,0.215,0.180,0.041,0.251,0.593,5.804
outcome,flat,119,18,0.787,0.828,0.177,0.209,0.171,0.044,0.253,0.595,5.829
outcome,flat,120,18,0.797,0.828,0.177,0.212,0.172,0.045,0.259,0.594,5.830
outcome,gravity_without_vertical,0,1,0.078,0.116,0.000,0.000,0.000,0.000,0.000,0.164,1.154
outcome,gravity_without_vertical,1,1,0.086,0.126,0.023,0.022,0.022,0.000,0.025,0.201,1.507
outcome,gravity_without_vertical,2,1,0.118,0.141,0.050,0.042,0.042,0.008,0.056,0.224,1.746
outcome,gravity_without_vertical,3,1,0.139,0.170,0.069,0.069,0.069,0.001,0.076,0.256,2.045
outcome,gravity_without_vertical,4,1,0.177,0.166,0.065,0.061,0.061,0.003,0.091,0.291,2.392
outcome,gravity_without_vertical,5,1,0.214,0.185,0.080,0.073,0.073,0.006,0.098,0.315,2.637
outcome,gravity_without_vertical,6,1,0.240,0.217,0.118,0.084,0.084,0.035,0.085,0.362,3.070
outcome,gravity_without_vertical,7,1,0.252,0.241,0.111,0.072,0.072,0.039,0.088,0.403,3.482
outcome,gravity_without_vertical,8,1,0.245,0.259,0.120,0.080,0.080,0.040,0.085,0.395,3.385
outcome,gravity_without_vertical,9,1,0.271,0.261,0.122,0.085,0.085,0.037,0.089,0.415,3.567
outcome,gravity_without_vertical,10,1,0.259,0.280,0.136,0.071,0.071,0.065,0.080,0.424,3.631
outcome,gravity_without_vertical,11,1,0.239,0.281,0.152,0.108,0.108,0.044,0.077,0.437,3.761
outcome,gravity_without_vertical,12,1,0.246,0.338,0.135,0.109,0.109,0.026,0.114,0.463,4.044
outcome,gravity_without_vertical,13,1,0.264,0.394,0.125,0.096,0.096,0.029,0.123,0.494,4.355
outcome,gravity_without_vertical,14,1,0.281,0.423,0.185,0.136,0.136,0.049,0.130,0.502,4.521
outcome,gravity_without_vertical,15,1,0.322,0.457,0.199,0.166,0.166,0.033,0.126,0.504,4.493
outcome,gravity_without_vertical,16,1,0.303,0.485,0.198,0.188,0.188,0.010,0.150,0.505,4.537
outcome,gravity_without_vertical,17,1,0.326,0.448,0.208,0.221,0.208,0.014,0.159,0.504,4.535
outcome,gravity_without_vertical,18,1,0.334,0.529,0.201,0.213,0.201,0.012,0.172,0.512,4.671
outcome,gravity_without_vertical,19,1,0.379,0.550,0.197,0.210,0.197,0.014,0.173,0.502,4.583
outcome,gravity_without_vertical,20,1,0.340,0.526,0.206,0.233,0.206,0.027,0.173,0.501,4.558
outcome,gravity_without_vertical,21,1,0.361,0.565,0.234,0.235,0.234,0.001,0.214,0.511,4.745
outcome,gravity_without_vertical,22,1,0.371,0.590,0.251,0.252,0.251,0.001,0.197,0.507,4.689
outcome,gravity_without_vertical,23,1,0.443,0.629,0.225,0.242,0.225,0.017,0.210,0.533,5.028
outcome,gravity_without_vertical,24,1,0.492,0.698,0.187,0.216,0.187,0.028,0.191,0.553,5.251
outcome,gravity_without_vertical,25,1,0.476,0.699,0.179,0.214,0.179,0.034,0.192,0.537,5.035
outcome,gravity_without_vertical,26,1,0.492,0.742,0.168,0.182,0.168,0.014,0.195,0.561,5.289
outcome,gravity_without_vertical,27,1,0.582,0.735,0.205,0.193,0.193,0.013,0.261,0.555,5.346
outcome,gravity_without_vertical,28,1,0.571,0.682,0.215,0.187,0.187,0.028,0.259,0.542,5.174
outcome,gravity_without_vertical,29,1,0.614,0.684,0.219,0.216,0.216,0.003,0.276,0.549,5.288
outcome,gravity_without_vertical,30,1,0.589,0.684,0.204,0.227,0.204,0.023,0.262,0.535,5.065
outcome,gravity_without_vertical,31,1,0.674,0.686,0.204,0.219,0.204,0.014,0.249,0.558,5.347
outcome,gravity_without_vertical,32,1,0.675,0.717,0.184,0.201,0.184,0.017,0.281,0.575,5.576
outcome,gravity_without_vertical,33,1,0.685,0.740,0.187,0.211,0.187,0.025,0.304,0.585,5.693
outcome,gravity_without_vertical,34,1,0.728,0.801,0.173,0.239,0.173,0.066,0.306,0.601,5.935
outcome,gravity_without_vertical,35,1,0.745,0.803,0.124,0.184,0.124,0.061,0.296,0.613,6.093
outcome,gravity_without_vertical,36,1,0.799,0.828,0.134,0.213,0.134,0.079,0.249,0.618,6.058
outcome,gravity_without_vertical,37,1,0.796,0.839,0.132,0.193,0.132,0.061,0.231,0.631,6.218
outcome,gravity_without_vertical,38,1,0.801,0.848,0.151,0.200,0.151,0.049,0.268,0.613,6.060
outcome,gravity_without_vertical,39,1,0.759,0.797,0.160,0.173,0.160,0.013,0.283,0.593,5.832
outcome,gravity_without_vertical,40,1,0.754,0.805,0.133,0.190,0.133,0.057,0.252,0.596,5.873
outcome,gravity_without_vertical,41,1,0.779,0.816,0.133,0.195,0.133,0.062,0.235,0.596,5.852
outcome,gravity_without_vertical,42,1,0.766,0.831,0.151,0.206,0.151,0.055,0.253,0.587,5.773
outcome,gravity_without_vertical,43,1,0.778,0.834,0.162,0.225,0.162,0.063,0.249,0.583,5.700
outcome,gravity_without_vertical,44,1,0.803,0.877,0.133,0.237,0.133,0.104,0.263,0.593,5.867
outcome,gravity_without_vertical,45,1,0.834,0.864,0.125,0.230,0.125,0.105,0.288,0.600,5.957
outcome,gravity_without_vertical,46,1,0.807,0.864,0.122,0.203,0.122,0.081,0.307,0.614,6.164
outcome,gravity_without_vertical,47,1,0.840,0.842,0.105,0.194,0.105,0.089,0.257,0.618,6.131
outcome,gravity_without_vertical,48,1,0.820,0.832,0.116,0.177,0.116,0.061,0.251,0.612,6.085
outcome,gravity_without_vertical,49,1,0.822,0.816,0.129,0.184,0.129,0.056,0.267,0.577,5.710
outcome,gravity_without_vertical,50,1,0.829,0.836,0.159,0.238,0.159,0.079,0.323,0.587,5.930
outcome,gravity_without_vertical,51,1,0.840,0.822,0.189,0.259,0.189,0.070,0.338,0.592,6.015
outcome,gravity_without_vertical,52,1,0.831,0.815,0.200,0.266,0.200,0.066,0.361,0.575,5.763
outcome,gravity_without_vertical,53,1,0.822,0.782,0.210,0.248,0.210,0.038,0.315,0.576,5.735
outcome,gravity_without_vertical,54,1,0.799,0.780,0.218,0.249,0.218,0.031,0.296,0.581,5.736
outcome,gravity_without_vertical,55,1,0.791,0.810,0.235,0.245,0.235,0.010,0.307,0.568,5.613
outcome,gravity_without_vertical,56,1,0.794,0.799,0.223,0.241,0.223,0.018,0.318,0.560,5.549
outcome,gravity_without_vertical,57,1,0.736,0.824,0.269,0.261,0.261,0.008,0.349,0.553,5.550
outcome,gravity_without_vertical,58,1,0.770,0.820,0.253,0.261,0.253,0.007,0.295,0.553,5.514
outcome,gravity_without_vertical,59,1,0.784,0.793,0.243,0.259,0.243,0.016,0.281,0.551,5.455
outcome,gravity_without_vertical,60,1,0.778,0.769,0.217,0.270,0.217,0.053,0.256,0.537,5.270
outcome,gravity_without_vertical,61,1,0.780,0.765,0.215,0.289,0.215,0.074,0.257,0.561,5.477
outcome,gravity_without_vertical,62,1,0.757,0.721,0.183,0.258,0.183,0.075,0.250,0.555,5.355
outcome,gravity_without_vertical,63,1,0.796,0.725,0.176,0.270,0.176,0.094,0.233,0.579,5.613
outcome,gravity_without_vertical,64,1,0.798,0.747,0.194,0.256,0.194,0.063,0.220,0.576,5.579
outcome,gravity_without_vertical,65,1,0.772,0.734,0.209,0.247,0.209,0.037,0.199,0.563,5.394
outcome,gravity_without_vertical,66,1,0.816,0.766,0.230,0.286,0.230,0.056,0.227,0.594,5.778
outcome,gravity_without_vertical,67,1,0.790,0.787,0.226,0.285,0.226,0.060,0.252,0.577,5.614
outcome,gravity_without_vertical,68,1,0.745,0.779,0.258,0.286,0.258,0.028,0.258,0.579,5.655
outcome,gravity_without_vertical,69,1,0.747,0.808,0.199,0.246,0.199,0.047,0.238,0.599,5.902
outcome,gravity_without_vertical,70,1,0.760,0.784,0.215,0.267,0.215,0.052,0.271,0.590,5.848
outcome,gravity_without_vertical,71,1,0.778,0.762,0.206,0.281,0.206,0.075,0.269,0.593,5.909
outcome,gravity_without_vertical,72,1,0.774,0.743,0.216,0.305,0.216,0.089,0.328,0.585,5.858
outcome,gravity_without_vertical,73,1,0.760,0.788,0.220,0.333,0.220,0.113,0.279,0.582,5.730
outcome,gravity_without_vertical,74,1,0.756,0.806,0.205,0.353,0.205,0.149,0.258,0.587,5.759
outcome,gravity_without_vertical,75,1,0.745,0.821,0.237,0.392,0.237,0.154,0.275,0.592,5.847
outcome,gravity_without_vertical,76,1,0.807,0.814,0.236,0.365,0.236,0.129,0.256,0.591,5.836
outcome,gravity_without_vertical,77,1,0.812,0.822,0.237,0.417,0.237,0.180,0.257,0.601,5.925
outcome,gravity_without_vertical,78,1,0.832,0.838,0.250,0.404,0.250,0.153,0.260,0.592,5.862
outcome,gravity_without_vertical,79,1,0.839,0.843,0.265,0.364,0.265,0.100,0.276,0.611,6.132
outcome,gravity_without_vertical,80,1,0.796,0.809,0.305,0.353,0.305,0.048,0.295,0.592,5.871
outcome,gravity_without_vertical,81,1,0.809,0.790,0.351,0.378,0.351,0.027,0.343,0.597,6.029
outcome,gravity_without_vertical,82,1,0.801,0.775,0.389,0.402,0.389,0.013,0.401,0.599,6.142
outcome,gravity_without_vertical,83,1,0.802,0.724,0.399,0.388,0.388,0.011,0.407,0.585,5.930
outcome,gravity_without_vertical,84,1,0.792,0.697,0.405,0.349,0.349,0.056,0.428,0.577,5.894
outcome,gravity_without_vertical,85,1,0.803,0.726,0.408,0.340,0.340,0.068,0.428,0.579,5.953
outcome,gravity_without_vertical,86,1,0.765,0.692,0.409,0.345,0.345,0.064,0.429,0.562,5.746
outcome,gravity_without_vertical,87,1,0.743,0.723,0.340,0.274,0.274,0.066,0.372,0.552,5.538
outcome,gravity_without_vertical,88,1,0.764,0.744,0.338,0.247,0.247,0.090,0.337,0.561,5.621
outcome,gravity_without_vertical,89,1,0.758,0.775,0.314,0.213,0.213,0.101,0.284,0.568,5.626
outcome,gravity_without_vertical,90,1,0.770,0.801,0.333,0.219,0.219,0.114,0.290,0.574,5.721
outcome,gravity_without_vertical,91,1,0.797,0.840,0.322,0.210,0.210,0.112,0.297,0.573,5.739
outcome,gravity_without_vertical,92,1,0.794,0.839,0.353,0.257,0.257,0.096,0.317,0.568,5.716
outcome,gravity_without_vertical,93,1,0.782,0.872,0.339,0.233,0.233,0.106,0.313,0.555,5.554
outcome,gravity_without_vertical,94,1,0.792,0.854,0.347,0.247,0.247,0.100,0.322,0.544,5.456
outcome,gravity_without_vertical,95,1,0.827,0.838,0.406,0.318,0.318,0.088,0.375,0.558,5.771
outcome,gravity_without_vertical,96,1,0.835,0.833,0.471,0.417,0.417,0.053,0.401,0.550,5.724
outcome,gravity_without_vertical,97,1,0.877,0.854,0.480,0.444,0.444,0.036,0.393,0.563,5.876
outcome,gravity_without_vertical,98,1,0.881,0.852,0.529,0.422,0.422,0.107,0.415,0.566,5.921
outcome,gravity_without_vertical,99,1,0.895,0.857,0.547,0.407,0.407,0.140,0.406,0.580,6.072
outcome,gravity_without_vertical,100,1,0.878,0.846,0.552,0.401,0.401,0.151,0.432,0.572,6.016
outcome,gravity_without_vertical,101,1,0.867,0.821,0.549,0.386,0.386,0.162,0.436,0.583,6.177
outcome,gravity_without_vertical,102,1,0.888,0.789,0.582,0.435,0.435,0.147,0.512,0.607,6.600
outcome,gravity_without_vertical,103,1,0.883,0.781,0.599,0.474,0.474,0.125,0.530,0.593,6.438
outcome,gravity_without_vertical,104,1,0.876,0.779,0.663,0.559,0.559,0.104,0.621,0.585,6.514
outcome,gravity_without_vertical,105,1,0.849,0.807,0.650,0.546,0.546,0.104,0.557,0.592,6.521
outcome,gravity_without_vertical,106,1,0.832,0.776,0.702,0.603,0.603,0.099,0.612,0.585,6.458
outcome,gravity_without_vertical,107,1,0.836,0.781,0.655,0.526,0.526,0.128,0.565,0.577,6.312
outcome,gravity_without_vertical,108,1,0.850,0.744,0.658,0.549,0.549,0.109,0.619,0.572,6.276
outcome,gravity_without_vertical,109,1,0.838,0.722,0.700,0.582,0.582,0.117,0.660,0.582,6.451
outcome,gravity_without_vertical,110,1,0.807,0.718,0.699,0.599,0.599,0.099,0.624,0.583,6.423
outcome,gravity_without_vertical,111,1,0.771,0.782,0.749,0.664,0.664,0.085,0.679,0.576,6.420
outcome,gravity_without_vertical,112,1,0.739,0.753,0.737,0.694,0.694,0.043,0.699,0.581,6.472
outcome,gravity_without_vertical,113,1,0.744,0.756,0.733,0.678,0.678,0.055,0.685,0.584,6.486
outcome,gravity_without_vertical,114,1,0.766,0.783,0.679,0.600,0.600,0.079,0.611,0.589,6.427
outcome,gravity_without_vertical,115,1,0.745,0.831,0.735,0.715,0.715,0.020,0.727,0.579,6.533
outcome,gravity_without_vertical,116,1,0.741,0.866,0.787,0.818,0.787,0.032,0.805,0.582,6.684
outcome,gravity_without_vertical,117,1,0.743,0.874,0.773,0.771,0.771,0.002,0.768,0.574,6.506
outcome,gravity_without_vertical,118,1,0.766,0.875,0.709,0.692,0.692,0.017,0.705,0.582,6.533
outcome,gravity_without_vertical,119,1,0.782,0.866,0.703,0.708,0.703,0.006,0.715,0.573,6.399
outcome,gravity_without_vertical,120,1,0.796,0.869,0.732,0.718,0.718,0.014,0.721,0.571,6.488
outcome,partial_transposition,0,1,0.082,0.119,0.000,0.000,0.000,0.000,0.000,0.160,1.122
outcome,partial_transposition,1,1,0.094,0.118,0.031,0.035,0.031,0.003,0.021,0.200,1.479
outcome,partial_transposition,2,1,0.088,0.115,0.056,0.058,0.056,0.002,0.040,0.252,1.992
outcome,partial_transposition,3,1,0.090,0.140,0.065,0.056,0.056,0.009,0.045,0.287,2.312
outcome,partial_transposition,4,1,0.105,0.156,0.095,0.089,0.089,0.007,0.075,0.320,2.637
outcome,partial_transposition,5,1,0.099,0.158,0.101,0.113,0.101,0.012,0.104,0.322,2.671
outcome,partial_transposition,6,1,0.103,0.193,0.094,0.097,0.094,0.003,0.119,0.358,3.055
outcome,partial_transposition,7,1,0.087,0.193,0.086,0.094,0.086,0.008,0.112,0.390,3.326
outcome,partial_transposition,8,1,0.101,0.201,0.088,0.092,0.088,0.005,0.134,0.416,3.586
outcome,partial_transposition,9,1,0.117,0.231,0.104,0.113,0.104,0.008,0.178,0.418,3.640
outcome,partial_transposition,10,1,0.108,0.230,0.083,0.086,0.083,0.003,0.204,0.419,3.681
outcome,partial_transposition,11,1,0.120,0.278,0.077,0.068,0.068,0.009,0.204,0.431,3.832
outcome,partial_transposition,12,1,0.122,0.312,0.073,0.065,0.065,0.008,0.218,0.446,3.973
outcome,partial_transposition,13,1,0.156,0.329,0.104,0.085,0.085,0.019,0.248,0.464,4.153
outcome,partial_transposition,14,1,0.165,0.278,0.124,0.101,0.101,0.023,0.273,0.478,4.302
outcome,partial_transposition,15,1,0.195,0.304,0.150,0.117,0.117,0.033,0.306,0.476,4.318
outcome,partial_transposition,16,1,0.216,0.373,0.176,0.129,0.129,0.047,0.348,0.484,4.462
outcome,partial_transposition,17,1,0.267,0.379,0.202,0.125,0.125,0.077,0.352,0.488,4.555
outcome,partial_transposition,18,1,0.280,0.412,0.203,0.143,0.143,0.059,0.390,0.492,4.640
outcome,partial_transposition,19,1,0.281,0.438,0.177,0.139,0.139,0.038,0.428,0.495,4.719
outcome,partial_transposition,20,1,0.313,0.471,0.207,0.132,0.132,0.074,0.458,0.486,4.637
outcome,partial_transposition,21,1,0.298,0.502,0.215,0.138,0.138,0.077,0.473,0.496,4.844
outcome,partial_transposition,22,1,0.328,0.509,0.244,0.180,0.180,0.064,0.458,0.489,4.684
outcome,partial_transposition,23,1,0.367,0.546,0.210,0.154,0.154,0.055,0.509,0.502,4.949
outcome,partial_transposition,24,1,0.385,0.581,0.168,0.128,0.128,0.040,0.511,0.515,5.104
outcome,partial_transposition,25,1,0.400,0.601,0.198,0.151,0.151,0.046,0.501,0.507,5.023
outcome,partial_transposition,26,1,0.361,0.572,0.177,0.132,0.132,0.046,0.532,0.500,4.927
outcome,partial_transposition,27,1,0.359,0.588,0.152,0.112,0.112,0.040,0.533,0.497,4.886
outcome,partial_transposition,28,1,0.394,0.596,0.160,0.114,0.114,0.046,0.542,0.502,4.939
outcome,partial_transposition,29,1,0.454,0.590,0.152,0.104,0.104,0.048,0.554,0.504,4.994
outcome,partial_transposition,30,1,0.440,0.641,0.181,0.102,0.102,0.079,0.564,0.515,5.119
outcome,partial_transposition,31,1,0.445,0.683,0.209,0.126,0.126,0.083,0.601,0.512,5.173
outcome,partial_transposition,32,1,0.493,0.671,0.200,0.119,0.119,0.080,0.605,0.510,5.115
outcome,partial_transposition,33,1,0.531,0.704,0.206,0.135,0.135,0.071,0.555,0.524,5.287
outcome,partial_transposition,34,1,0.540,0.712,0.208,0.118,0.118,0.090,0.513,0.534,5.359
outcome,partial_transposition,35,1,0.488,0.716,0.222,0.113,0.113,0.109,0.505,0.533,5.323
outcome,partial_transposition,36,1,0.478,0.755,0.225,0.120,0.120,0.105,0.487,0.534,5.299
outcome,partial_transposition,37,1,0.500,0.766,0.223,0.105,0.105,0.118,0.436,0.544,5.310
outcome,partial_transposition,38,1,0.459,0.750,0.225,0.125,0.125,0.101,0.446,0.542,5.306
outcome,partial_transposition,39,1,0.459,0.738,0.247,0.144,0.144,0.103,0.408,0.552,5.373
outcome,partial_transposition,40,1,0.500,0.755,0.290,0.150,0.150,0.141,0.355,0.560,5.408
outcome,partial_transposition,41,1,0.532,0.785,0.280,0.145,0.145,0.135,0.310,0.582,5.650
outcome,partial_transposition,42,1,0.559,0.803,0.303,0.142,0.142,0.161,0.325,0.569,5.497
outcome,partial_transposition,43,1,0.546,0.773,0.274,0.156,0.156,0.118,0.342,0.561,5.459
outcome,partial_transposition,44,1,0.480,0.759,0.273,0.148,0.148,0.125,0.353,0.546,5.272
outcome,partial_transposition,45,1,0.525,0.733,0.311,0.173,0.173,0.138,0.350,0.554,5.389
outcome,partial_transposition,46,1,0.531,0.742,0.369,0.222,0.222,0.147,0.353,0.542,5.246
outcome,partial_transposition,47,1,0.550,0.764,0.327,0.208,0.208,0.119,0.362,0.543,5.298
outcome,partial_transposition,48,1,0.550,0.788,0.313,0.220,0.220,0.093,0.391,0.547,5.357
outcome,partial_transposition,49,1,0.615,0.799,0.321,0.217,0.217,0.104,0.390,0.552,5.414
outcome,partial_transposition,50,1,0.663,0.776,0.293,0.183,0.183,0.110,0.386,0.557,5.463
outcome,partial_transposition,51,1,0.690,0.822,0.243,0.155,0.155,0.088,0.398,0.576,5.771
outcome,partial_transposition,52,1,0.698,0.800,0.276,0.149,0.149,0.126,0.387,0.562,5.555
outcome,partial_transposition,53,1,0.638,0.782,0.225,0.120,0.120,0.105,0.403,0.569,5.659
outcome,partial_transposition,54,1,0.642,0.769,0.236,0.142,0.142,0.093,0.411,0.562,5.604
outcome,partial_transposition,55,1,0.705,0.845,0.269,0.142,0.142,0.126,0.439,0.580,5.932
outcome,partial_transposition,56,1,0.674,0.842,0.297,0.144,0.144,0.153,0.449,0.563,5.681
outcome,partial_transposition,57,1,0.671,0.829,0.277,0.139,0.139,0.137,0.427,0.576,5.793
outcome,partial_transposition,58,1,0.699,0.841,0.251,0.105,0.105,0.145,0.441,0.571,5.763
outcome,partial_transposition,59,1,0.685,0.828,0.233,0.085,0.085,0.148,0.453,0.559,5.535
outcome,partial_transposition,60,1,0.717,0.831,0.241,0.080,0.080,0.161,0.447,0.572,5.757
outcome,partial_transposition,61,1,0.641,0.787,0.237,0.092,0.092,0.145,0.452,0.548,5.395
outcome,partial_transposition,62,1,0.654,0.786,0.197,0.097,0.097,0.099,0.458,0.552,5.491
outcome,partial_transposition,63,1,0.661,0.799,0.185,0.106,0.106,0.078,0.454,0.558,5.615
outcome,partial_transposition,64,1,0.701,0.856,0.208,0.126,0.126,0.083,0.452,0.567,5.754
outcome,partial_transposition,65,1,0.748,0.830,0.167,0.106,0.106,0.061,0.454,0.570,5.737
outcome,partial_transposition,66,1,0.789,0.859,0.162,0.114,0.114,0.048,0.465,0.575,5.815
outcome,partial_transposition,67,1,0.800,0.881,0.162,0.111,0.111,0.051,0.515,0.574,5.892
outcome,partial_transposition,68,1,0.804,0.864,0.185,0.127,0.127,0.058,0.536,0.560,5.691
outcome,partial_transposition,69,1,0.802,0.860,0.177,0.131,0.131,0.045,0.513,0.551,5.548
outcome,partial_transposition,70,1,0.777,0.879,0.208,0.174,0.174,0.034,0.532,0.554,5.651
outcome,partial_transposition,71,1,0.782,0.865,0.246,0.210,0.210,0.036,0.519,0.548,5.517
outcome,partial_transposition,72,1,0.807,0.865,0.238,0.193,0.193,0.045,0.513,0.562,5.678
outcome,partial_transposition,73,1,0.821,0.889,0.231,0.173,0.173,0.058,0.520,0.559,5.663
outcome,partial_transposition,74,1,0.807,0.877,0.209,0.166,0.166,0.042,0.504,0.560,5.711
outcome,partial_transposition,75,1,0.789,0.866,0.183,0.170,0.170,0.013,0.496,0.557,5.629
outcome,partial_transposition,76,1,0.821,0.865,0.193,0.171,0.171,0.022,0.525,0.569,5.898
outcome,partial_transposition,77,1,0.837,0.846,0.160,0.165,0.160,0.005,0.514,0.566,5.826
outcome,partial_transposition,78,1,0.813,0.864,0.198,0.207,0.198,0.009,0.519,0.563,5.807
outcome,partial_transposition,79,1,0.801,0.855,0.194,0.173,0.173,0.022,0.511,0.557,5.710
outcome,partial_transposition,80,1,0.800,0.850,0.223,0.178,0.178,0.045,0.497,0.565,5.824
outcome,partial_transposition,81,1,0.779,0.860,0.237,0.199,0.199,0.038,0.502,0.555,5.690
outcome,partial_transposition,82,1,0.791,0.810,0.221,0.199,0.199,0.021,0.470,0.546,5.552
outcome,partial_transposition,83,1,0.781,0.825,0.250,0.212,0.212,0.038,0.484,0.560,5.694
outcome,partial_transposition,84,1,0.798,0.827,0.253,0.201,0.201,0.053,0.499,0.546,5.555
outcome,partial_transposition,85,1,0.762,0.801,0.229,0.206,0.206,0.023,0.497,0.538,5.458
outcome,partial_transposition,86,1,0.754,0.813,0.272,0.255,0.255,0.017,0.496,0.540,5.414
outcome,partial_transposition,87,1,0.759,0.782,0.257,0.224,0.224,0.033,0.468,0.554,5.552
outcome,partial_transposition,88,1,0.764,0.796,0.276,0.217,0.217,0.059,0.415,0.557,5.484
outcome,partial_transposition,89,1,0.752,0.801,0.263,0.224,0.224,0.039,0.358,0.581,5.725
outcome,partial_transposition,90,1,0.747,0.779,0.289,0.231,0.231,0.059,0.364,0.577,5.657
outcome,partial_transposition,91,1,0.762,0.783,0.318,0.245,0.245,0.073,0.372,0.579,5.701
outcome,partial_transposition,92,1,0.779,0.804,0.357,0.245,0.245,0.112,0.349,0.593,5.854
outcome,partial_transposition,93,1,0.780,0.839,0.379,0.265,0.265,0.114,0.345,0.598,5.991
outcome,partial_transposition,94,1,0.804,0.858,0.437,0.265,0.265,0.172,0.305,0.588,5.747
outcome,partial_transposition,95,1,0.786,0.854,0.390,0.267,0.267,0.123,0.301,0.590,5.778
outcome,partial_transposition,96,1,0.777,0.865,0.376,0.247,0.247,0.129,0.289,0.596,5.835
outcome,partial_transposition,97,1,0.726,0.848,0.342,0.246,0.246,0.096,0.334,0.577,5.644
outcome,partial_transposition,98,1,0.742,0.845,0.367,0.260,0.260,0.107,0.342,0.570,5.600
outcome,partial_transposition,99,1,0.754,0.871,0.334,0.257,0.257,0.077,0.338,0.571,5.672
outcome,partial_transposition,100,1,0.780,0.842,0.325,0.250,0.250,0.075,0.331,0.574,5.618
outcome,partial_transposition,101,1,0.750,0.838,0.324,0.265,0.265,0.059,0.342,0.579,5.730
outcome,partial_transposition,102,1,0.765,0.827,0.316,0.254,0.254,0.062,0.350,0.581,5.773
outcome,partial_transposition,103,1,0.781,0.855,0.322,0.259,0.259,0.064,0.302,0.568,5.551
outcome,partial_transposition,104,1,0.797,0.859,0.314,0.259,0.259,0.055,0.314,0.582,5.719
outcome,partial_transposition,105,1,0.837,0.849,0.276,0.248,0.248,0.028,0.319,0.576,5.621
outcome,partial_transposition,106,1,0.829,0.828,0.319,0.267,0.267,0.052,0.254,0.579,5.573
outcome,partial_transposition,107,1,0.823,0.819,0.335,0.320,0.320,0.014,0.288,0.583,5.651
outcome,partial_transposition,108,1,0.792,0.820,0.341,0.335,0.335,0.006,0.275,0.564,5.347
outcome,partial_transposition,109,1,0.752,0.827,0.333,0.389,0.333,0.056,0.278,0.572,5.508
outcome,partial_transposition,110,1,0.740,0.827,0.331,0.371,0.331,0.041,0.278,0.560,5.414
outcome,partial_transposition,111,1,0.776,0.822,0.305,0.355,0.305,0.050,0.241,0.577,5.585
outcome,partial_transposition,112,1,0.754,0.848,0.272,0.337,0.272,0.064,0.279,0.570,5.533
outcome,partial_transposition,113,1,0.830,0.834,0.245,0.284,0.245,0.039,0.222,0.584,5.639
outcome,partial_transposition,114,1,0.827,0.838,0.248,0.313,0.248,0.066,0.252,0.583,5.633
outcome,partial_transposition,115,1,0.848,0.809,0.218,0.249,0.218,0.031,0.248,0.582,5.664
outcome,partial_transposition,116,1,0.819,0.814,0.213,0.262,0.213,0.048,0.271,0.565,5.547
outcome,partial_transposition,117,1,0.753,0.802,0.241,0.314,0.241,0.073,0.255,0.559,5.400
outcome,partial_transposition,118,1,0.757,0.777,0.284,0.284,0.284,0.000,0.228,0.538,5.139
outcome,partial_transposition,119,1,0.725,0.794,0.301,0.331,0.301,0.029,0.203,0.579,5.527
outcome,partial_transposition,120,1,0.710,0.809,0.319,0.350,0.319,0.031,0.186,0.582,5.505
outcome,success,0,5,0.072,0.120,0.000,0.000,0.000,0.000,0.000,0.166,1.168
outcome,success,1,5,0.073,0.116,0.026,0.028,0.026,0.002,0.029,0.203,1.511
outcome,success,2,5,0.093,0.123,0.045,0.048,0.043,0.008,0.052,0.247,1.937
outcome,success,3,5,0.099,0.127,0.063,0.061,0.060,0.004,0.068,0.282,2.292
outcome,success,4,5,0.107,0.127,0.081,0.074,0.070,0.015,0.086,0.305,2.523
outcome,success,5,5,0.128,0.135,0.089,0.090,0.083,0.011,0.114,0.330,2.770
outcome,success,6,5,0.139,0.134,0.103,0.106,0.101,0.007,0.136,0.353,3.007
outcome,success,7,5,0.139,0.123,0.108,0.105,0.105,0.003,0.152,0.375,3.223
outcome,success,8,5,0.148,0.130,0.118,0.126,0.116,0.012,0.168,0.381,3.300
outcome,success,9,5,0.145,0.156,0.125,0.141,0.125,0.016,0.182,0.396,3.445
outcome,success,10,5,0.156,0.164,0.117,0.133,0.114,0.021,0.178,0.410,3.577
outcome,success,11,5,0.158,0.179,0.120,0.131,0.109,0.033,0.192,0.422,3.695
outcome,success,12,5,0.177,0.173,0.131,0.144,0.126,0.024,0.216,0.431,3.803
outcome,success,13,5,0.200,0.186,0.129,0.161,0.125,0.039,0.233,0.439,3.899
outcome,success,14,5,0.199,0.203,0.124,0.154,0.120,0.037,0.236,0.443,3.922
outcome,success,15,5,0.216,0.227,0.132,0.165,0.132,0.034,0.244,0.449,4.003
outcome,success,16,5,0.208,0.213,0.149,0.169,0.141,0.035,0.253,0.448,3.983
outcome,success,17,5,0.202,0.224,0.147,0.161,0.140,0.028,0.261,0.456,4.083
outcome,success,18,5,0.202,0.223,0.160,0.171,0.153,0.026,0.285,0.458,4.119
outcome,success,19,5,0.205,0.234,0.173,0.182,0.156,0.042,0.296,0.463,4.181
outcome,success,20,5,0.224,0.237,0.181,0.192,0.170,0.034,0.313,0.464,4.220
outcome,success,21,5,0.232,0.241,0.190,0.193,0.179,0.025,0.332,0.470,4.262
outcome,success,22,5,0.230,0.255,0.188,0.190,0.178,0.023,0.355,0.472,4.328
outcome,success,23,5,0.234,0.281,0.203,0.211,0.194,0.026,0.361,0.480,4.420
outcome,success,24,5,0.227,0.302,0.200,0.214,0.190,0.035,0.371,0.481,4.429
outcome,success,25,5,0.238,0.319,0.211,0.212,0.196,0.031,0.380,0.479,4.425
outcome,success,26,5,0.246,0.290,0.229,0.235,0.214,0.035,0.413,0.478,4.464
outcome,success,27,5,0.293,0.312,0.215,0.238,0.208,0.036,0.424,0.479,4.504
outcome,success,28,5,0.302,0.306,0.212,0.236,0.204,0.040,0.405,0.485,4.539
outcome,success,29,5,0.341,0.313,0.215,0.225,0.204,0.033,0.413,0.489,4.616
outcome,success,30,5,0.390,0.345,0.230,0.236,0.218,0.030,0.415,0.489,4.618
outcome,success,31,5,0.421,0.333,0.248,0.248,0.225,0.045,0.434,0.488,4.624
outcome,success,32,5,0.439,0.319,0.265,0.263,0.238,0.053,0.454,0.488,4.671
outcome,success,33,5,0.479,0.334,0.256,0.263,0.240,0.039,0.475,0.488,4.698
outcome,success,34,5,0.493,0.345,0.260,0.263,0.251,0.022,0.477,0.489,4.716
outcome,success,35,5,0.521,0.310,0.261,0.270,0.259,0.013,0.520,0.483,4.691
outcome,success,36,5,0.537,0.328,0.252,0.270,0.247,0.028,0.559,0.485,4.766
outcome,success,37,5,0.560,0.319,0.262,0.271,0.248,0.036,0.586,0.484,4.789
outcome,success,38,5,0.559,0.361,0.260,0.262,0.242,0.037,0.565,0.495,4.890
outcome,success,39,5,0.557,0.351,0.274,0.270,0.249,0.047,0.551,0.502,4.950
outcome,success,40,5,0.562,0.339,0.274,0.275,0.250,0.050,0.553,0.504,4.951
outcome,success,41,5,0.573,0.348,0.269,0.275,0.243,0.057,0.562,0.507,4.994
outcome,success,42,5,0.572,0.349,0.277,0.281,0.250,0.057,0.578,0.507,5.022
outcome,success,43,5,0.554,0.353,0.254,0.262,0.233,0.051,0.585,0.503,4.986
outcome,success,44,5,0.551,0.351,0.255,0.286,0.246,0.050,0.601,0.497,4.939
outcome,success,45,5,0.542,0.364,0.255,0.284,0.248,0.044,0.597,0.495,4.910
outcome,success,46,5,0.532,0.365,0.245,0.269,0.236,0.042,0.594,0.497,4.937
outcome,success,47,5,0.537,0.361,0.234,0.268,0.229,0.043,0.594,0.498,4.924
outcome,success,48,5,0.547,0.373,0.240,0.263,0.227,0.048,0.604,0.506,5.059
outcome,success,49,5,0.535,0.371,0.239,0.264,0.225,0.052,0.606,0.507,5.066
outcome,success,50,5,0.531,0.380,0.230,0.248,0.205,0.069,0.595,0.507,5.035
outcome,success,51,5,0.560,0.418,0.250,0.257,0.220,0.066,0.571,0.507,5.029
outcome,success,52,5,0.581,0.442,0.251,0.248,0.216,0.067,0.550,0.512,5.074
outcome,success,53,5,0.580,0.443,0.265,0.267,0.237,0.059,0.562,0.509,5.062
outcome,success,54,5,0.635,0.456,0.279,0.281,0.256,0.048,0.584,0.510,5.112
outcome,success,55,5,0.641,0.434,0.296,0.296,0.273,0.045,0.606,0.507,5.096
outcome,success,56,5,0.622,0.432,0.293,0.298,0.271,0.048,0.625,0.510,5.163
outcome,success,57,5,0.616,0.415,0.319,0.334,0.305,0.042,0.661,0.505,5.133
outcome,success,58,5,0.640,0.440,0.330,0.336,0.313,0.041,0.646,0.507,5.167
outcome,success,59,5,0.616,0.462,0.316,0.319,0.289,0.056,0.626,0.511,5.178
outcome,success,60,5,0.610,0.492,0.337,0.325,0.316,0.030,0.639,0.514,5.274
outcome,success,61,5,0.602,0.481,0.326,0.299,0.297,0.031,0.653,0.510,5.216
outcome,success,62,5,0.620,0.504,0.358,0.324,0.323,0.036,0.634,0.517,5.270
outcome,success,63,5,0.611,0.508,0.357,0.319,0.318,0.039,0.639,0.517,5.279
outcome,success,64,5,0.611,0.522,0.341,0.303,0.303,0.039,0.625,0.518,5.308
outcome,success,65,5,0.606,0.517,0.357,0.323,0.321,0.037,0.621,0.512,5.210
outcome,success,66,5,0.623,0.528,0.372,0.347,0.343,0.033,0.635,0.520,5.335
outcome,success,67,5,0.628,0.538,0.374,0.341,0.336,0.043,0.635,0.525,5.401
outcome,success,68,5,0.607,0.532,0.389,0.363,0.349,0.054,0.638,0.528,5.427
outcome,success,69,5,0.612,0.543,0.374,0.347,0.340,0.040,0.654,0.521,5.381
outcome,success,70,5,0.630,0.554,0.417,0.383,0.374,0.053,0.669,0.520,5.431
outcome,success,71,5,0.645,0.577,0.444,0.405,0.401,0.047,0.684,0.521,5.482
outcome,success,72,5,0.659,0.568,0.470,0.433,0.426,0.051,0.689,0.518,5.435
outcome,success,73,5,0.706,0.613,0.493,0.455,0.449,0.050,0.699,0.528,5.647
outcome,success,74,5,0.714,0.649,0.528,0.497,0.491,0.043,0.728,0.536,5.833
outcome,success,75,5,0.726,0.682,0.532,0.505,0.500,0.037,0.720,0.538,5.828
outcome,success,76,5,0.741,0.698,0.599,0.577,0.567,0.042,0.751,0.550,6.066
outcome,success,77,5,0.752,0.709,0.591,0.582,0.565,0.043,0.745,0.550,6.020
outcome,success,78,5,0.756,0.701,0.571,0.565,0.546,0.043,0.731,0.555,6.033
outcome,success,79,5,0.773,0.725,0.607,0.610,0.587,0.044,0.755,0.562,6.216
outcome,success,80,5,0.766,0.734,0.673,0.652,0.641,0.043,0.760,0.564,6.236
outcome,success,81,5,0.776,0.729,0.697,0.676,0.665,0.043,0.768,0.570,6.365
outcome,success,82,5,0.768,0.744,0.739,0.742,0.723,0.035,0.797,0.579,6.555
outcome,success,83,5,0.768,0.719,0.763,0.780,0.756,0.032,0.823,0.580,6.607
outcome,success,84,5,0.752,0.728,0.777,0.788,0.770,0.024,0.835,0.585,6.701
outcome,success,85,5,0.764,0.752,0.804,0.810,0.800,0.015,0.864,0.589,6.831
outcome,success,86,5,0.759,0.756,0.820,0.819,0.809,0.021,0.859,0.589,6.837
outcome,success,87,5,0.762,0.782,0.827,0.834,0.823,0.014,0.843,0.589,6.829
outcome,success,88,5,0.762,0.787,0.822,0.833,0.819,0.017,0.853,0.594,6.927
outcome,success,89,5,0.763,0.802,0.817,0.827,0.810,0.023,0.859,0.590,6.907
outcome,success,90,5,0.756,0.816,0.830,0.843,0.824,0.024,0.856,0.591,6.937
outcome,success,91,5,0.763,0.828,0.826,0.835,0.820,0.021,0.859,0.593,6.967
outcome,success,92,5,0.741,0.842,0.819,0.832,0.814,0.024,0.855,0.587,6.874
outcome,success,93,5,0.737,0.825,0.826,0.831,0.817,0.023,0.868,0.586,6.866
outcome,success,94,5,0.730,0.827,0.832,0.834,0.817,0.030,0.855,0.588,6.891
outcome,success,95,5,0.737,0.830,0.840,0.831,0.821,0.029,0.846,0.581,6.760
outcome,success,96,5,0.742,0.816,0.841,0.833,0.822,0.029,0.850,0.576,6.704
outcome,success,97,5,0.724,0.805,0.848,0.830,0.823,0.032,0.841,0.570,6.607
outcome,success,98,5,0.736,0.798,0.838,0.813,0.806,0.039,0.845,0.572,6.612
outcome,success,99,5,0.733,0.804,0.836,0.822,0.811,0.035,0.861,0.574,6.701
outcome,success,100,5,0.752,0.804,0.838,0.830,0.813,0.041,0.870,0.578,6.751
outcome,success,101,5,0.737,0.818,0.838,0.830,0.811,0.046,0.863,0.573,6.657
outcome,success,102,5,0.740,0.800,0.839,0.826,0.807,0.051,0.865,0.576,6.720
outcome,success,103,5,0.740,0.823,0.846,0.844,0.825,0.041,0.861,0.572,6.669
outcome,success,104,5,0.749,0.826,0.857,0.857,0.842,0.030,0.863,0.575,6.725
outcome,success,105,5,0.751,0.829,0.852,0.838,0.828,0.035,0.860,0.579,6.769
outcome,success,106,5,0.742,0.829,0.866,0.851,0.840,0.036,0.859,0.579,6.753
outcome,success,107,5,0.739,0.823,0.866,0.854,0.847,0.026,0.865,0.579,6.784
outcome,success,108,5,0.751,0.818,0.869,0.861,0.850,0.030,0.862,0.582,6.824
outcome,success,109,5,0.728,0.828,0.873,0.872,0.856,0.034,0.858,0.579,6.766
outcome,success,110,5,0.715,0.836,0.873,0.865,0.845,0.047,0.852,0.582,6.791
outcome,success,111,5,0.711,0.845,0.873,0.869,0.851,0.039,0.869,0.584,6.866
outcome,success,112,5,0.701,0.851,0.864,0.873,0.852,0.033,0.866,0.585,6.885
outcome,success,113,5,0.710,0.840,0.873,0.885,0.866,0.026,0.865,0.584,6.870
outcome,success,114,5,0.713,0.854,0.864,0.886,0.861,0.027,0.870,0.583,6.868
outcome,success,115,5,0.724,0.838,0.864,0.890,0.861,0.033,0.868,0.586,6.893
outcome,success,116,5,0.701,0.852,0.862,0.887,0.858,0.032,0.868,0.589,6.921
outcome,success,117,5,0.708,0.829,0.869,0.881,0.858,0.035,0.869,0.596,7.015
outcome,success,118,5,0.709,0.841,0.855,0.873,0.848,0.032,0.881,0.591,6.967
outcome,success,119,5,0.695,0.829,0.850,0.862,0.839,0.034,0.879,0.585,6.859
outcome,success,120,5,0.702,0.822,0.837,0.861,0.829,0.040,0.884,0.585,6.857
