number,state,value,seed,food_site_count,food_site_width,food_site_capacity,food_value,vertical_comb_benefit,food_site_max_distance,travel_cost_per_distance,mutation_sd,comb_tilt_mutation_sd,transposition_mutation_correlation,stable,collapsed,progress,final_success,final_payoff,final_comb_tilt,final_sender_transposition,final_receiver_transposition,final_min_transposition
0,COMPLETE,2.704,100,7,0.380,14,1.300,0.310,5.000,0.045,0.050,0.100,0.900,true,false,1.000,0.711,11.298,0.832,0.649,0.641,0.641
0,COMPLETE,2.704,101,7,0.380,14,1.300,0.310,5.000,0.045,0.050,0.100,0.900,false,false,0.174,0.686,9.662,0.462,0.087,0.104,0.087
0,COMPLETE,2.704,102,7,0.380,14,1.300,0.310,5.000,0.045,0.050,0.100,0.900,true,false,1.000,0.709,11.296,0.844,0.714,0.645,0.645
0,COMPLETE,2.704,103,7,0.380,14,1.300,0.310,5.000,0.045,0.050,0.100,0.900,false,false,0.973,0.702,10.843,0.778,0.821,0.795,0.795
0,COMPLETE,2.704,104,7,0.380,14,1.300,0.310,5.000,0.045,0.050,0.100,0.900,false,false,0.372,0.601,8.732,0.700,0.186,0.252,0.186
1,COMPLETE,1.375,100,4,0.280,16,0.800,0.290,9.000,0.015,0.110,0.080,0.800,false,false,0.231,0.396,2.835,0.185,0.217,0.242,0.217
1,COMPLETE,1.375,101,4,0.280,16,0.800,0.290,9.000,0.015,0.110,0.080,0.800,false,false,0.268,0.380,2.678,0.214,0.222,0.201,0.201
1,COMPLETE,1.375,102,4,0.280,16,0.800,0.290,9.000,0.015,0.110,0.080,0.800,false,false,0.156,0.394,2.782,0.125,0.258,0.298,0.258
1,COMPLETE,1.375,103,4,0.280,16,0.800,0.290,9.000,0.015,0.110,0.080,0.800,true,false,1.000,0.363,3.058,0.892,0.853,0.859,0.853
1,COMPLETE,1.375,104,4,0.280,16,0.800,0.290,9.000,0.015,0.110,0.080,0.800,false,false,0.219,0.367,2.592,0.175,0.152,0.238,0.152
2,COMPLETE,0.158,100,3,0.230,13,0.900,0.330,6.500,0.030,0.080,0.100,0.600,false,false,0.168,0.333,1.597,0.134,0.234,0.194,0.194
2,COMPLETE,0.158,101,3,0.230,13,0.900,0.330,6.500,0.030,0.080,0.100,0.600,false,false,0.175,0.334,1.689,0.140,0.165,0.170,0.165
2,COMPLETE,0.158,102,3,0.230,13,0.900,0.330,6.500,0.030,0.080,0.100,0.600,false,false,0.140,0.350,1.726,0.112,0.237,0.232,0.232
2,COMPLETE,0.158,103,3,0.230,13,0.900,0.330,6.500,0.030,0.080,0.100,0.600,false,false,0.145,0.334,1.736,0.116,0.219,0.149,0.149
2,COMPLETE,0.158,104,3,0.230,13,0.900,0.330,6.500,0.030,0.080,0.100,0.600,false,false,0.164,0.337,1.605,0.131,0.157,0.181,0.157
3,COMPLETE,0.157,100,3,0.250,15,1.100,0.280,7.000,0.045,0.070,0.090,0.400,false,false,0.141,0.363,1.666,0.113,0.230,0.351,0.230
3,COMPLETE,0.157,101,3,0.250,15,1.100,0.280,7.000,0.045,0.070,0.090,0.400,false,false,0.162,0.367,1.823,0.129,0.237,0.325,0.237
3,COMPLETE,0.157,102,3,0.250,15,1.100,0.280,7.000,0.045,0.070,0.090,0.400,false,false,0.147,0.371,1.841,0.117,0.106,0.245,0.106
3,COMPLETE,0.157,103,3,0.250,15,1.100,0.280,7.000,0.045,0.070,0.090,0.400,false,false,0.179,0.359,1.740,0.143,0.131,0.180,0.131
3,COMPLETE,0.157,104,3,0.250,15,1.100,0.280,7.000,0.045,0.070,0.090,0.400,false,false,0.155,0.397,2.118,0.124,0.104,0.230,0.104
4,COMPLETE,0.195,100,3,0.210,8,0.900,0.270,7.000,0.020,0.050,0.080,0.700,false,false,0.180,0.310,1.854,0.144,0.105,0.130,0.105
4,COMPLETE,0.195,101,3,0.210,8,0.900,0.270,7.000,0.020,0.050,0.080,0.700,false,false,0.242,0.307,1.891,0.194,0.184,0.151,0.151
4,COMPLETE,0.195,102,3,0.210,8,0.900,0.270,7.000,0.020,0.050,0.080,0.700,false,false,0.224,0.298,1.792,0.179,0.130,0.185,0.130
4,COMPLETE,0.195,103,3,0.210,8,0.900,0.270,7.000,0.020,0.050,0.080,0.700,false,false,0.194,0.322,2.052,0.155,0.133,0.125,0.125
4,COMPLETE,0.195,104,3,0.210,8,0.900,0.270,7.000,0.020,0.050,0.080,0.700,false,false,0.135,0.314,1.905,0.108,0.217,0.232,0.217
5,COMPLETE,0.261,100,7,0.310,16,1.000,0.190,7.000,0.010,0.080,0.080,0.500,false,false,0.311,0.601,6.834,0.249,0.296,0.246,0.246
5,COMPLETE,0.261,101,7,0.310,16,1.000,0.190,7.000,0.010,0.080,0.080,0.500,false,false,0.327,0.595,6.791,0.261,0.253,0.166,0.166
5,COMPLETE,0.261,102,7,0.310,16,1.000,0.190,7.000,0.010,0.080,0.080,0.500,false,false,0.314,0.550,6.228,0.251,0.320,0.293,0.293
5,COMPLETE,0.261,103,7,0.310,16,1.000,0.190,7.000,0.010,0.080,0.080,0.500,false,false,0.165,0.621,6.944,0.132,0.254,0.192,0.192
5,COMPLETE,0.261,104,7,0.310,16,1.000,0.190,7.000,0.010,0.080,0.080,0.500,false,false,0.188,0.624,7.009,0.150,0.138,0.207,0.138
6,COMPLETE,0.245,100,4,0.280,9,1.300,0.160,7.000,0.035,0.060,0.090,0.900,false,false,0.172,0.473,5.122,0.137,0.147,0.135,0.135
6,COMPLETE,0.245,101,4,0.280,9,1.300,0.160,7.000,0.035,0.060,0.090,0.900,false,false,0.280,0.459,4.937,0.224,0.158,0.182,0.158
6,COMPLETE,0.245,102,4,0.280,9,1.300,0.160,7.000,0.035,0.060,0.090,0.900,false,false,0.258,0.468,5.018,0.206,0.137,0.168,0.137
6,COMPLETE,0.245,103,4,0.280,9,1.300,0.160,7.000,0.035,0.060,0.090,0.900,false,false,0.163,0.446,4.762,0.131,0.192,0.201,0.192
6,COMPLETE,0.245,104,4,0.280,9,1.300,0.160,7.000,0.035,0.060,0.090,0.900,false,false,0.353,0.451,4.826,0.283,0.185,0.209,0.185
7,COMPLETE,0.221,100,5,0.380,11,1.100,0.300,8.500,0.045,0.040,0.110,0.500,false,false,0.183,0.610,5.465,0.222,0.143,0.091,0.091
7,COMPLETE,0.221,101,5,0.380,11,1.100,0.300,8.500,0.045,0.040,0.110,0.500,false,false,0.179,0.603,5.499,0.261,0.089,0.129,0.089
7,COMPLETE,0.221,102,5,0.380,11,1.100,0.300,8.500,0.045,0.040,0.110,0.500,false,false,0.256,0.618,5.521,0.205,0.188,0.251,0.188
7,COMPLETE,0.221,103,5,0.380,11,1.100,0.300,8.500,0.045,0.040,0.110,0.500,false,false,0.237,0.607,5.511,0.190,0.138,0.261,0.138
7,COMPLETE,0.221,104,5,0.380,11,1.100,0.300,8.500,0.045,0.040,0.110,0.500,false,false,0.251,0.578,5.060,0.201,0.328,0.149,0.149
8,COMPLETE,1.418,100,6,0.290,11,1.000,0.370,8.500,0.020,0.070,0.060,0.700,false,false,0.343,0.497,5.048,0.274,0.241,0.198,0.198
8,COMPLETE,1.418,101,6,0.290,11,1.000,0.370,8.500,0.020,0.070,0.060,0.700,false,false,0.293,0.520,5.318,0.258,0.146,0.164,0.146
8,COMPLETE,1.418,102,6,0.290,11,1.000,0.370,8.500,0.020,0.070,0.060,0.700,false,false,0.347,0.467,4.826,0.359,0.199,0.173,0.173
8,COMPLETE,1.418,103,6,0.290,11,1.000,0.370,8.500,0.020,0.070,0.060,0.700,false,false,0.107,0.553,5.462,0.086,0.214,0.207,0.207
8,COMPLETE,1.418,104,6,0.290,11,1.000,0.370,8.500,0.020,0.070,0.060,0.700,true,false,1.000,0.522,6.499,0.885,0.840,0.879,0.840
9,COMPLETE,0.168,100,3,0.220,8,1.100,0.220,9.000,0.015,0.040,0.070,0.700,false,false,0.175,0.275,2.503,0.140,0.126,0.199,0.126
9,COMPLETE,0.168,101,3,0.220,8,1.100,0.220,9.000,0.015,0.040,0.070,0.700,false,false,0.129,0.267,2.370,0.103,0.421,0.183,0.183
9,COMPLETE,0.168,102,3,0.220,8,1.100,0.220,9.000,0.015,0.040,0.070,0.700,false,false,0.172,0.282,2.575,0.138,0.268,0.314,0.268
9,COMPLETE,0.168,103,3,0.220,8,1.100,0.220,9.000,0.015,0.040,0.070,0.700,false,false,0.200,0.289,2.670,0.160,0.134,0.112,0.112
9,COMPLETE,0.168,104,3,0.220,8,1.100,0.220,9.000,0.015,0.040,0.070,0.700,false,false,0.166,0.270,2.483,0.204,0.306,0.083,0.083
10,COMPLETE,2.528,100,8,0.230,8,1.000,0.250,5.500,0.045,0.110,0.090,0.600,false,false,0.245,0.512,3.871,0.196,0.189,0.201,0.189
10,COMPLETE,2.528,101,8,0.230,8,1.000,0.250,5.500,0.045,0.110,0.090,0.600,true,false,1.000,0.514,4.411,0.914,0.870,0.868,0.868
10,COMPLETE,2.528,102,8,0.230,8,1.000,0.250,5.500,0.045,0.110,0.090,0.600,true,false,1.000,0.527,4.560,0.850,0.825,0.857,0.825
10,COMPLETE,2.528,103,8,0.230,8,1.000,0.250,5.500,0.045,0.110,0.090,0.600,false,false,0.109,0.551,4.225,0.087,0.235,0.215,0.215
10,COMPLETE,2.528,104,8,0.230,8,1.000,0.250,5.500,0.045,0.110,0.090,0.600,false,false,0.288,0.517,3.834,0.230,0.319,0.221,0.221
11,COMPLETE,3.812,100,6,0.400,8,0.800,0.430,6.500,0.015,0.110,0.040,0.600,false,false,0.335,0.587,5.272,0.283,0.358,0.167,0.167
11,COMPLETE,3.812,101,6,0.400,8,0.800,0.430,6.500,0.015,0.110,0.040,0.600,true,false,1.000,0.546,5.868,0.816,0.510,0.527,0.510
11,COMPLETE,3.812,102,6,0.400,8,0.800,0.430,6.500,0.015,0.110,0.040,0.600,true,false,1.000,0.613,6.937,0.886,0.814,0.864,0.814
11,COMPLETE,3.812,103,6,0.400,8,0.800,0.430,6.500,0.015,0.110,0.040,0.600,false,false,0.726,0.573,5.913,0.682,0.436,0.363,0.363
11,COMPLETE,3.812,104,6,0.400,8,0.800,0.430,6.500,0.015,0.110,0.040,0.600,true,false,1.000,0.611,6.897,0.894,0.752,0.781,0.752
12,COMPLETE,0.302,100,8,0.340,11,1.000,0.220,7.000,0.035,0.070,0.050,0.600,false,false,0.210,0.699,6.790,0.168,0.253,0.184,0.184
12,COMPLETE,0.302,101,8,0.340,11,1.000,0.220,7.000,0.035,0.070,0.050,0.600,false,false,0.244,0.683,6.532,0.195,0.202,0.198,0.198
12,COMPLETE,0.302,102,8,0.340,11,1.000,0.220,7.000,0.035,0.070,0.050,0.600,false,false,0.626,0.696,7.046,0.501,0.509,0.512,0.509
12,COMPLETE,0.302,103,8,0.340,11,1.000,0.220,7.000,0.035,0.070,0.050,0.600,false,false,0.191,0.681,6.426,0.153,0.296,0.274,0.274
12,COMPLETE,0.302,104,8,0.340,11,1.000,0.220,7.000,0.035,0.070,0.050,0.600,false,false,0.239,0.681,6.456,0.191,0.165,0.172,0.165
13,COMPLETE,6.000,100,8,0.390,10,1.000,0.410,5.000,0.035,0.080,0.070,0.900,true,false,1.000,0.765,10.355,0.872,0.856,0.858,0.856
13,COMPLETE,6.000,101,8,0.390,10,1.000,0.410,5.000,0.035,0.080,0.070,0.900,true,false,1.000,0.726,9.705,0.869,0.837,0.800,0.800
13,COMPLETE,6.000,102,8,0.390,10,1.000,0.410,5.000,0.035,0.080,0.070,0.900,true,false,1.000,0.746,10.021,0.883,0.829,0.793,0.793
13,COMPLETE,6.000,103,8,0.390,10,1.000,0.410,5.000,0.035,0.080,0.070,0.900,true,false,1.000,0.717,9.532,0.876,0.787,0.805,0.787
13,COMPLETE,6.000,104,8,0.390,10,1.000,0.410,5.000,0.035,0.080,0.070,0.900,true,false,1.000,0.688,8.859,0.861,0.631,0.585,0.585
14,COMPLETE,0.284,100,5,0.390,15,0.800,0.350,8.000,0.020,0.090,0.060,0.600,false,false,0.246,0.587,4.631,0.197,0.346,0.223,0.223
14,COMPLETE,0.284,101,5,0.390,15,0.800,0.350,8.000,0.020,0.090,0.060,0.600,false,false,0.190,0.631,5.001,0.152,0.226,0.290,0.226
14,COMPLETE,0.284,102,5,0.390,15,0.800,0.350,8.000,0.020,0.090,0.060,0.600,false,false,0.430,0.566,4.548,0.344,0.217,0.246,0.217
14,COMPLETE,0.284,103,5,0.390,15,0.800,0.350,8.000,0.020,0.090,0.060,0.600,false,false,0.427,0.554,4.550,0.360,0.232,0.213,0.213
14,COMPLETE,0.284,104,5,0.390,15,0.800,0.350,8.000,0.020,0.090,0.060,0.600,false,false,0.127,0.609,4.764,0.101,0.237,0.254,0.237
15,COMPLETE,0.165,100,3,0.320,12,0.800,0.300,6.500,0.015,0.110,0.040,0.400,false,false,0.160,0.408,3.027,0.128,0.341,0.255,0.255
15,COMPLETE,0.165,101,3,0.320,12,0.800,0.300,6.500,0.015,0.110,0.040,0.400,false,false,0.127,0.438,3.298,0.102,0.193,0.362,0.193
15,COMPLETE,0.165,102,3,0.320,12,0.800,0.300,6.500,0.015,0.110,0.040,0.400,false,false,0.203,0.433,3.277,0.163,0.340,0.167,0.167
15,COMPLETE,0.165,103,3,0.320,12,0.800,0.300,6.500,0.015,0.110,0.040,0.400,false,false,0.117,0.455,3.453,0.094,0.268,0.370,0.268
15,COMPLETE,0.165,104,3,0.320,12,0.800,0.300,6.500,0.015,0.110,0.040,0.400,false,false,0.217,0.417,3.108,0.173,0.214,0.299,0.214
16,COMPLETE,2.715,100,8,0.260,6,0.900,0.210,5.500,0.040,0.090,0.100,0.300,false,false,0.698,0.504,3.569,0.630,0.349,0.443,0.349
16,COMPLETE,2.715,101,8,0.260,6,0.900,0.210,5.500,0.040,0.090,0.100,0.300,true,false,1.000,0.525,4.099,0.811,0.793,0.719,0.719
16,COMPLETE,2.715,102,8,0.260,6,0.900,0.210,5.500,0.040,0.090,0.100,0.300,false,false,0.446,0.515,3.566,0.357,0.357,0.386,0.357
16,COMPLETE,2.715,103,8,0.260,6,0.900,0.210,5.500,0.040,0.090,0.100,0.300,true,false,1.000,0.534,4.101,0.824,0.744,0.647,0.647
16,COMPLETE,2.715,104,8,0.260,6,0.900,0.210,5.500,0.040,0.090,0.100,0.300,false,false,0.433,0.524,3.649,0.347,0.346,0.372,0.346
17,COMPLETE,0.542,100,7,0.310,12,0.800,0.300,6.500,0.025,0.040,0.100,0.900,false,false,0.258,0.524,4.180,0.691,0.185,0.129,0.129
17,COMPLETE,0.542,101,7,0.310,12,0.800,0.300,6.500,0.025,0.040,0.100,0.900,false,false,0.439,0.520,4.157,0.768,0.219,0.319,0.219
17,COMPLETE,0.542,102,7,0.310,12,0.800,0.300,6.500,0.025,0.040,0.100,0.900,false,false,0.368,0.530,4.113,0.597,0.323,0.184,0.184
17,COMPLETE,0.542,103,7,0.310,12,0.800,0.300,6.500,0.025,0.040,0.100,0.900,false,false,0.648,0.521,4.102,0.705,0.400,0.324,0.324
17,COMPLETE,0.542,104,7,0.310,12,0.800,0.300,6.500,0.025,0.040,0.100,0.900,false,false,0.999,0.622,5.630,0.799,0.914,0.913,0.913
18,COMPLETE,4.984,100,6,0.400,8,1.200,0.450,5.000,0.030,0.060,0.100,0.800,true,false,1.000,0.624,10.417,0.810,0.845,0.878,0.845
18,COMPLETE,4.984,101,6,0.400,8,1.200,0.450,5.000,0.030,0.060,0.100,0.800,true,false,1.000,0.651,10.703,0.809,0.745,0.679,0.679
18,COMPLETE,4.984,102,6,0.400,8,1.200,0.450,5.000,0.030,0.060,0.100,0.800,true,false,1.000,0.652,10.968,0.854,0.781,0.797,0.781
18,COMPLETE,4.984,103,6,0.400,8,1.200,0.450,5.000,0.030,0.060,0.100,0.800,false,false,0.921,0.566,9.156,0.804,0.614,0.461,0.461
18,COMPLETE,4.984,104,6,0.400,8,1.200,0.450,5.000,0.030,0.060,0.100,0.800,true,false,1.000,0.647,10.781,0.869,0.829,0.814,0.814
19,COMPLETE,1.447,100,6,0.360,14,0.800,0.320,5.500,0.050,0.090,0.100,0.800,false,false,0.265,0.655,3.908,0.212,0.267,0.260,0.260
19,COMPLETE,1.447,101,6,0.360,14,0.800,0.320,5.500,0.050,0.090,0.100,0.800,false,false,0.387,0.618,3.670,0.345,0.193,0.246,0.193
19,COMPLETE,1.447,102,6,0.360,14,0.800,0.320,5.500,0.050,0.090,0.100,0.800,false,false,0.326,0.624,3.705,0.261,0.342,0.290,0.290
19,COMPLETE,1.447,103,6,0.360,14,0.800,0.320,5.500,0.050,0.090,0.100,0.800,true,false,1.000,0.634,4.618,0.848,0.821,0.844,0.821
19,COMPLETE,1.447,104,6,0.360,14,0.800,0.320,5.500,0.050,0.090,0.100,0.800,false,false,0.258,0.639,3.858,0.207,0.342,0.286,0.286
20,COMPLETE,0.201,100,4,0.400,6,1.000,0.160,7.500,0.050,0.070,0.060,0.700,false,false,0.262,0.501,2.935,0.209,0.195,0.153,0.153
20,COMPLETE,0.201,101,4,0.400,6,1.000,0.160,7.500,0.050,0.070,0.060,0.700,false,false,0.255,0.505,2.875,0.204,0.250,0.266,0.250
20,COMPLETE,0.201,102,4,0.400,6,1.000,0.160,7.500,0.050,0.070,0.060,0.700,false,false,0.154,0.510,2.998,0.123,0.268,0.295,0.268
20,COMPLETE,0.201,103,4,0.400,6,1.000,0.160,7.500,0.050,0.070,0.060,0.700,false,false,0.128,0.520,3.079,0.103,0.278,0.226,0.226
20,COMPLETE,0.201,104,4,0.400,6,1.000,0.160,7.500,0.050,0.070,0.060,0.700,false,false,0.206,0.523,3.081,0.165,0.232,0.311,0.232
21,COMPLETE,0.207,100,8,0.210,7,1.100,0.330,6.500,0.050,0.040,0.060,0.300,false,false,0.258,0.524,3.950,0.206,0.266,0.188,0.188
21,COMPLETE,0.207,101,8,0.210,7,1.100,0.330,6.500,0.050,0.040,0.060,0.300,false,false,0.149,0.504,3.745,0.119,0.288,0.290,0.288
21,COMPLETE,0.207,102,8,0.210,7,1.100,0.330,6.500,0.050,0.040,0.060,0.300,false,false,0.221,0.506,3.874,0.294,0.110,0.177,0.110
21,COMPLETE,0.207,103,8,0.210,7,1.100,0.330,6.500,0.050,0.040,0.060,0.300,false,false,0.205,0.527,3.863,0.164,0.151,0.298,0.151
21,COMPLETE,0.207,104,8,0.210,7,1.100,0.330,6.500,0.050,0.040,0.060,0.300,false,false,0.201,0.458,3.587,0.364,0.101,0.233,0.101
22,COMPLETE,1.360,100,4,0.240,14,1.100,0.150,7.000,0.020,0.110,0.070,0.700,false,false,0.164,0.395,3.954,0.131,0.228,0.196,0.196
22,COMPLETE,1.360,101,4,0.240,14,1.100,0.150,7.000,0.020,0.110,0.070,0.700,false,false,0.205,0.377,3.674,0.164,0.205,0.251,0.205
22,COMPLETE,1.360,102,4,0.240,14,1.100,0.150,7.000,0.020,0.110,0.070,0.700,false,false,0.230,0.390,3.846,0.184,0.208,0.151,0.151
22,COMPLETE,1.360,103,4,0.240,14,1.100,0.150,7.000,0.020,0.110,0.070,0.700,true,false,1.000,0.359,3.844,0.902,0.830,0.842,0.830
22,COMPLETE,1.360,104,4,0.240,14,1.100,0.150,7.000,0.020,0.110,0.070,0.700,false,false,0.202,0.367,3.527,0.162,0.386,0.271,0.271
23,COMPLETE,0.242,100,8,0.220,10,0.900,0.400,6.000,0.040,0.040,0.040,0.600,false,false,0.250,0.542,3.797,0.200,0.358,0.179,0.179
23,COMPLETE,0.242,101,8,0.220,10,0.900,0.400,6.000,0.040,0.040,0.040,0.600,false,false,0.245,0.561,3.972,0.257,0.124,0.122,0.122
23,COMPLETE,0.242,102,8,0.220,10,0.900,0.400,6.000,0.040,0.040,0.040,0.600,false,false,0.247,0.548,3.807,0.262,0.191,0.124,0.124
23,COMPLETE,0.242,103,8,0.220,10,0.900,0.400,6.000,0.040,0.040,0.040,0.600,false,false,0.256,0.556,3.916,0.212,0.183,0.128,0.128
23,COMPLETE,0.242,104,8,0.220,10,0.900,0.400,6.000,0.040,0.040,0.040,0.600,false,false,0.209,0.538,3.707,0.323,0.112,0.105,0.105
24,COMPLETE,2.698,100,7,0.320,12,0.800,0.450,7.500,0.020,0.110,0.050,0.500,true,false,1.000,0.541,5.473,0.904,0.614,0.638,0.614
24,COMPLETE,2.698,101,7,0.320,12,0.800,0.450,7.500,0.020,0.110,0.050,0.500,false,false,0.793,0.555,5.200,0.635,0.609,0.586,0.586
24,COMPLETE,2.698,102,7,0.320,12,0.800,0.450,7.500,0.020,0.110,0.050,0.500,false,false,0.484,0.546,4.731,0.429,0.253,0.242,0.242
24,COMPLETE,2.698,103,7,0.320,12,0.800,0.450,7.500,0.020,0.110,0.050,0.500,true,false,1.000,0.551,5.661,0.874,0.646,0.745,0.646
24,COMPLETE,2.698,104,7,0.320,12,0.800,0.450,7.500,0.020,0.110,0.050,0.500,false,false,0.214,0.589,4.772,0.171,0.221,0.281,0.221
25,COMPLETE,0.210,100,5,0.220,16,1.200,0.180,7.500,0.035,0.050,0.070,0.400,false,false,0.191,0.424,3.841,0.153,0.235,0.130,0.130
25,COMPLETE,0.210,101,5,0.220,16,1.200,0.180,7.500,0.035,0.050,0.070,0.400,false,false,0.212,0.447,4.061,0.182,0.231,0.106,0.106
25,COMPLETE,0.210,102,5,0.220,16,1.200,0.180,7.500,0.035,0.050,0.070,0.400,false,false,0.134,0.429,3.852,0.107,0.084,0.222,0.084
25,COMPLETE,0.210,103,5,0.220,16,1.200,0.180,7.500,0.035,0.050,0.070,0.400,false,false,0.280,0.429,3.814,0.224,0.161,0.183,0.161
25,COMPLETE,0.210,104,5,0.220,16,1.200,0.180,7.500,0.035,0.050,0.070,0.400,false,false,0.231,0.405,3.558,0.203,0.116,0.152,0.116
26,COMPLETE,0.195,100,4,0.280,8,0.900,0.390,8.500,0.035,0.080,0.080,0.700,false,false,0.204,0.404,1.972,0.163,0.293,0.220,0.220
26,COMPLETE,0.195,101,4,0.280,8,0.900,0.390,8.500,0.035,0.080,0.080,0.700,false,false,0.156,0.426,2.291,0.125,0.113,0.098,0.098
26,COMPLETE,0.195,102,4,0.280,8,0.900,0.390,8.500,0.035,0.080,0.080,0.700,false,false,0.180,0.407,2.034,0.144,0.187,0.316,0.187
26,COMPLETE,0.195,103,4,0.280,8,0.900,0.390,8.500,0.035,0.080,0.080,0.700,false,false,0.154,0.417,2.076,0.123,0.252,0.328,0.252
26,COMPLETE,0.195,104,4,0.280,8,0.900,0.390,8.500,0.035,0.080,0.080,0.700,false,false,0.280,0.400,1.980,0.224,0.140,0.147,0.140
27,COMPLETE,1.423,100,5,0.300,15,1.100,0.290,8.000,0.015,0.070,0.110,0.300,false,false,0.213,0.514,5.977,0.170,0.290,0.188,0.188
27,COMPLETE,1.423,101,5,0.300,15,1.100,0.290,8.000,0.015,0.070,0.110,0.300,true,false,1.000,0.483,6.621,0.835,0.839,0.865,0.839
27,COMPLETE,1.423,102,5,0.300,15,1.100,0.290,8.000,0.015,0.070,0.110,0.300,false,false,0.236,0.508,6.045,0.243,0.227,0.118,0.118
27,COMPLETE,1.423,103,5,0.300,15,1.100,0.290,8.000,0.015,0.070,0.110,0.300,false,false,0.338,0.489,5.750,0.271,0.299,0.174,0.174
27,COMPLETE,1.423,104,5,0.300,15,1.100,0.290,8.000,0.015,0.070,0.110,0.300,false,false,0.330,0.483,5.805,0.361,0.165,0.246,0.165
28,COMPLETE,0.249,100,6,0.370,11,1.300,0.170,9.000,0.015,0.050,0.090,0.800,false,false,0.324,0.610,8.828,0.259,0.334,0.316,0.316
28,COMPLETE,0.249,101,6,0.370,11,1.300,0.170,9.000,0.015,0.050,0.090,0.800,false,false,0.248,0.642,9.297,0.198,0.230,0.269,0.230
28,COMPLETE,0.249,102,6,0.370,11,1.300,0.170,9.000,0.015,0.050,0.090,0.800,false,false,0.167,0.611,8.713,0.134,0.315,0.414,0.315
28,COMPLETE,0.249,103,6,0.370,11,1.300,0.170,9.000,0.015,0.050,0.090,0.800,false,false,0.245,0.598,8.665,0.289,0.123,0.170,0.123
28,COMPLETE,0.249,104,6,0.370,11,1.300,0.170,9.000,0.015,0.050,0.090,0.800,false,false,0.264,0.622,8.996,0.222,0.132,0.175,0.132
29,COMPLETE,1.623,100,6,0.270,11,1.000,0.230,8.000,0.010,0.050,0.100,0.800,false,false,0.984,0.463,5.652,0.787,0.721,0.524,0.524
29,COMPLETE,1.623,101,6,0.270,11,1.000,0.230,8.000,0.010,0.050,0.100,0.800,false,false,0.261,0.507,5.607,0.209,0.300,0.329,0.300
29,COMPLETE,1.623,102,6,0.270,11,1.000,0.230,8.000,0.010,0.050,0.100,0.800,false,false,0.661,0.430,4.912,0.529,0.487,0.455,0.455
29,COMPLETE,1.623,103,6,0.270,11,1.000,0.230,8.000,0.010,0.050,0.100,0.800,false,false,0.208,0.511,5.592,0.166,0.211,0.170,0.170
29,COMPLETE,1.623,104,6,0.270,11,1.000,0.230,8.000,0.010,0.050,0.100,0.800,true,false,1.000,0.528,6.762,0.881,0.892,0.895,0.892
30,COMPLETE,0.273,100,3,0.260,13,1.000,0.330,5.500,0.030,0.110,0.110,0.900,false,false,0.236,0.368,2.675,0.189,0.215,0.202,0.202
30,COMPLETE,0.273,101,3,0.260,13,1.000,0.330,5.500,0.030,0.110,0.110,0.900,false,false,0.220,0.327,2.267,0.176,0.153,0.155,0.153
30,COMPLETE,0.273,102,3,0.260,13,1.000,0.330,5.500,0.030,0.110,0.110,0.900,false,false,0.190,0.378,2.786,0.152,0.271,0.252,0.252
30,COMPLETE,0.273,103,3,0.260,13,1.000,0.330,5.500,0.030,0.110,0.110,0.900,false,false,0.456,0.356,2.648,0.365,0.461,0.374,0.374
30,COMPLETE,0.273,104,3,0.260,13,1.000,0.330,5.500,0.030,0.110,0.110,0.900,false,false,0.263,0.365,2.612,0.210,0.162,0.158,0.158
31,COMPLETE,0.223,100,8,0.400,12,1.300,0.260,6.500,0.040,0.090,0.060,0.300,false,false,0.410,0.675,9.546,0.481,0.205,0.312,0.205
31,COMPLETE,0.223,101,8,0.400,12,1.300,0.260,6.500,0.040,0.090,0.060,0.300,false,false,0.139,0.770,10.351,0.111,0.268,0.225,0.225
31,COMPLETE,0.223,102,8,0.400,12,1.300,0.260,6.500,0.040,0.090,0.060,0.300,false,false,0.153,0.743,9.843,0.122,0.540,0.201,0.201
31,COMPLETE,0.223,103,8,0.400,12,1.300,0.260,6.500,0.040,0.090,0.060,0.300,false,false,0.179,0.754,10.069,0.143,0.172,0.266,0.172
31,COMPLETE,0.223,104,8,0.400,12,1.300,0.260,6.500,0.040,0.090,0.060,0.300,false,false,0.235,0.737,9.930,0.188,0.343,0.268,0.268
32,COMPLETE,1.389,100,4,0.370,14,1.300,0.230,5.500,0.020,0.100,0.100,0.300,false,false,0.288,0.523,7.445,0.230,0.194,0.223,0.194
32,COMPLETE,1.389,101,4,0.370,14,1.300,0.230,5.500,0.020,0.100,0.100,0.300,true,false,1.000,0.574,9.361,0.885,0.874,0.836,0.836
32,COMPLETE,1.389,102,4,0.370,14,1.300,0.230,5.500,0.020,0.100,0.100,0.300,false,false,0.184,0.535,7.400,0.147,0.309,0.269,0.269
32,COMPLETE,1.389,103,4,0.370,14,1.300,0.230,5.500,0.020,0.100,0.100,0.300,false,false,0.253,0.598,8.477,0.202,0.140,0.222,0.140
32,COMPLETE,1.389,104,4,0.370,14,1.300,0.230,5.500,0.020,0.100,0.100,0.300,false,false,0.218,0.561,7.859,0.174,0.359,0.374,0.359
33,COMPLETE,3.728,100,8,0.310,11,1.200,0.390,8.500,0.035,0.060,0.060,0.500,true,false,1.000,0.601,8.820,0.897,0.872,0.813,0.813
33,COMPLETE,3.728,101,8,0.310,11,1.200,0.390,8.500,0.035,0.060,0.060,0.500,true,false,1.000,0.619,9.281,0.917,0.902,0.846,0.846
33,COMPLETE,3.728,102,8,0.310,11,1.200,0.390,8.500,0.035,0.060,0.060,0.500,false,false,0.251,0.621,7.419,0.292,0.174,0.126,0.126
33,COMPLETE,3.728,103,8,0.310,11,1.200,0.390,8.500,0.035,0.060,0.060,0.500,false,false,0.391,0.591,7.104,0.326,0.196,0.201,0.196
33,COMPLETE,3.728,104,8,0.310,11,1.200,0.390,8.500,0.035,0.060,0.060,0.500,true,false,1.000,0.608,8.938,0.860,0.867,0.859,0.859
34,COMPLETE,0.269,100,8,0.240,6,0.900,0.210,9.000,0.045,0.110,0.110,0.900,false,false,0.242,0.454,1.961,0.194,0.298,0.245,0.245
34,COMPLETE,0.269,101,8,0.240,6,0.900,0.210,9.000,0.045,0.110,0.110,0.900,false,false,0.432,0.460,2.017,0.346,0.361,0.426,0.361
34,COMPLETE,0.269,102,8,0.240,6,0.900,0.210,9.000,0.045,0.110,0.110,0.900,false,false,0.201,0.439,1.838,0.161,0.185,0.242,0.185
34,COMPLETE,0.269,103,8,0.240,6,0.900,0.210,9.000,0.045,0.110,0.110,0.900,false,false,0.295,0.436,1.803,0.236,0.247,0.203,0.203
34,COMPLETE,0.269,104,8,0.240,6,0.900,0.210,9.000,0.045,0.110,0.110,0.900,false,false,0.173,0.458,2.028,0.138,0.148,0.156,0.148
35,COMPLETE,2.804,100,7,0.350,7,1.200,0.440,5.000,0.040,0.100,0.050,0.900,false,false,0.584,0.575,8.445,0.831,0.296,0.292,0.292
35,COMPLETE,2.804,101,7,0.350,7,1.200,0.440,5.000,0.040,0.100,0.050,0.900,false,false,0.967,0.626,9.311,0.774,0.835,0.821,0.821
35,COMPLETE,2.804,102,7,0.350,7,1.200,0.440,5.000,0.040,0.100,0.050,0.900,true,false,1.000,0.597,8.976,0.871,0.671,0.671,0.671
35,COMPLETE,2.804,103,7,0.350,7,1.200,0.440,5.000,0.040,0.100,0.050,0.900,false,false,0.469,0.611,7.890,0.375,0.236,0.255,0.236
35,COMPLETE,2.804,104,7,0.350,7,1.200,0.440,5.000,0.040,0.100,0.050,0.900,true,false,1.000,0.620,9.466,0.853,0.809,0.816,0.809
36,COMPLETE,4.967,100,7,0.350,6,1.200,0.440,5.000,0.030,0.100,0.040,0.900,true,false,1.000,0.560,8.992,0.883,0.690,0.627,0.627
36,COMPLETE,4.967,101,7,0.350,6,1.200,0.440,5.000,0.030,0.100,0.040,0.900,true,false,1.000,0.622,10.237,0.888,0.831,0.859,0.831
36,COMPLETE,4.967,102,7,0.350,6,1.200,0.440,5.000,0.030,0.100,0.040,0.900,false,false,0.835,0.564,9.091,0.894,0.473,0.418,0.418
36,COMPLETE,4.967,103,7,0.350,6,1.200,0.440,5.000,0.030,0.100,0.040,0.900,true,false,1.000,0.590,9.739,0.917,0.702,0.796,0.702
36,COMPLETE,4.967,104,7,0.350,6,1.200,0.440,5.000,0.030,0.100,0.040,0.900,true,false,1.000,0.590,9.516,0.858,0.631,0.714,0.631
37,COMPLETE,3.901,100,7,0.350,7,1.200,0.440,5.000,0.030,0.100,0.050,0.800,false,false,0.509,0.590,8.835,0.652,0.364,0.254,0.254
37,COMPLETE,3.901,101,7,0.350,7,1.200,0.440,5.000,0.030,0.100,0.050,0.800,true,false,1.000,0.625,10.116,0.832,0.744,0.684,0.684
37,COMPLETE,3.901,102,7,0.350,7,1.200,0.440,5.000,0.030,0.100,0.050,0.800,true,false,1.000,0.645,10.752,0.904,0.879,0.848,0.848
37,COMPLETE,3.901,103,7,0.350,7,1.200,0.440,5.000,0.030,0.100,0.050,0.800,false,false,0.994,0.613,9.920,0.795,0.846,0.775,0.775
37,COMPLETE,3.901,104,7,0.350,7,1.200,0.440,5.000,0.030,0.100,0.050,0.800,true,false,1.000,0.633,10.517,0.878,0.805,0.836,0.805
38,COMPLETE,3.941,100,7,0.350,9,1.200,0.450,5.000,0.030,0.060,0.050,0.800,false,false,0.891,0.595,9.839,0.897,0.446,0.463,0.446
38,COMPLETE,3.941,101,7,0.350,9,1.200,0.450,5.000,0.030,0.060,0.050,0.800,true,false,1.000,0.708,12.190,0.910,0.918,0.919,0.918
38,COMPLETE,3.941,102,7,0.350,9,1.200,0.450,5.000,0.030,0.060,0.050,0.800,true,false,1.000,0.697,11.914,0.891,0.850,0.925,0.850
38,COMPLETE,3.941,103,7,0.350,9,1.200,0.450,5.000,0.030,0.060,0.050,0.800,true,false,1.000,0.673,11.192,0.841,0.847,0.820,0.820
38,COMPLETE,3.941,104,7,0.350,9,1.200,0.450,5.000,0.030,0.060,0.050,0.800,false,false,0.812,0.615,10.206,0.885,0.413,0.406,0.406
39,COMPLETE,3.823,100,7,0.390,9,1.200,0.420,5.000,0.030,0.060,0.040,0.800,true,false,1.000,0.677,11.558,0.934,0.811,0.797,0.797
39,COMPLETE,3.823,101,7,0.390,9,1.200,0.420,5.000,0.030,0.060,0.040,0.800,true,false,1.000,0.682,11.469,0.911,0.608,0.580,0.580
39,COMPLETE,3.823,102,7,0.390,9,1.200,0.420,5.000,0.030,0.060,0.040,0.800,true,false,1.000,0.712,12.008,0.883,0.777,0.814,0.777
39,COMPLETE,3.823,103,7,0.390,9,1.200,0.420,5.000,0.030,0.060,0.040,0.800,false,false,0.250,0.726,10.243,0.343,0.186,0.125,0.125
39,COMPLETE,3.823,104,7,0.390,9,1.200,0.420,5.000,0.030,0.060,0.040,0.800,false,false,0.866,0.659,10.248,0.693,0.685,0.557,0.557
40,COMPLETE,3.843,100,7,0.390,9,1.200,0.420,5.000,0.030,0.100,0.040,0.800,true,false,1.000,0.675,11.563,0.930,0.827,0.862,0.827
40,COMPLETE,3.843,101,7,0.390,9,1.200,0.420,5.000,0.030,0.100,0.040,0.800,false,false,0.712,0.647,10.229,0.740,0.356,0.474,0.356
40,COMPLETE,3.843,102,7,0.390,9,1.200,0.420,5.000,0.030,0.100,0.040,0.800,true,false,1.000,0.664,11.118,0.901,0.764,0.727,0.727
40,COMPLETE,3.843,103,7,0.390,9,1.200,0.420,5.000,0.030,0.100,0.040,0.800,false,false,0.504,0.689,9.805,0.403,0.263,0.432,0.263
40,COMPLETE,3.843,104,7,0.390,9,1.200,0.420,5.000,0.030,0.100,0.040,0.800,true,false,1.000,0.643,10.675,0.905,0.635,0.703,0.635
41,COMPLETE,6.000,100,7,0.350,7,1.200,0.420,5.000,0.030,0.100,0.050,0.800,true,false,1.000,0.642,10.673,0.902,0.830,0.851,0.830
41,COMPLETE,6.000,101,7,0.350,7,1.200,0.420,5.000,0.030,0.100,0.050,0.800,true,false,1.000,0.581,9.096,0.832,0.531,0.582,0.531
41,COMPLETE,6.000,102,7,0.350,7,1.200,0.420,5.000,0.030,0.100,0.050,0.800,true,false,1.000,0.612,10.019,0.899,0.828,0.816,0.816
41,COMPLETE,6.000,103,7,0.350,7,1.200,0.420,5.000,0.030,0.100,0.050,0.800,true,false,1.000,0.593,9.659,0.930,0.721,0.669,0.669
41,COMPLETE,6.000,104,7,0.350,7,1.200,0.420,5.000,0.030,0.100,0.050,0.800,true,false,1.000,0.588,9.460,0.857,0.711,0.700,0.700
42,COMPLETE,0.584,100,7,0.380,9,1.200,0.420,5.000,0.025,0.060,0.040,0.800,false,false,0.968,0.638,10.365,0.774,0.837,0.905,0.837
42,COMPLETE,0.584,101,7,0.380,9,1.200,0.420,5.000,0.025,0.060,0.040,0.800,false,false,0.305,0.679,10.151,0.479,0.152,0.182,0.152
42,COMPLETE,0.584,102,7,0.380,9,1.200,0.420,5.000,0.025,0.060,0.040,0.800,false,false,0.456,0.682,9.813,0.386,0.228,0.248,0.228
42,COMPLETE,0.584,103,7,0.380,9,1.200,0.420,5.000,0.025,0.060,0.040,0.800,false,false,0.452,0.655,9.571,0.416,0.226,0.278,0.226
42,COMPLETE,0.584,104,7,0.380,9,1.200,0.420,5.000,0.025,0.060,0.040,0.800,false,false,0.737,0.623,9.537,0.590,0.374,0.474,0.374
43,COMPLETE,3.817,100,7,0.340,9,1.200,0.410,5.000,0.025,0.060,0.050,0.800,true,false,1.000,0.662,11.344,0.907,0.871,0.859,0.859
43,COMPLETE,3.817,101,7,0.340,9,1.200,0.410,5.000,0.025,0.060,0.050,0.800,true,false,1.000,0.639,10.833,0.931,0.708,0.725,0.708
43,COMPLETE,3.817,102,7,0.340,9,1.200,0.410,5.000,0.025,0.060,0.050,0.800,false,false,0.554,0.645,9.380,0.444,0.327,0.313,0.313
43,COMPLETE,3.817,103,7,0.340,9,1.200,0.410,5.000,0.025,0.060,0.050,0.800,false,false,0.529,0.629,8.992,0.434,0.301,0.264,0.264
43,COMPLETE,3.817,104,7,0.340,9,1.200,0.410,5.000,0.025,0.060,0.050,0.800,true,false,1.000,0.661,11.009,0.820,0.883,0.888,0.883
44,COMPLETE,6.000,100,7,0.340,7,1.200,0.450,5.000,0.025,0.100,0.050,0.800,true,false,1.000,0.585,10.084,0.910,0.762,0.768,0.762
44,COMPLETE,6.000,101,7,0.340,7,1.200,0.450,5.000,0.025,0.100,0.050,0.800,true,false,1.000,0.601,10.245,0.878,0.678,0.741,0.678
44,COMPLETE,6.000,102,7,0.340,7,1.200,0.450,5.000,0.025,0.100,0.050,0.800,true,false,1.000,0.634,10.982,0.911,0.816,0.783,0.783
44,COMPLETE,6.000,103,7,0.340,7,1.200,0.450,5.000,0.025,0.100,0.050,0.800,true,false,1.000,0.620,10.753,0.923,0.815,0.818,0.815
44,COMPLETE,6.000,104,7,0.340,7,1.200,0.450,5.000,0.025,0.100,0.050,0.800,true,false,1.000,0.565,9.336,0.850,0.656,0.613,0.613
45,COMPLETE,2.575,100,6,0.340,10,1.200,0.410,5.000,0.025,0.080,0.050,0.900,true,false,1.000,0.601,9.752,0.806,0.794,0.781,0.781
45,COMPLETE,2.575,101,6,0.340,10,1.200,0.410,5.000,0.025,0.080,0.050,0.900,false,false,0.394,0.632,8.817,0.347,0.197,0.200,0.197
45,COMPLETE,2.575,102,6,0.340,10,1.200,0.410,5.000,0.025,0.080,0.050,0.900,false,false,0.225,0.629,8.381,0.180,0.169,0.184,0.169
45,COMPLETE,2.575,103,6,0.340,10,1.200,0.410,5.000,0.025,0.080,0.050,0.900,false,false,0.255,0.636,8.470,0.204,0.185,0.156,0.156
45,COMPLETE,2.575,104,6,0.340,10,1.200,0.410,5.000,0.025,0.080,0.050,0.900,true,false,1.000,0.636,10.705,0.880,0.866,0.824,0.824
46,COMPLETE,1.543,100,6,0.340,10,1.300,0.400,6.000,0.025,0.080,0.050,0.900,false,false,0.401,0.597,8.812,0.321,0.365,0.368,0.365
46,COMPLETE,1.543,101,6,0.340,10,1.300,0.400,6.000,0.025,0.080,0.050,0.900,false,false,0.373,0.612,8.981,0.298,0.221,0.275,0.221
46,COMPLETE,1.543,102,6,0.340,10,1.300,0.400,6.000,0.025,0.080,0.050,0.900,true,false,1.000,0.631,11.409,0.893,0.832,0.841,0.832
46,COMPLETE,1.543,103,6,0.340,10,1.300,0.400,6.000,0.025,0.080,0.050,0.900,false,false,0.373,0.577,8.516,0.299,0.193,0.224,0.193
46,COMPLETE,1.543,104,6,0.340,10,1.300,0.400,6.000,0.025,0.080,0.050,0.900,false,false,0.567,0.590,9.009,0.453,0.293,0.353,0.293
47,COMPLETE,1.527,100,6,0.360,10,1.300,0.450,6.000,0.025,0.080,0.050,0.900,false,false,0.258,0.637,9.492,0.263,0.176,0.129,0.129
47,COMPLETE,1.527,101,6,0.360,10,1.300,0.450,6.000,0.025,0.080,0.050,0.900,false,false,0.296,0.600,8.832,0.237,0.167,0.203,0.167
47,COMPLETE,1.527,102,6,0.360,10,1.300,0.450,6.000,0.025,0.080,0.050,0.900,true,false,1.000,0.619,11.381,0.873,0.852,0.840,0.840
47,COMPLETE,1.527,103,6,0.360,10,1.300,0.450,6.000,0.025,0.080,0.050,0.900,false,false,0.679,0.612,10.862,0.782,0.452,0.339,0.339
47,COMPLETE,1.527,104,6,0.360,10,1.300,0.450,6.000,0.025,0.080,0.050,0.900,false,false,0.400,0.626,9.646,0.373,0.203,0.200,0.200
48,COMPLETE,4.996,100,6,0.330,7,1.300,0.360,6.000,0.025,0.080,0.080,0.900,true,false,1.000,0.567,9.604,0.850,0.786,0.775,0.775
48,COMPLETE,4.996,101,6,0.330,7,1.300,0.360,6.000,0.025,0.080,0.080,0.900,false,false,0.980,0.546,8.978,0.784,0.770,0.757,0.757
48,COMPLETE,4.996,102,6,0.330,7,1.300,0.360,6.000,0.025,0.080,0.080,0.900,true,false,1.000,0.561,9.402,0.815,0.786,0.792,0.786
48,COMPLETE,4.996,103,6,0.330,7,1.300,0.360,6.000,0.025,0.080,0.080,0.900,true,false,1.000,0.579,9.870,0.872,0.845,0.838,0.838
48,COMPLETE,4.996,104,6,0.330,7,1.300,0.360,6.000,0.025,0.080,0.080,0.900,true,false,1.000,0.561,9.506,0.854,0.845,0.776,0.776
49,COMPLETE,4.986,100,6,0.330,7,1.300,0.380,6.000,0.025,0.100,0.070,0.900,true,false,1.000,0.507,8.604,0.841,0.803,0.764,0.764
49,COMPLETE,4.986,101,6,0.330,7,1.300,0.380,6.000,0.025,0.100,0.070,0.900,true,false,1.000,0.548,9.408,0.882,0.715,0.716,0.715
49,COMPLETE,4.986,102,6,0.330,7,1.300,0.380,6.000,0.025,0.100,0.070,0.900,true,false,1.000,0.543,9.297,0.882,0.723,0.746,0.723
49,COMPLETE,4.986,103,6,0.330,7,1.300,0.380,6.000,0.025,0.100,0.070,0.900,true,false,1.000,0.540,9.304,0.919,0.781,0.798,0.781
49,COMPLETE,4.986,104,6,0.330,7,1.300,0.380,6.000,0.025,0.100,0.070,0.900,false,false,0.928,0.523,8.545,0.742,0.721,0.636,0.636
50,COMPLETE,4.902,100,6,0.370,7,1.100,0.370,6.000,0.030,0.100,0.070,0.900,true,false,1.000,0.576,7.811,0.891,0.766,0.776,0.766
50,COMPLETE,4.902,101,6,0.370,7,1.100,0.370,6.000,0.030,0.100,0.070,0.900,true,false,1.000,0.583,7.861,0.854,0.648,0.684,0.648
50,COMPLETE,4.902,102,6,0.370,7,1.100,0.370,6.000,0.030,0.100,0.070,0.900,false,false,0.509,0.567,6.636,0.407,0.358,0.364,0.358
50,COMPLETE,4.902,103,6,0.370,7,1.100,0.370,6.000,0.030,0.100,0.070,0.900,true,false,1.000,0.602,8.114,0.830,0.797,0.781,0.781
50,COMPLETE,4.902,104,6,0.370,7,1.100,0.370,6.000,0.030,0.100,0.070,0.900,true,false,1.000,0.603,8.370,0.899,0.834,0.846,0.834
51,COMPLETE,4.996,100,7,0.330,7,1.100,0.380,5.500,0.035,0.100,0.070,0.900,false,false,0.981,0.586,7.791,0.785,0.638,0.662,0.638
51,COMPLETE,4.996,101,7,0.330,7,1.100,0.380,5.500,0.035,0.100,0.070,0.900,true,false,1.000,0.587,7.751,0.822,0.815,0.797,0.797
51,COMPLETE,4.996,102,7,0.330,7,1.100,0.380,5.500,0.035,0.100,0.070,0.900,true,false,1.000,0.591,7.807,0.852,0.791,0.779,0.779
51,COMPLETE,4.996,103,7,0.330,7,1.100,0.380,5.500,0.035,0.100,0.070,0.900,true,false,1.000,0.595,8.098,0.896,0.781,0.824,0.781
51,COMPLETE,4.996,104,7,0.330,7,1.100,0.380,5.500,0.035,0.100,0.070,0.900,true,false,1.000,0.583,7.736,0.830,0.887,0.868,0.868
52,COMPLETE,3.870,100,6,0.330,7,1.300,0.360,5.500,0.035,0.090,0.080,0.700,false,false,0.377,0.539,7.162,0.302,0.318,0.384,0.318
52,COMPLETE,3.870,101,6,0.330,7,1.300,0.360,5.500,0.035,0.090,0.080,0.700,true,false,1.000,0.561,8.678,0.823,0.738,0.760,0.738
52,COMPLETE,3.870,102,6,0.330,7,1.300,0.360,5.500,0.035,0.090,0.080,0.700,true,false,1.000,0.572,9.178,0.862,0.847,0.866,0.847
52,COMPLETE,3.870,103,6,0.330,7,1.300,0.360,5.500,0.035,0.090,0.080,0.700,false,false,0.972,0.574,8.932,0.778,0.858,0.861,0.858
52,COMPLETE,3.870,104,6,0.330,7,1.300,0.360,5.500,0.035,0.090,0.080,0.700,true,false,1.000,0.573,9.021,0.859,0.808,0.765,0.765
53,COMPLETE,3.825,100,5,0.330,7,1.300,0.370,6.000,0.025,0.090,0.080,0.900,false,false,0.600,0.503,7.273,0.480,0.356,0.333,0.333
53,COMPLETE,3.825,101,5,0.330,7,1.300,0.370,6.000,0.025,0.090,0.080,0.900,true,false,1.000,0.537,9.018,0.862,0.888,0.890,0.888
53,COMPLETE,3.825,102,5,0.330,7,1.300,0.370,6.000,0.025,0.090,0.080,0.900,true,false,1.000,0.528,8.865,0.882,0.884,0.879,0.879
53,COMPLETE,3.825,103,5,0.330,7,1.300,0.370,6.000,0.025,0.090,0.080,0.900,false,false,0.527,0.507,7.219,0.434,0.263,0.289,0.263
53,COMPLETE,3.825,104,5,0.330,7,1.300,0.370,6.000,0.025,0.090,0.080,0.900,true,false,1.000,0.516,8.544,0.833,0.801,0.812,0.801
54,COMPLETE,3.859,100,5,0.330,7,1.300,0.360,5.500,0.025,0.090,0.080,0.800,false,false,0.308,0.498,6.802,0.246,0.321,0.394,0.321
54,COMPLETE,3.859,101,5,0.330,7,1.300,0.360,5.500,0.025,0.090,0.080,0.800,true,false,1.000,0.493,8.110,0.844,0.793,0.787,0.787
54,COMPLETE,3.859,102,5,0.330,7,1.300,0.360,5.500,0.025,0.090,0.080,0.800,false,false,0.985,0.522,8.635,0.788,0.805,0.849,0.805
54,COMPLETE,3.859,103,5,0.330,7,1.300,0.360,5.500,0.025,0.090,0.080,0.800,true,false,1.000,0.492,8.314,0.883,0.800,0.801,0.800
54,COMPLETE,3.859,104,5,0.330,7,1.300,0.360,5.500,0.025,0.090,0.080,0.800,true,false,1.000,0.502,8.282,0.868,0.711,0.691,0.691
55,COMPLETE,3.972,100,7,0.330,7,1.300,0.370,5.500,0.035,0.090,0.080,0.900,true,false,1.000,0.580,9.484,0.882,0.709,0.738,0.709
55,COMPLETE,3.972,101,7,0.330,7,1.300,0.370,5.500,0.035,0.090,0.080,0.900,false,false,0.939,0.587,9.226,0.751,0.604,0.640,0.604
55,COMPLETE,3.972,102,7,0.330,7,1.300,0.370,5.500,0.035,0.090,0.080,0.900,true,false,1.000,0.591,9.618,0.839,0.813,0.787,0.787
55,COMPLETE,3.972,103,7,0.330,7,1.300,0.370,5.500,0.035,0.090,0.080,0.900,true,false,1.000,0.597,9.680,0.868,0.808,0.788,0.788
55,COMPLETE,3.972,104,7,0.330,7,1.300,0.370,5.500,0.035,0.090,0.080,0.900,false,false,0.922,0.586,9.168,0.738,0.685,0.763,0.685
56,COMPLETE,6.000,100,7,0.320,7,1.100,0.380,5.500,0.025,0.090,0.070,0.900,true,false,1.000,0.542,7.709,0.846,0.825,0.877,0.825
56,COMPLETE,6.000,101,7,0.320,7,1.100,0.380,5.500,0.025,0.090,0.070,0.900,true,false,1.000,0.619,9.100,0.895,0.898,0.919,0.898
56,COMPLETE,6.000,102,7,0.320,7,1.100,0.380,5.500,0.025,0.090,0.070,0.900,true,false,1.000,0.600,8.621,0.862,0.782,0.796,0.782
56,COMPLETE,6.000,103,7,0.320,7,1.100,0.380,5.500,0.025,0.090,0.070,0.900,true,false,1.000,0.603,8.706,0.859,0.832,0.818,0.818
56,COMPLETE,6.000,104,7,0.320,7,1.100,0.380,5.500,0.025,0.090,0.070,0.900,true,false,1.000,0.589,8.479,0.855,0.832,0.845,0.832
57,COMPLETE,4.989,100,7,0.320,8,1.100,0.350,5.500,0.035,0.100,0.070,0.900,true,false,1.000,0.570,7.382,0.864,0.797,0.732,0.732
57,COMPLETE,4.989,101,7,0.320,8,1.100,0.350,5.500,0.035,0.100,0.070,0.900,true,false,1.000,0.563,7.304,0.876,0.708,0.702,0.702
57,COMPLETE,4.989,102,7,0.320,8,1.100,0.350,5.500,0.035,0.100,0.070,0.900,true,false,1.000,0.598,7.686,0.818,0.769,0.792,0.769
57,COMPLETE,4.989,103,7,0.320,8,1.100,0.350,5.500,0.035,0.100,0.070,0.900,true,false,1.000,0.596,7.846,0.821,0.853,0.860,0.853
57,COMPLETE,4.989,104,7,0.320,8,1.100,0.350,5.500,0.035,0.100,0.070,0.900,false,false,0.944,0.559,7.091,0.756,0.833,0.814,0.814
58,COMPLETE,2.973,100,7,0.320,8,1.100,0.380,5.500,0.035,0.100,0.070,0.900,false,false,0.918,0.565,7.174,0.734,0.518,0.653,0.518
58,COMPLETE,2.973,101,7,0.320,8,1.100,0.380,5.500,0.035,0.100,0.070,0.900,true,false,1.000,0.592,8.025,0.891,0.845,0.874,0.845
58,COMPLETE,2.973,102,7,0.320,8,1.100,0.380,5.500,0.035,0.100,0.070,0.900,true,false,1.000,0.602,8.035,0.841,0.833,0.860,0.833
58,COMPLETE,2.973,103,7,0.320,8,1.100,0.380,5.500,0.035,0.100,0.070,0.900,false,false,0.996,0.577,7.205,0.796,0.606,0.588,0.588
58,COMPLETE,2.973,104,7,0.320,8,1.100,0.380,5.500,0.035,0.100,0.070,0.900,false,false,0.952,0.594,7.666,0.761,0.781,0.792,0.781
59,COMPLETE,4.983,100,8,0.300,8,1.100,0.390,6.000,0.020,0.100,0.070,0.900,true,false,1.000,0.612,9.183,0.831,0.823,0.836,0.823
59,COMPLETE,4.983,101,8,0.300,8,1.100,0.390,6.000,0.020,0.100,0.070,0.900,true,false,1.000,0.548,8.102,0.811,0.781,0.733,0.733
59,COMPLETE,4.983,102,8,0.300,8,1.100,0.390,6.000,0.020,0.100,0.070,0.900,true,false,1.000,0.558,8.201,0.840,0.657,0.529,0.529
59,COMPLETE,4.983,103,8,0.300,8,1.100,0.390,6.000,0.020,0.100,0.070,0.900,true,false,1.000,0.574,8.498,0.823,0.615,0.599,0.599
59,COMPLETE,4.983,104,8,0.300,8,1.100,0.390,6.000,0.020,0.100,0.070,0.900,false,false,0.913,0.604,8.790,0.730,0.685,0.670,0.670
60,COMPLETE,3.994,100,8,0.320,8,1.100,0.340,5.500,0.020,0.070,0.070,0.900,true,false,1.000,0.634,9.358,0.853,0.663,0.668,0.663
60,COMPLETE,3.994,101,8,0.320,8,1.100,0.340,5.500,0.020,0.070,0.070,0.900,true,false,1.000,0.647,9.636,0.871,0.721,0.698,0.698
60,COMPLETE,3.994,102,8,0.320,8,1.100,0.340,5.500,0.020,0.070,0.070,0.900,false,false,0.996,0.631,9.247,0.797,0.851,0.829,0.829
60,COMPLETE,3.994,103,8,0.320,8,1.100,0.340,5.500,0.020,0.070,0.070,0.900,true,false,1.000,0.665,9.905,0.871,0.826,0.845,0.826
60,COMPLETE,3.994,104,8,0.320,8,1.100,0.340,5.500,0.020,0.070,0.070,0.900,false,false,0.975,0.634,9.205,0.780,0.778,0.848,0.778
61,COMPLETE,3.983,100,8,0.310,6,1.100,0.350,5.500,0.020,0.070,0.070,0.800,true,false,1.000,0.566,8.172,0.810,0.734,0.599,0.599
61,COMPLETE,3.983,101,8,0.310,6,1.100,0.350,5.500,0.020,0.070,0.070,0.800,false,false,0.933,0.564,8.271,0.904,0.540,0.467,0.467
61,COMPLETE,3.983,102,8,0.310,6,1.100,0.350,5.500,0.020,0.070,0.070,0.800,false,false,0.979,0.594,8.476,0.783,0.635,0.730,0.635
61,COMPLETE,3.983,103,8,0.310,6,1.100,0.350,5.500,0.020,0.070,0.070,0.800,true,false,1.000,0.593,8.629,0.836,0.815,0.691,0.691
61,COMPLETE,3.983,104,8,0.310,6,1.100,0.350,5.500,0.020,0.070,0.070,0.800,true,false,1.000,0.593,8.692,0.858,0.713,0.640,0.640
62,COMPLETE,2.784,100,8,0.300,6,1.100,0.350,5.500,0.020,0.070,0.060,0.800,false,false,0.409,0.542,7.579,0.769,0.267,0.205,0.205
62,COMPLETE,2.784,101,8,0.300,6,1.100,0.350,5.500,0.020,0.070,0.060,0.800,false,false,0.886,0.571,7.952,0.709,0.551,0.631,0.551
62,COMPLETE,2.784,102,8,0.300,6,1.100,0.350,5.500,0.020,0.070,0.060,0.800,false,false,0.626,0.573,8.187,0.818,0.354,0.313,0.313
62,COMPLETE,2.784,103,8,0.300,6,1.100,0.350,5.500,0.020,0.070,0.060,0.800,true,false,1.000,0.574,8.312,0.830,0.736,0.780,0.736
62,COMPLETE,2.784,104,8,0.300,6,1.100,0.350,5.500,0.020,0.070,0.060,0.800,true,false,1.000,0.580,8.606,0.919,0.730,0.742,0.730
63,COMPLETE,2.898,100,8,0.300,6,1.000,0.350,5.500,0.030,0.070,0.090,0.800,false,false,0.649,0.583,6.505,0.690,0.404,0.325,0.325
63,COMPLETE,2.898,101,8,0.300,6,1.000,0.350,5.500,0.030,0.070,0.090,0.800,true,false,1.000,0.543,6.380,0.800,0.702,0.559,0.559
63,COMPLETE,2.898,102,8,0.300,6,1.000,0.350,5.500,0.030,0.070,0.090,0.800,false,false,0.967,0.589,6.915,0.773,0.848,0.870,0.848
63,COMPLETE,2.898,103,8,0.300,6,1.000,0.350,5.500,0.030,0.070,0.090,0.800,true,false,1.000,0.597,6.998,0.816,0.748,0.843,0.748
63,COMPLETE,2.898,104,8,0.300,6,1.000,0.350,5.500,0.030,0.070,0.090,0.800,false,false,0.873,0.587,6.636,0.699,0.760,0.821,0.760
64,COMPLETE,4.979,100,7,0.310,6,1.000,0.350,5.500,0.040,0.080,0.090,0.800,true,false,1.000,0.536,5.603,0.831,0.756,0.744,0.744
64,COMPLETE,4.979,101,7,0.310,6,1.000,0.350,5.500,0.040,0.080,0.090,0.800,true,false,1.000,0.593,6.431,0.882,0.885,0.865,0.865
64,COMPLETE,4.979,102,7,0.310,6,1.000,0.350,5.500,0.040,0.080,0.090,0.800,true,false,1.000,0.593,6.358,0.883,0.852,0.882,0.852
64,COMPLETE,4.979,103,7,0.310,6,1.000,0.350,5.500,0.040,0.080,0.090,0.800,true,false,1.000,0.543,5.575,0.818,0.797,0.692,0.692
64,COMPLETE,4.979,104,7,0.310,6,1.000,0.350,5.500,0.040,0.080,0.090,0.800,false,false,0.895,0.551,5.407,0.716,0.701,0.676,0.676
65,COMPLETE,3.989,100,7,0.300,6,1.000,0.350,5.500,0.040,0.080,0.090,0.800,false,false,0.964,0.520,5.027,0.772,0.714,0.652,0.652
65,COMPLETE,3.989,101,7,0.300,6,1.000,0.350,5.500,0.040,0.080,0.090,0.800,true,false,1.000,0.540,5.781,0.858,0.881,0.873,0.873
65,COMPLETE,3.989,102,7,0.300,6,1.000,0.350,5.500,0.040,0.080,0.090,0.800,false,false,0.979,0.528,5.189,0.783,0.774,0.764,0.764
65,COMPLETE,3.989,103,7,0.300,6,1.000,0.350,5.500,0.040,0.080,0.090,0.800,true,false,1.000,0.537,5.639,0.869,0.839,0.824,0.824
65,COMPLETE,3.989,104,7,0.300,6,1.000,0.350,5.500,0.040,0.080,0.090,0.800,true,false,1.000,0.544,5.459,0.801,0.595,0.676,0.595
66,COMPLETE,6.000,100,7,0.360,6,1.000,0.400,5.000,0.040,0.080,0.090,0.900,true,false,1.000,0.607,7.085,0.831,0.829,0.859,0.829
66,COMPLETE,6.000,101,7,0.360,6,1.000,0.400,5.000,0.040,0.080,0.090,0.900,true,false,1.000,0.610,7.252,0.867,0.806,0.754,0.754
66,COMPLETE,6.000,102,7,0.360,6,1.000,0.400,5.000,0.040,0.080,0.090,0.900,true,false,1.000,0.611,7.261,0.863,0.769,0.769,0.769
66,COMPLETE,6.000,103,7,0.360,6,1.000,0.400,5.000,0.040,0.080,0.090,0.900,true,false,1.000,0.626,7.258,0.812,0.850,0.838,0.838
66,COMPLETE,6.000,104,7,0.360,6,1.000,0.400,5.000,0.040,0.080,0.090,0.900,true,false,1.000,0.616,7.290,0.882,0.815,0.794,0.794
67,COMPLETE,4.999,100,7,0.290,8,1.000,0.430,5.000,0.035,0.090,0.060,0.900,true,false,1.000,0.553,6.590,0.835,0.785,0.744,0.744
67,COMPLETE,4.999,101,7,0.290,8,1.000,0.430,5.000,0.035,0.090,0.060,0.900,true,false,1.000,0.570,6.824,0.842,0.830,0.801,0.801
67,COMPLETE,4.999,102,7,0.290,8,1.000,0.430,5.000,0.035,0.090,0.060,0.900,true,false,1.000,0.599,7.365,0.885,0.833,0.819,0.819
67,COMPLETE,4.999,103,7,0.290,8,1.000,0.430,5.000,0.035,0.090,0.060,0.900,true,false,1.000,0.568,6.868,0.869,0.768,0.789,0.768
67,COMPLETE,4.999,104,7,0.290,8,1.000,0.430,5.000,0.035,0.090,0.060,0.900,false,false,0.993,0.566,6.538,0.795,0.746,0.743,0.743
68,COMPLETE,6.000,100,7,0.360,8,1.100,0.430,5.000,0.035,0.090,0.060,0.900,true,false,1.000,0.667,9.751,0.883,0.864,0.846,0.846
68,COMPLETE,6.000,101,7,0.360,8,1.100,0.430,5.000,0.035,0.090,0.060,0.900,true,false,1.000,0.656,9.341,0.806,0.862,0.854,0.854
68,COMPLETE,6.000,102,7,0.360,8,1.100,0.430,5.000,0.035,0.090,0.060,0.900,true,false,1.000,0.649,9.348,0.856,0.815,0.848,0.815
68,COMPLETE,6.000,103,7,0.360,8,1.100,0.430,5.000,0.035,0.090,0.060,0.900,true,false,1.000,0.619,8.715,0.808,0.702,0.715,0.702
68,COMPLETE,6.000,104,7,0.360,8,1.100,0.430,5.000,0.035,0.090,0.060,0.900,true,false,1.000,0.657,9.549,0.887,0.813,0.813,0.813
69,COMPLETE,6.000,100,7,0.360,8,1.100,0.320,5.000,0.035,0.090,0.060,0.700,true,false,1.000,0.660,8.963,0.900,0.772,0.743,0.743
69,COMPLETE,6.000,101,7,0.360,8,1.100,0.320,5.000,0.035,0.090,0.060,0.700,true,false,1.000,0.639,8.385,0.837,0.720,0.797,0.720
69,COMPLETE,6.000,102,7,0.360,8,1.100,0.320,5.000,0.035,0.090,0.060,0.700,true,false,1.000,0.623,8.194,0.854,0.861,0.788,0.788
69,COMPLETE,6.000,103,7,0.360,8,1.100,0.320,5.000,0.035,0.090,0.060,0.700,true,false,1.000,0.633,8.335,0.843,0.866,0.774,0.774
69,COMPLETE,6.000,104,7,0.360,8,1.100,0.320,5.000,0.035,0.090,0.060,0.700,true,false,1.000,0.622,8.300,0.847,0.690,0.791,0.690
70,COMPLETE,4.996,100,7,0.360,7,0.900,0.430,5.000,0.035,0.090,0.080,0.700,true,false,1.000,0.645,7.045,0.845,0.789,0.793,0.789
70,COMPLETE,4.996,101,7,0.360,7,0.900,0.430,5.000,0.035,0.090,0.080,0.700,false,false,0.981,0.621,6.627,0.785,0.821,0.763,0.763
70,COMPLETE,4.996,102,7,0.360,7,0.900,0.430,5.000,0.035,0.090,0.080,0.700,true,false,1.000,0.616,6.749,0.880,0.743,0.714,0.714
70,COMPLETE,4.996,103,7,0.360,7,0.900,0.430,5.000,0.035,0.090,0.080,0.700,true,false,1.000,0.638,6.899,0.856,0.840,0.806,0.806
70,COMPLETE,4.996,104,7,0.360,7,0.900,0.430,5.000,0.035,0.090,0.080,0.700,true,false,1.000,0.606,6.604,0.877,0.708,0.566,0.566
71,COMPLETE,4.994,100,7,0.360,8,0.900,0.430,5.000,0.035,0.090,0.060,0.700,true,false,1.000,0.605,6.598,0.844,0.766,0.689,0.689
71,COMPLETE,4.994,101,7,0.360,8,0.900,0.430,5.000,0.035,0.090,0.060,0.700,true,false,1.000,0.651,7.193,0.868,0.776,0.856,0.776
71,COMPLETE,4.994,102,7,0.360,8,0.900,0.430,5.000,0.035,0.090,0.060,0.700,false,false,0.972,0.633,6.694,0.778,0.814,0.818,0.814
71,COMPLETE,4.994,103,7,0.360,8,0.900,0.430,5.000,0.035,0.090,0.060,0.700,true,false,1.000,0.637,7.154,0.904,0.820,0.684,0.684
71,COMPLETE,4.994,104,7,0.360,8,0.900,0.430,5.000,0.035,0.090,0.060,0.700,true,false,1.000,0.631,7.026,0.889,0.754,0.763,0.754
72,COMPLETE,3.812,100,7,0.360,8,0.900,0.430,5.000,0.040,0.090,0.060,0.700,true,false,1.000,0.620,6.619,0.890,0.841,0.786,0.786
72,COMPLETE,3.812,101,7,0.360,8,0.900,0.430,5.000,0.040,0.090,0.060,0.700,true,false,1.000,0.648,6.878,0.858,0.778,0.834,0.778
72,COMPLETE,3.812,102,7,0.360,8,0.900,0.430,5.000,0.040,0.090,0.060,0.700,false,false,0.254,0.671,5.944,0.295,0.127,0.184,0.127
72,COMPLETE,3.812,103,7,0.360,8,0.900,0.430,5.000,0.040,0.090,0.060,0.700,true,false,1.000,0.634,6.662,0.862,0.786,0.776,0.776
72,COMPLETE,3.812,104,7,0.360,8,0.900,0.430,5.000,0.040,0.090,0.060,0.700,false,false,0.803,0.600,5.795,0.700,0.450,0.402,0.402
73,COMPLETE,3.812,100,7,0.360,8,0.900,0.430,5.000,0.040,0.090,0.060,0.700,true,false,1.000,0.620,6.619,0.890,0.841,0.786,0.786
73,COMPLETE,3.812,101,7,0.360,8,0.900,0.430,5.000,0.040,0.090,0.060,0.700,true,false,1.000,0.648,6.878,0.858,0.778,0.834,0.778
73,COMPLETE,3.812,102,7,0.360,8,0.900,0.430,5.000,0.040,0.090,0.060,0.700,false,false,0.254,0.671,5.944,0.295,0.127,0.184,0.127
73,COMPLETE,3.812,103,7,0.360,8,0.900,0.430,5.000,0.040,0.090,0.060,0.700,true,false,1.000,0.634,6.662,0.862,0.786,0.776,0.776
73,COMPLETE,3.812,104,7,0.360,8,0.900,0.430,5.000,0.040,0.090,0.060,0.700,false,false,0.803,0.600,5.795,0.700,0.450,0.402,0.402
74,COMPLETE,3.882,100,7,0.370,8,1.000,0.430,5.000,0.040,0.090,0.060,0.700,false,false,0.759,0.608,6.915,0.732,0.417,0.380,0.380
74,COMPLETE,3.882,101,7,0.370,8,1.000,0.430,5.000,0.040,0.090,0.060,0.700,true,false,1.000,0.664,8.312,0.896,0.734,0.700,0.700
74,COMPLETE,3.882,102,7,0.370,8,1.000,0.430,5.000,0.040,0.090,0.060,0.700,true,false,1.000,0.654,8.345,0.908,0.781,0.727,0.727
74,COMPLETE,3.882,103,7,0.370,8,1.000,0.430,5.000,0.040,0.090,0.060,0.700,false,false,0.652,0.630,6.767,0.564,0.326,0.397,0.326
74,COMPLETE,3.882,104,7,0.370,8,1.000,0.430,5.000,0.040,0.090,0.060,0.700,true,false,1.000,0.648,7.879,0.848,0.806,0.776,0.776
75,COMPLETE,3.800,100,7,0.380,8,1.000,0.410,5.000,0.045,0.090,0.060,0.700,true,false,1.000,0.653,7.431,0.809,0.790,0.761,0.761
75,COMPLETE,3.800,101,7,0.380,8,1.000,0.410,5.000,0.045,0.090,0.060,0.700,true,false,1.000,0.665,7.902,0.874,0.798,0.844,0.798
75,COMPLETE,3.800,102,7,0.380,8,1.000,0.410,5.000,0.045,0.090,0.060,0.700,true,false,1.000,0.684,8.195,0.826,0.851,0.848,0.848
75,COMPLETE,3.800,103,7,0.380,8,1.000,0.410,5.000,0.045,0.090,0.060,0.700,false,false,0.279,0.694,6.617,0.223,0.198,0.209,0.198
75,COMPLETE,3.800,104,7,0.380,8,1.000,0.410,5.000,0.045,0.090,0.060,0.700,false,false,0.723,0.639,6.832,0.605,0.361,0.432,0.361
76,COMPLETE,4.860,100,7,0.380,9,1.000,0.420,5.000,0.045,0.090,0.060,0.900,false,false,0.302,0.701,6.878,0.241,0.240,0.214,0.214
76,COMPLETE,4.860,101,7,0.380,9,1.000,0.420,5.000,0.045,0.090,0.060,0.900,true,false,1.000,0.637,7.531,0.824,0.620,0.623,0.620
76,COMPLETE,4.860,102,7,0.380,9,1.000,0.420,5.000,0.045,0.090,0.060,0.900,true,false,1.000,0.694,8.398,0.812,0.839,0.834,0.834
76,COMPLETE,4.860,103,7,0.380,9,1.000,0.420,5.000,0.045,0.090,0.060,0.900,true,false,1.000,0.638,7.890,0.906,0.810,0.816,0.810
76,COMPLETE,4.860,104,7,0.380,9,1.000,0.420,5.000,0.045,0.090,0.060,0.900,true,false,1.000,0.680,8.286,0.871,0.790,0.828,0.790
77,COMPLETE,4.904,100,7,0.370,8,1.000,0.400,5.000,0.045,0.090,0.060,0.900,true,false,1.000,0.650,7.483,0.855,0.817,0.829,0.817
77,COMPLETE,4.904,101,7,0.370,8,1.000,0.400,5.000,0.045,0.090,0.060,0.900,true,false,1.000,0.654,7.496,0.867,0.844,0.834,0.834
77,COMPLETE,4.904,102,7,0.370,8,1.000,0.400,5.000,0.045,0.090,0.060,0.900,true,false,1.000,0.653,7.709,0.854,0.769,0.775,0.769
77,COMPLETE,4.904,103,7,0.370,8,1.000,0.400,5.000,0.045,0.090,0.060,0.900,false,false,0.518,0.608,6.347,0.703,0.259,0.320,0.259
77,COMPLETE,4.904,104,7,0.370,8,1.000,0.400,5.000,0.045,0.090,0.060,0.900,true,false,1.000,0.646,7.653,0.874,0.691,0.704,0.691
78,COMPLETE,3.972,100,7,0.380,9,1.000,0.400,5.000,0.045,0.080,0.060,0.900,false,false,0.989,0.665,7.510,0.791,0.704,0.750,0.704
78,COMPLETE,3.972,101,7,0.380,9,1.000,0.400,5.000,0.045,0.080,0.060,0.900,true,false,1.000,0.707,8.430,0.874,0.850,0.786,0.786
78,COMPLETE,3.972,102,7,0.380,9,1.000,0.400,5.000,0.045,0.080,0.060,0.900,false,false,0.873,0.622,6.782,0.699,0.437,0.572,0.437
78,COMPLETE,3.972,103,7,0.380,9,1.000,0.400,5.000,0.045,0.080,0.060,0.900,true,false,1.000,0.671,8.093,0.886,0.699,0.749,0.699
78,COMPLETE,3.972,104,7,0.380,9,1.000,0.400,5.000,0.045,0.080,0.060,0.900,true,false,1.000,0.715,8.800,0.906,0.830,0.810,0.810
79,COMPLETE,4.959,100,8,0.380,9,1.000,0.410,5.000,0.030,0.080,0.060,0.900,true,false,1.000,0.685,9.380,0.903,0.772,0.750,0.750
79,COMPLETE,4.959,101,8,0.380,9,1.000,0.410,5.000,0.030,0.080,0.060,0.900,true,false,1.000,0.703,9.439,0.835,0.840,0.873,0.840
79,COMPLETE,4.959,102,8,0.380,9,1.000,0.410,5.000,0.030,0.080,0.060,0.900,false,false,0.797,0.690,8.675,0.638,0.543,0.520,0.520
79,COMPLETE,4.959,103,8,0.380,9,1.000,0.410,5.000,0.030,0.080,0.060,0.900,true,false,1.000,0.681,9.200,0.869,0.731,0.710,0.710
79,COMPLETE,4.959,104,8,0.380,9,1.000,0.410,5.000,0.030,0.080,0.060,0.900,true,false,1.000,0.676,9.104,0.884,0.655,0.679,0.655
80,COMPLETE,1.655,100,8,0.280,9,1.000,0.410,5.000,0.030,0.080,0.050,0.600,true,false,1.000,0.605,7.514,0.800,0.755,0.863,0.755
80,COMPLETE,1.655,101,8,0.280,9,1.000,0.410,5.000,0.030,0.080,0.050,0.600,false,false,0.504,0.585,6.314,0.412,0.252,0.277,0.252
80,COMPLETE,1.655,102,8,0.280,9,1.000,0.410,5.000,0.030,0.080,0.050,0.600,false,false,0.296,0.558,6.541,0.697,0.183,0.148,0.148
80,COMPLETE,1.655,103,8,0.280,9,1.000,0.410,5.000,0.030,0.080,0.050,0.600,false,false,0.907,0.543,6.453,0.726,0.567,0.599,0.567
80,COMPLETE,1.655,104,8,0.280,9,1.000,0.410,5.000,0.030,0.080,0.050,0.600,false,false,0.570,0.569,6.409,0.564,0.373,0.285,0.285
81,COMPLETE,3.933,100,8,0.280,6,1.100,0.310,5.000,0.030,0.080,0.050,0.900,false,false,0.749,0.525,6.746,0.861,0.375,0.413,0.375
81,COMPLETE,3.933,101,8,0.280,6,1.100,0.310,5.000,0.030,0.080,0.050,0.900,true,false,1.000,0.568,7.424,0.886,0.605,0.685,0.605
81,COMPLETE,3.933,102,8,0.280,6,1.100,0.310,5.000,0.030,0.080,0.050,0.900,true,false,1.000,0.568,7.481,0.884,0.819,0.775,0.775
81,COMPLETE,3.933,103,8,0.280,6,1.100,0.310,5.000,0.030,0.080,0.050,0.900,true,false,1.000,0.553,7.095,0.843,0.663,0.667,0.663
81,COMPLETE,3.933,104,8,0.280,6,1.100,0.310,5.000,0.030,0.080,0.050,0.900,false,false,0.914,0.558,7.063,0.794,0.610,0.457,0.457
82,COMPLETE,2.791,100,8,0.280,6,1.100,0.440,5.000,0.030,0.080,0.050,0.600,false,false,0.643,0.542,7.235,0.729,0.321,0.371,0.321
82,COMPLETE,2.791,101,8,0.280,6,1.100,0.440,5.000,0.030,0.080,0.050,0.600,true,false,1.000,0.564,8.053,0.883,0.826,0.848,0.826
82,COMPLETE,2.791,102,8,0.280,6,1.100,0.440,5.000,0.030,0.080,0.050,0.600,true,false,1.000,0.572,8.181,0.890,0.808,0.695,0.695
82,COMPLETE,2.791,103,8,0.280,6,1.100,0.440,5.000,0.030,0.080,0.050,0.600,false,false,0.416,0.532,7.246,0.825,0.289,0.208,0.208
82,COMPLETE,2.791,104,8,0.280,6,1.100,0.440,5.000,0.030,0.080,0.050,0.600,false,false,0.897,0.537,7.191,0.718,0.454,0.710,0.454
83,COMPLETE,2.726,100,8,0.350,6,1.100,0.310,5.000,0.035,0.080,0.050,0.600,false,false,0.550,0.635,7.711,0.565,0.275,0.327,0.275
83,COMPLETE,2.726,101,8,0.350,6,1.100,0.310,5.000,0.035,0.080,0.050,0.600,true,false,1.000,0.610,8.176,0.893,0.768,0.744,0.744
83,COMPLETE,2.726,102,8,0.350,6,1.100,0.310,5.000,0.035,0.080,0.050,0.600,true,false,1.000,0.614,8.175,0.882,0.776,0.862,0.776
83,COMPLETE,2.726,103,8,0.350,6,1.100,0.310,5.000,0.035,0.080,0.050,0.600,false,false,0.659,0.620,8.151,0.863,0.430,0.329,0.329
83,COMPLETE,2.726,104,8,0.350,6,1.100,0.310,5.000,0.035,0.080,0.050,0.600,false,false,0.419,0.613,7.780,0.788,0.209,0.216,0.209
84,COMPLETE,4.972,100,7,0.350,7,0.900,0.440,5.000,0.035,0.090,0.050,0.600,true,false,1.000,0.600,6.621,0.917,0.710,0.514,0.514
84,COMPLETE,4.972,101,7,0.350,7,0.900,0.440,5.000,0.035,0.090,0.050,0.600,true,false,1.000,0.622,6.846,0.886,0.850,0.807,0.807
84,COMPLETE,4.972,102,7,0.350,7,0.900,0.440,5.000,0.035,0.090,0.050,0.600,false,false,0.860,0.558,5.652,0.688,0.648,0.626,0.626
84,COMPLETE,4.972,103,7,0.350,7,0.900,0.440,5.000,0.035,0.090,0.050,0.600,true,false,1.000,0.634,6.916,0.851,0.788,0.780,0.780
84,COMPLETE,4.972,104,7,0.350,7,0.900,0.440,5.000,0.035,0.090,0.050,0.600,true,false,1.000,0.601,6.414,0.877,0.860,0.677,0.677
85,COMPLETE,6.000,100,7,0.350,7,0.900,0.440,5.000,0.035,0.090,0.080,0.600,true,false,1.000,0.613,6.587,0.822,0.817,0.759,0.759
85,COMPLETE,6.000,101,7,0.350,7,0.900,0.440,5.000,0.035,0.090,0.080,0.600,true,false,1.000,0.589,6.282,0.827,0.758,0.821,0.758
85,COMPLETE,6.000,102,7,0.350,7,0.900,0.440,5.000,0.035,0.090,0.080,0.600,true,false,1.000,0.616,6.614,0.816,0.745,0.799,0.745
85,COMPLETE,6.000,103,7,0.350,7,0.900,0.440,5.000,0.035,0.090,0.080,0.600,true,false,1.000,0.641,7.106,0.885,0.827,0.832,0.827
85,COMPLETE,6.000,104,7,0.350,7,0.900,0.440,5.000,0.035,0.090,0.080,0.600,true,false,1.000,0.587,6.192,0.824,0.511,0.671,0.511
86,COMPLETE,3.922,100,7,0.350,7,0.900,0.280,5.000,0.035,0.090,0.070,0.600,true,false,1.000,0.603,5.898,0.811,0.770,0.805,0.770
86,COMPLETE,3.922,101,7,0.350,7,0.900,0.280,5.000,0.035,0.090,0.070,0.600,false,false,0.621,0.565,4.891,0.497,0.411,0.358,0.358
86,COMPLETE,3.922,102,7,0.350,7,0.900,0.280,5.000,0.035,0.090,0.070,0.600,false,false,0.988,0.614,5.982,0.790,0.805,0.812,0.805
86,COMPLETE,3.922,103,7,0.350,7,0.900,0.280,5.000,0.035,0.090,0.070,0.600,true,false,1.000,0.637,6.275,0.851,0.781,0.880,0.781
86,COMPLETE,3.922,104,7,0.350,7,0.900,0.280,5.000,0.035,0.090,0.070,0.600,true,false,1.000,0.591,5.748,0.825,0.803,0.760,0.760
87,COMPLETE,6.000,100,7,0.340,7,0.900,0.440,5.000,0.035,0.090,0.080,0.800,true,false,1.000,0.615,6.719,0.893,0.728,0.717,0.717
87,COMPLETE,6.000,101,7,0.340,7,0.900,0.440,5.000,0.035,0.090,0.080,0.800,true,false,1.000,0.623,6.647,0.882,0.810,0.757,0.757
87,COMPLETE,6.000,102,7,0.340,7,0.900,0.440,5.000,0.035,0.090,0.080,0.800,true,false,1.000,0.617,6.542,0.814,0.809,0.772,0.772
87,COMPLETE,6.000,103,7,0.340,7,0.900,0.440,5.000,0.035,0.090,0.080,0.800,true,false,1.000,0.601,6.483,0.866,0.812,0.692,0.692
87,COMPLETE,6.000,104,7,0.340,7,0.900,0.440,5.000,0.035,0.090,0.080,0.800,true,false,1.000,0.621,6.672,0.854,0.810,0.839,0.810
88,COMPLETE,4.986,100,7,0.390,7,1.200,0.450,5.000,0.035,0.100,0.080,0.700,false,false,0.928,0.611,9.395,0.742,0.532,0.530,0.530
88,COMPLETE,4.986,101,7,0.390,7,1.200,0.450,5.000,0.035,0.100,0.080,0.700,true,false,1.000,0.627,10.299,0.871,0.800,0.782,0.782
88,COMPLETE,4.986,102,7,0.390,7,1.200,0.450,5.000,0.035,0.100,0.080,0.700,true,false,1.000,0.629,10.071,0.827,0.800,0.822,0.800
88,COMPLETE,4.986,103,7,0.390,7,1.200,0.450,5.000,0.035,0.100,0.080,0.700,true,false,1.000,0.657,10.665,0.872,0.775,0.844,0.775
88,COMPLETE,4.986,104,7,0.390,7,1.200,0.450,5.000,0.035,0.100,0.080,0.700,true,false,1.000,0.668,11.166,0.908,0.760,0.813,0.760
89,COMPLETE,3.935,100,7,0.340,7,1.200,0.450,5.000,0.040,0.100,0.070,0.500,false,false,0.980,0.583,8.654,0.784,0.633,0.753,0.633
89,COMPLETE,3.935,101,7,0.340,7,1.200,0.450,5.000,0.040,0.100,0.070,0.500,true,false,1.000,0.586,8.707,0.816,0.820,0.785,0.785
89,COMPLETE,3.935,102,7,0.340,7,1.200,0.450,5.000,0.040,0.100,0.070,0.500,true,false,1.000,0.600,9.055,0.851,0.719,0.761,0.719
89,COMPLETE,3.935,103,7,0.340,7,1.200,0.450,5.000,0.040,0.100,0.070,0.500,true,false,1.000,0.590,8.934,0.853,0.728,0.792,0.728
89,COMPLETE,3.935,104,7,0.340,7,1.200,0.450,5.000,0.040,0.100,0.070,0.500,false,false,0.697,0.578,8.214,0.740,0.362,0.348,0.348
90,COMPLETE,4.997,100,7,0.340,7,1.200,0.450,5.500,0.040,0.100,0.090,0.500,true,false,1.000,0.608,9.013,0.804,0.838,0.812,0.812
90,COMPLETE,4.997,101,7,0.340,7,1.200,0.450,5.500,0.040,0.100,0.090,0.500,true,false,1.000,0.616,9.334,0.846,0.766,0.783,0.766
90,COMPLETE,4.997,102,7,0.340,7,1.200,0.450,5.500,0.040,0.100,0.090,0.500,true,false,1.000,0.594,8.774,0.830,0.759,0.790,0.759
90,COMPLETE,4.997,103,7,0.340,7,1.200,0.450,5.500,0.040,0.100,0.090,0.500,false,false,0.983,0.583,8.637,0.787,0.751,0.777,0.751
90,COMPLETE,4.997,104,7,0.340,7,1.200,0.450,5.500,0.040,0.100,0.090,0.500,true,false,1.000,0.570,8.388,0.804,0.717,0.737,0.717
91,COMPLETE,4.981,100,7,0.340,7,0.800,0.450,5.500,0.040,0.100,0.090,0.500,false,false,0.903,0.589,4.847,0.722,0.839,0.777,0.777
91,COMPLETE,4.981,101,7,0.340,7,0.800,0.450,5.500,0.040,0.100,0.090,0.500,true,false,1.000,0.599,5.045,0.861,0.778,0.751,0.751
91,COMPLETE,4.981,102,7,0.340,7,0.800,0.450,5.500,0.040,0.100,0.090,0.500,true,false,1.000,0.587,4.769,0.837,0.687,0.811,0.687
91,COMPLETE,4.981,103,7,0.340,7,0.800,0.450,5.500,0.040,0.100,0.090,0.500,true,false,1.000,0.567,4.728,0.804,0.781,0.767,0.767
91,COMPLETE,4.981,104,7,0.340,7,0.800,0.450,5.500,0.040,0.100,0.090,0.500,true,false,1.000,0.569,4.727,0.892,0.644,0.715,0.644
92,COMPLETE,4.995,100,6,0.340,7,0.800,0.420,5.500,0.040,0.110,0.090,0.800,true,false,1.000,0.558,4.416,0.848,0.839,0.788,0.788
92,COMPLETE,4.995,101,6,0.340,7,0.800,0.420,5.500,0.040,0.110,0.090,0.800,true,false,1.000,0.561,4.225,0.822,0.782,0.814,0.782
92,COMPLETE,4.995,102,6,0.340,7,0.800,0.420,5.500,0.040,0.110,0.090,0.800,true,false,1.000,0.555,4.174,0.815,0.760,0.724,0.724
92,COMPLETE,4.995,103,6,0.340,7,0.800,0.420,5.500,0.040,0.110,0.090,0.800,true,false,1.000,0.513,3.796,0.832,0.793,0.749,0.749
92,COMPLETE,4.995,104,6,0.340,7,0.800,0.420,5.500,0.040,0.110,0.090,0.800,false,false,0.976,0.552,4.289,0.781,0.848,0.827,0.827
93,COMPLETE,4.995,100,6,0.340,7,0.800,0.420,5.500,0.040,0.110,0.090,0.800,true,false,1.000,0.558,4.416,0.848,0.839,0.788,0.788
93,COMPLETE,4.995,101,6,0.340,7,0.800,0.420,5.500,0.040,0.110,0.090,0.800,true,false,1.000,0.561,4.225,0.822,0.782,0.814,0.782
93,COMPLETE,4.995,102,6,0.340,7,0.800,0.420,5.500,0.040,0.110,0.090,0.800,true,false,1.000,0.555,4.174,0.815,0.760,0.724,0.724
93,COMPLETE,4.995,103,6,0.340,7,0.800,0.420,5.500,0.040,0.110,0.090,0.800,true,false,1.000,0.513,3.796,0.832,0.793,0.749,0.749
93,COMPLETE,4.995,104,6,0.340,7,0.800,0.420,5.500,0.040,0.110,0.090,0.800,false,false,0.976,0.552,4.289,0.781,0.848,0.827,0.827
94,COMPLETE,6.000,100,7,0.340,7,0.800,0.420,5.000,0.035,0.090,0.080,0.800,true,false,1.000,0.629,5.779,0.893,0.808,0.807,0.807
94,COMPLETE,6.000,101,7,0.340,7,0.800,0.420,5.000,0.035,0.090,0.080,0.800,true,false,1.000,0.605,5.530,0.877,0.724,0.759,0.724
94,COMPLETE,6.000,102,7,0.340,7,0.800,0.420,5.000,0.035,0.090,0.080,0.800,true,false,1.000,0.590,5.329,0.802,0.898,0.870,0.870
94,COMPLETE,6.000,103,7,0.340,7,0.800,0.420,5.000,0.035,0.090,0.080,0.800,true,false,1.000,0.566,5.129,0.859,0.806,0.819,0.806
94,COMPLETE,6.000,104,7,0.340,7,0.800,0.420,5.000,0.035,0.090,0.080,0.800,true,false,1.000,0.616,5.503,0.850,0.791,0.823,0.791
95,COMPLETE,6.000,100,7,0.360,6,0.900,0.440,5.000,0.035,0.090,0.080,0.800,true,false,1.000,0.632,6.929,0.872,0.854,0.793,0.793
95,COMPLETE,6.000,101,7,0.360,6,0.900,0.440,5.000,0.035,0.090,0.080,0.800,true,false,1.000,0.577,6.112,0.871,0.742,0.676,0.676
95,COMPLETE,6.000,102,7,0.360,6,0.900,0.440,5.000,0.035,0.090,0.080,0.800,true,false,1.000,0.604,6.448,0.809,0.785,0.828,0.785
95,COMPLETE,6.000,103,7,0.360,6,0.900,0.440,5.000,0.035,0.090,0.080,0.800,true,false,1.000,0.611,6.458,0.809,0.841,0.859,0.841
95,COMPLETE,6.000,104,7,0.360,6,0.900,0.440,5.000,0.035,0.090,0.080,0.800,true,false,1.000,0.586,6.507,0.865,0.836,0.791,0.791
96,COMPLETE,6.000,100,7,0.360,10,0.900,0.440,5.000,0.035,0.090,0.080,0.900,true,false,1.000,0.648,7.183,0.812,0.774,0.784,0.774
96,COMPLETE,6.000,101,7,0.360,10,0.900,0.440,5.000,0.035,0.090,0.080,0.900,true,false,1.000,0.638,7.213,0.869,0.821,0.848,0.821
96,COMPLETE,6.000,102,7,0.360,10,0.900,0.440,5.000,0.035,0.090,0.080,0.900,true,false,1.000,0.658,7.513,0.876,0.831,0.857,0.831
96,COMPLETE,6.000,103,7,0.360,10,0.900,0.440,5.000,0.035,0.090,0.080,0.900,true,false,1.000,0.654,7.355,0.887,0.706,0.716,0.706
96,COMPLETE,6.000,104,7,0.360,10,0.900,0.440,5.000,0.035,0.090,0.080,0.900,true,false,1.000,0.640,7.042,0.807,0.753,0.793,0.753
97,COMPLETE,6.000,100,7,0.370,13,0.900,0.440,5.000,0.035,0.090,0.080,0.900,true,false,1.000,0.702,8.315,0.872,0.843,0.876,0.843
97,COMPLETE,6.000,101,7,0.370,13,0.900,0.440,5.000,0.035,0.090,0.080,0.900,true,false,1.000,0.678,7.697,0.813,0.815,0.819,0.815
97,COMPLETE,6.000,102,7,0.370,13,0.900,0.440,5.000,0.035,0.090,0.080,0.900,true,false,1.000,0.694,7.992,0.850,0.888,0.856,0.856
97,COMPLETE,6.000,103,7,0.370,13,0.900,0.440,5.000,0.035,0.090,0.080,0.900,true,false,1.000,0.664,7.635,0.857,0.841,0.793,0.793
97,COMPLETE,6.000,104,7,0.370,13,0.900,0.440,5.000,0.035,0.090,0.080,0.900,true,false,1.000,0.641,7.085,0.829,0.644,0.664,0.644
98,COMPLETE,6.000,100,7,0.360,6,0.800,0.440,5.000,0.035,0.090,0.080,0.800,true,false,1.000,0.598,5.473,0.878,0.660,0.564,0.564
98,COMPLETE,6.000,101,7,0.360,6,0.800,0.440,5.000,0.035,0.090,0.080,0.800,true,false,1.000,0.620,5.712,0.892,0.841,0.815,0.815
98,COMPLETE,6.000,102,7,0.360,6,0.800,0.440,5.000,0.035,0.090,0.080,0.800,true,false,1.000,0.577,5.271,0.850,0.767,0.777,0.767
98,COMPLETE,6.000,103,7,0.360,6,0.800,0.440,5.000,0.035,0.090,0.080,0.800,true,false,1.000,0.618,5.766,0.906,0.815,0.794,0.794
98,COMPLETE,6.000,104,7,0.360,6,0.800,0.440,5.000,0.035,0.090,0.080,0.800,true,false,1.000,0.614,5.724,0.889,0.820,0.843,0.820
99,COMPLETE,4.999,100,7,0.350,6,0.800,0.390,5.000,0.030,0.090,0.080,0.800,true,false,1.000,0.590,5.450,0.842,0.718,0.727,0.718
99,COMPLETE,4.999,101,7,0.350,6,0.800,0.390,5.000,0.030,0.090,0.080,0.800,false,false,0.997,0.592,5.430,0.797,0.813,0.835,0.813
99,COMPLETE,4.999,102,7,0.350,6,0.800,0.390,5.000,0.030,0.090,0.080,0.800,true,false,1.000,0.602,5.554,0.804,0.766,0.734,0.734
99,COMPLETE,4.999,103,7,0.350,6,0.800,0.390,5.000,0.030,0.090,0.080,0.800,true,false,1.000,0.628,5.825,0.842,0.810,0.792,0.792
99,COMPLETE,4.999,104,7,0.350,6,0.800,0.390,5.000,0.030,0.090,0.080,0.800,true,false,1.000,0.579,5.382,0.833,0.815,0.751,0.751
100,COMPLETE,4.897,100,7,0.370,6,0.800,0.390,5.000,0.030,0.090,0.080,0.800,true,false,1.000,0.592,5.526,0.810,0.584,0.557,0.557
100,COMPLETE,4.897,101,7,0.370,6,0.800,0.390,5.000,0.030,0.090,0.080,0.800,true,false,1.000,0.616,5.806,0.826,0.770,0.798,0.770
100,COMPLETE,4.897,102,7,0.370,6,0.800,0.390,5.000,0.030,0.090,0.080,0.800,true,false,1.000,0.611,5.739,0.854,0.739,0.741,0.739
100,COMPLETE,4.897,103,7,0.370,6,0.800,0.390,5.000,0.030,0.090,0.080,0.800,true,false,1.000,0.610,5.790,0.834,0.766,0.782,0.766
100,COMPLETE,4.897,104,7,0.370,6,0.800,0.390,5.000,0.030,0.090,0.080,0.800,false,false,0.483,0.577,5.237,0.837,0.241,0.339,0.241
101,COMPLETE,3.950,100,7,0.350,6,0.800,0.390,5.000,0.030,0.080,0.070,0.800,true,false,1.000,0.591,5.558,0.867,0.759,0.799,0.759
101,COMPLETE,3.950,101,7,0.350,6,0.800,0.390,5.000,0.030,0.080,0.070,0.800,false,false,0.983,0.575,5.183,0.795,0.564,0.491,0.491
101,COMPLETE,3.950,102,7,0.350,6,0.800,0.390,5.000,0.030,0.080,0.070,0.800,true,false,1.000,0.609,5.663,0.829,0.821,0.771,0.771
101,COMPLETE,3.950,103,7,0.350,6,0.800,0.390,5.000,0.030,0.080,0.070,0.800,true,false,1.000,0.623,5.846,0.834,0.822,0.844,0.822
101,COMPLETE,3.950,104,7,0.350,6,0.800,0.390,5.000,0.030,0.080,0.070,0.800,false,false,0.766,0.592,5.170,0.687,0.386,0.383,0.383
102,COMPLETE,3.967,100,7,0.350,7,0.800,0.390,5.000,0.030,0.080,0.100,0.800,true,false,1.000,0.627,5.910,0.818,0.818,0.843,0.818
102,COMPLETE,3.967,101,7,0.350,7,0.800,0.390,5.000,0.030,0.080,0.100,0.800,false,false,0.885,0.567,5.153,0.775,0.442,0.475,0.442
102,COMPLETE,3.967,102,7,0.350,7,0.800,0.390,5.000,0.030,0.080,0.100,0.800,true,false,1.000,0.621,5.812,0.818,0.826,0.883,0.826
102,COMPLETE,3.967,103,7,0.350,7,0.800,0.390,5.000,0.030,0.080,0.100,0.800,true,false,1.000,0.588,5.360,0.805,0.749,0.736,0.736
102,COMPLETE,3.967,104,7,0.350,7,0.800,0.390,5.000,0.030,0.080,0.100,0.800,false,false,0.951,0.604,5.509,0.761,0.867,0.900,0.867
103,COMPLETE,4.988,100,7,0.350,7,1.100,0.400,5.500,0.030,0.080,0.070,0.800,true,false,1.000,0.611,8.690,0.869,0.849,0.839,0.839
103,COMPLETE,4.988,101,7,0.350,7,1.100,0.400,5.500,0.030,0.080,0.070,0.800,true,false,1.000,0.607,8.522,0.847,0.783,0.682,0.682
103,COMPLETE,4.988,102,7,0.350,7,1.100,0.400,5.500,0.030,0.080,0.070,0.800,true,false,1.000,0.608,8.514,0.826,0.887,0.889,0.887
103,COMPLETE,4.988,103,7,0.350,7,1.100,0.400,5.500,0.030,0.080,0.070,0.800,true,false,1.000,0.624,8.875,0.824,0.840,0.807,0.807
103,COMPLETE,4.988,104,7,0.350,7,1.100,0.400,5.500,0.030,0.080,0.070,0.800,false,false,0.941,0.640,8.850,0.753,0.877,0.846,0.846
104,COMPLETE,3.968,100,7,0.350,6,0.900,0.410,5.000,0.035,0.080,0.070,0.800,false,false,0.909,0.591,6.003,0.727,0.722,0.657,0.657
104,COMPLETE,3.968,101,7,0.350,6,0.900,0.410,5.000,0.035,0.080,0.070,0.800,true,false,1.000,0.612,6.571,0.853,0.828,0.801,0.801
104,COMPLETE,3.968,102,7,0.350,6,0.900,0.410,5.000,0.035,0.080,0.070,0.800,true,false,1.000,0.586,6.007,0.817,0.573,0.511,0.511
104,COMPLETE,3.968,103,7,0.350,6,0.900,0.410,5.000,0.035,0.080,0.070,0.800,false,false,0.931,0.569,5.811,0.745,0.820,0.768,0.768
104,COMPLETE,3.968,104,7,0.350,6,0.900,0.410,5.000,0.035,0.080,0.070,0.800,true,false,1.000,0.595,6.141,0.867,0.826,0.858,0.826
105,COMPLETE,4.995,100,7,0.350,7,0.900,0.400,5.000,0.035,0.100,0.080,0.800,true,false,1.000,0.626,6.735,0.858,0.752,0.705,0.705
105,COMPLETE,4.995,101,7,0.350,7,0.900,0.400,5.000,0.035,0.100,0.080,0.800,true,false,1.000,0.626,6.758,0.851,0.792,0.820,0.792
105,COMPLETE,4.995,102,7,0.350,7,0.900,0.400,5.000,0.035,0.100,0.080,0.800,false,false,0.976,0.582,5.856,0.781,0.693,0.729,0.693
105,COMPLETE,4.995,103,7,0.350,7,0.900,0.400,5.000,0.035,0.100,0.080,0.800,true,false,1.000,0.596,6.336,0.888,0.860,0.848,0.848
105,COMPLETE,4.995,104,7,0.350,7,0.900,0.400,5.000,0.035,0.100,0.080,0.800,true,false,1.000,0.557,5.797,0.850,0.614,0.747,0.614
106,COMPLETE,6.000,100,7,0.360,7,0.900,0.410,5.000,0.035,0.100,0.080,0.800,true,false,1.000,0.624,6.774,0.846,0.766,0.756,0.756
106,COMPLETE,6.000,101,7,0.360,7,0.900,0.410,5.000,0.035,0.100,0.080,0.800,true,false,1.000,0.615,6.652,0.852,0.668,0.748,0.668
106,COMPLETE,6.000,102,7,0.360,7,0.900,0.410,5.000,0.035,0.100,0.080,0.800,true,false,1.000,0.631,6.949,0.881,0.859,0.875,0.859
106,COMPLETE,6.000,103,7,0.360,7,0.900,0.410,5.000,0.035,0.100,0.080,0.800,true,false,1.000,0.616,6.501,0.834,0.670,0.726,0.670
106,COMPLETE,6.000,104,7,0.360,7,0.900,0.410,5.000,0.035,0.100,0.080,0.800,true,false,1.000,0.596,6.618,0.935,0.767,0.751,0.751
107,COMPLETE,4.986,100,7,0.360,7,1.100,0.420,5.500,0.035,0.100,0.080,0.800,true,false,1.000,0.573,7.854,0.870,0.760,0.709,0.709
107,COMPLETE,4.986,101,7,0.360,7,1.100,0.420,5.500,0.035,0.100,0.080,0.800,false,false,0.929,0.599,7.990,0.743,0.779,0.745,0.745
107,COMPLETE,4.986,102,7,0.360,7,1.100,0.420,5.500,0.035,0.100,0.080,0.800,true,false,1.000,0.638,8.786,0.826,0.781,0.794,0.781
107,COMPLETE,4.986,103,7,0.360,7,1.100,0.420,5.500,0.035,0.100,0.080,0.800,true,false,1.000,0.615,8.353,0.817,0.832,0.800,0.800
107,COMPLETE,4.986,104,7,0.360,7,1.100,0.420,5.500,0.035,0.100,0.080,0.800,true,false,1.000,0.638,8.912,0.854,0.774,0.817,0.774
108,COMPLETE,4.989,100,7,0.360,7,0.900,0.420,5.000,0.035,0.100,0.080,0.800,true,false,1.000,0.619,6.759,0.836,0.747,0.732,0.732
108,COMPLETE,4.989,101,7,0.360,7,0.900,0.420,5.000,0.035,0.100,0.080,0.800,false,false,0.946,0.621,6.433,0.757,0.766,0.767,0.766
108,COMPLETE,4.989,102,7,0.360,7,0.900,0.420,5.000,0.035,0.100,0.080,0.800,true,false,1.000,0.594,6.433,0.852,0.800,0.752,0.752
108,COMPLETE,4.989,103,7,0.360,7,0.900,0.420,5.000,0.035,0.100,0.080,0.800,true,false,1.000,0.611,6.556,0.820,0.708,0.717,0.708
108,COMPLETE,4.989,104,7,0.360,7,0.900,0.420,5.000,0.035,0.100,0.080,0.800,true,false,1.000,0.584,6.251,0.835,0.716,0.757,0.716
109,COMPLETE,6.000,100,7,0.360,8,1.100,0.420,5.500,0.035,0.090,0.080,0.800,true,false,1.000,0.630,8.782,0.840,0.772,0.792,0.772
109,COMPLETE,6.000,101,7,0.360,8,1.100,0.420,5.500,0.035,0.090,0.080,0.800,true,false,1.000,0.642,9.101,0.907,0.822,0.850,0.822
109,COMPLETE,6.000,102,7,0.360,8,1.100,0.420,5.500,0.035,0.090,0.080,0.800,true,false,1.000,0.623,8.584,0.801,0.829,0.772,0.772
109,COMPLETE,6.000,103,7,0.360,8,1.100,0.420,5.500,0.035,0.090,0.080,0.800,true,false,1.000,0.644,9.184,0.873,0.839,0.853,0.839
109,COMPLETE,6.000,104,7,0.360,8,1.100,0.420,5.500,0.035,0.090,0.080,0.800,true,false,1.000,0.661,9.234,0.830,0.800,0.817,0.800
110,COMPLETE,1.483,100,6,0.390,8,1.100,0.420,5.500,0.025,0.090,0.040,0.700,false,false,0.218,0.653,7.800,0.175,0.305,0.250,0.250
110,COMPLETE,1.483,101,6,0.390,8,1.100,0.420,5.500,0.025,0.090,0.040,0.700,false,false,0.365,0.635,7.877,0.292,0.237,0.217,0.217
110,COMPLETE,1.483,102,6,0.390,8,1.100,0.420,5.500,0.025,0.090,0.040,0.700,true,false,1.000,0.626,9.556,0.908,0.806,0.801,0.801
110,COMPLETE,1.483,103,6,0.390,8,1.100,0.420,5.500,0.025,0.090,0.040,0.700,false,false,0.466,0.621,7.928,0.373,0.341,0.335,0.335
110,COMPLETE,1.483,104,6,0.390,8,1.100,0.420,5.500,0.025,0.090,0.040,0.700,false,false,0.364,0.623,7.691,0.291,0.270,0.221,0.221
111,COMPLETE,1.551,100,6,0.330,8,1.200,0.430,5.000,0.025,0.090,0.040,0.700,false,false,0.444,0.539,7.668,0.506,0.260,0.222,0.222
111,COMPLETE,1.551,101,6,0.330,8,1.200,0.430,5.000,0.025,0.090,0.040,0.700,true,false,1.000,0.560,9.308,0.902,0.768,0.691,0.691
111,COMPLETE,1.551,102,6,0.330,8,1.200,0.430,5.000,0.025,0.090,0.040,0.700,false,false,0.394,0.491,6.959,0.473,0.197,0.276,0.197
111,COMPLETE,1.551,103,6,0.330,8,1.200,0.430,5.000,0.025,0.090,0.040,0.700,false,false,0.494,0.522,7.288,0.476,0.247,0.257,0.247
111,COMPLETE,1.551,104,6,0.330,8,1.200,0.430,5.000,0.025,0.090,0.040,0.700,false,false,0.422,0.580,7.967,0.337,0.312,0.310,0.310
112,COMPLETE,1.590,100,6,0.330,8,1.200,0.250,5.500,0.025,0.090,0.070,0.700,false,false,0.570,0.534,6.964,0.456,0.293,0.308,0.293
112,COMPLETE,1.590,101,6,0.330,8,1.200,0.250,5.500,0.025,0.090,0.070,0.700,true,false,1.000,0.585,8.496,0.843,0.834,0.843,0.834
112,COMPLETE,1.590,102,6,0.330,8,1.200,0.250,5.500,0.025,0.090,0.070,0.700,false,false,0.794,0.565,7.696,0.635,0.719,0.608,0.608
112,COMPLETE,1.590,103,6,0.330,8,1.200,0.250,5.500,0.025,0.090,0.070,0.700,false,false,0.173,0.598,7.474,0.138,0.266,0.275,0.266
112,COMPLETE,1.590,104,6,0.330,8,1.200,0.250,5.500,0.025,0.090,0.070,0.700,false,false,0.415,0.572,7.337,0.332,0.260,0.293,0.260
113,COMPLETE,3.981,100,6,0.330,6,1.200,0.430,5.000,0.025,0.090,0.070,0.700,false,false,0.978,0.548,8.645,0.782,0.853,0.814,0.814
113,COMPLETE,3.981,101,6,0.330,6,1.200,0.430,5.000,0.025,0.090,0.070,0.700,true,false,1.000,0.541,8.726,0.856,0.805,0.846,0.805
113,COMPLETE,3.981,102,6,0.330,6,1.200,0.430,5.000,0.025,0.090,0.070,0.700,false,false,0.927,0.528,8.154,0.742,0.600,0.635,0.600
113,COMPLETE,3.981,103,6,0.330,6,1.200,0.430,5.000,0.025,0.090,0.070,0.700,true,false,1.000,0.539,8.579,0.845,0.790,0.776,0.776
113,COMPLETE,3.981,104,6,0.330,6,1.200,0.430,5.000,0.025,0.090,0.070,0.700,true,false,1.000,0.541,8.703,0.838,0.859,0.840,0.840
114,COMPLETE,6.000,100,7,0.370,10,0.900,0.440,5.000,0.035,0.090,0.080,0.900,true,false,1.000,0.654,7.254,0.853,0.731,0.781,0.731
114,COMPLETE,6.000,101,7,0.370,10,0.900,0.440,5.000,0.035,0.090,0.080,0.900,true,false,1.000,0.666,7.567,0.840,0.823,0.872,0.823
114,COMPLETE,6.000,102,7,0.370,10,0.900,0.440,5.000,0.035,0.090,0.080,0.900,true,false,1.000,0.647,7.347,0.855,0.772,0.785,0.772
114,COMPLETE,6.000,103,7,0.370,10,0.900,0.440,5.000,0.035,0.090,0.080,0.900,true,false,1.000,0.699,7.978,0.847,0.758,0.827,0.758
114,COMPLETE,6.000,104,7,0.370,10,0.900,0.440,5.000,0.035,0.090,0.080,0.900,true,false,1.000,0.683,7.744,0.847,0.817,0.828,0.817
115,COMPLETE,6.000,100,7,0.340,10,0.900,0.440,5.000,0.035,0.090,0.080,0.900,true,false,1.000,0.647,7.061,0.846,0.802,0.816,0.802
115,COMPLETE,6.000,101,7,0.340,10,0.900,0.440,5.000,0.035,0.090,0.080,0.900,true,false,1.000,0.650,7.072,0.814,0.771,0.837,0.771
115,COMPLETE,6.000,102,7,0.340,10,0.900,0.440,5.000,0.035,0.090,0.080,0.900,true,false,1.000,0.620,6.896,0.865,0.780,0.768,0.768
115,COMPLETE,6.000,103,7,0.340,10,0.900,0.440,5.000,0.035,0.090,0.080,0.900,true,false,1.000,0.640,7.079,0.861,0.789,0.804,0.789
115,COMPLETE,6.000,104,7,0.340,10,0.900,0.440,5.000,0.035,0.090,0.080,0.900,true,false,1.000,0.649,7.203,0.836,0.795,0.787,0.787
116,COMPLETE,6.000,100,7,0.370,10,0.900,0.440,5.000,0.035,0.090,0.080,0.900,true,false,1.000,0.654,7.254,0.853,0.731,0.781,0.731
116,COMPLETE,6.000,101,7,0.370,10,0.900,0.440,5.000,0.035,0.090,0.080,0.900,true,false,1.000,0.666,7.567,0.840,0.823,0.872,0.823
116,COMPLETE,6.000,102,7,0.370,10,0.900,0.440,5.000,0.035,0.090,0.080,0.900,true,false,1.000,0.647,7.347,0.855,0.772,0.785,0.772
116,COMPLETE,6.000,103,7,0.370,10,0.900,0.440,5.000,0.035,0.090,0.080,0.900,true,false,1.000,0.699,7.978,0.847,0.758,0.827,0.758
116,COMPLETE,6.000,104,7,0.370,10,0.900,0.440,5.000,0.035,0.090,0.080,0.900,true,false,1.000,0.683,7.744,0.847,0.817,0.828,0.817
117,COMPLETE,6.000,100,7,0.370,10,0.900,0.440,5.000,0.035,0.090,0.080,0.900,true,false,1.000,0.654,7.254,0.853,0.731,0.781,0.731
117,COMPLETE,6.000,101,7,0.370,10,0.900,0.440,5.000,0.035,0.090,0.080,0.900,true,false,1.000,0.666,7.567,0.840,0.823,0.872,0.823
117,COMPLETE,6.000,102,7,0.370,10,0.900,0.440,5.000,0.035,0.090,0.080,0.900,true,false,1.000,0.647,7.347,0.855,0.772,0.785,0.772
117,COMPLETE,6.000,103,7,0.370,10,0.900,0.440,5.000,0.035,0.090,0.080,0.900,true,false,1.000,0.699,7.978,0.847,0.758,0.827,0.758
117,COMPLETE,6.000,104,7,0.370,10,0.900,0.440,5.000,0.035,0.090,0.080,0.900,true,false,1.000,0.683,7.744,0.847,0.817,0.828,0.817
118,COMPLETE,6.000,100,7,0.340,10,0.900,0.440,5.000,0.035,0.090,0.090,0.900,true,false,1.000,0.636,7.152,0.898,0.717,0.731,0.717
118,COMPLETE,6.000,101,7,0.340,10,0.900,0.440,5.000,0.035,0.090,0.090,0.900,true,false,1.000,0.679,7.670,0.875,0.770,0.757,0.757
118,COMPLETE,6.000,102,7,0.340,10,0.900,0.440,5.000,0.035,0.090,0.090,0.900,true,false,1.000,0.672,7.505,0.849,0.859,0.871,0.859
118,COMPLETE,6.000,103,7,0.340,10,0.900,0.440,5.000,0.035,0.090,0.090,0.900,true,false,1.000,0.639,7.007,0.845,0.834,0.810,0.810
118,COMPLETE,6.000,104,7,0.340,10,0.900,0.440,5.000,0.035,0.090,0.090,0.900,true,false,1.000,0.659,7.410,0.855,0.843,0.849,0.843
119,COMPLETE,1.407,100,7,0.200,11,0.900,0.450,5.000,0.035,0.090,0.090,0.900,false,false,0.246,0.459,3.213,0.197,0.228,0.258,0.228
119,COMPLETE,1.407,101,7,0.200,11,0.900,0.450,5.000,0.035,0.090,0.090,0.900,false,false,0.286,0.436,2.903,0.229,0.307,0.281,0.281
119,COMPLETE,1.407,102,7,0.200,11,0.900,0.450,5.000,0.035,0.090,0.090,0.900,false,false,0.261,0.475,3.312,0.288,0.139,0.130,0.130
119,COMPLETE,1.407,103,7,0.200,11,0.900,0.450,5.000,0.035,0.090,0.090,0.900,true,false,1.000,0.446,3.863,0.827,0.862,0.872,0.862
119,COMPLETE,1.407,104,7,0.200,11,0.900,0.450,5.000,0.035,0.090,0.090,0.900,false,false,0.244,0.471,3.347,0.195,0.141,0.186,0.141
120,COMPLETE,6.000,100,7,0.320,11,0.900,0.450,5.000,0.035,0.090,0.080,0.900,true,false,1.000,0.643,7.257,0.891,0.827,0.820,0.820
120,COMPLETE,6.000,101,7,0.320,11,0.900,0.450,5.000,0.035,0.090,0.080,0.900,true,false,1.000,0.625,6.931,0.866,0.794,0.780,0.780
120,COMPLETE,6.000,102,7,0.320,11,0.900,0.450,5.000,0.035,0.090,0.080,0.900,true,false,1.000,0.614,6.921,0.891,0.835,0.862,0.835
120,COMPLETE,6.000,103,7,0.320,11,0.900,0.450,5.000,0.035,0.090,0.080,0.900,true,false,1.000,0.613,6.795,0.845,0.780,0.770,0.770
120,COMPLETE,6.000,104,7,0.320,11,0.900,0.450,5.000,0.035,0.090,0.080,0.900,true,false,1.000,0.624,6.988,0.833,0.839,0.847,0.839
121,COMPLETE,3.992,100,7,0.320,6,0.900,0.430,5.000,0.040,0.090,0.090,0.900,false,false,0.978,0.528,4.983,0.783,0.747,0.725,0.725
121,COMPLETE,3.992,101,7,0.320,6,0.900,0.430,5.000,0.040,0.090,0.090,0.900,true,false,1.000,0.572,5.469,0.817,0.793,0.751,0.751
121,COMPLETE,3.992,102,7,0.320,6,0.900,0.430,5.000,0.040,0.090,0.090,0.900,true,false,1.000,0.562,5.489,0.821,0.779,0.846,0.779
121,COMPLETE,3.992,103,7,0.320,6,0.900,0.430,5.000,0.040,0.090,0.090,0.900,true,false,1.000,0.564,5.578,0.835,0.785,0.801,0.785
121,COMPLETE,3.992,104,7,0.320,6,0.900,0.430,5.000,0.040,0.090,0.090,0.900,false,false,0.981,0.536,5.069,0.785,0.724,0.647,0.647
122,COMPLETE,4.985,100,7,0.400,11,1.000,0.450,5.000,0.040,0.100,0.090,0.900,true,false,1.000,0.678,8.638,0.805,0.795,0.752,0.752
122,COMPLETE,4.985,101,7,0.400,11,1.000,0.450,5.000,0.040,0.100,0.090,0.900,true,false,1.000,0.701,9.202,0.889,0.852,0.825,0.825
122,COMPLETE,4.985,102,7,0.400,11,1.000,0.450,5.000,0.040,0.100,0.090,0.900,true,false,1.000,0.707,9.244,0.855,0.791,0.734,0.734
122,COMPLETE,4.985,103,7,0.400,11,1.000,0.450,5.000,0.040,0.100,0.090,0.900,false,false,0.926,0.680,8.392,0.741,0.580,0.613,0.580
122,COMPLETE,4.985,104,7,0.400,11,1.000,0.450,5.000,0.040,0.100,0.090,0.900,true,false,1.000,0.632,7.934,0.845,0.614,0.560,0.560
123,COMPLETE,3.762,100,7,0.320,11,1.000,0.430,5.000,0.040,0.100,0.050,0.900,true,false,1.000,0.641,7.916,0.900,0.863,0.869,0.863
123,COMPLETE,3.762,101,7,0.320,11,1.000,0.430,5.000,0.040,0.100,0.050,0.900,true,false,1.000,0.602,7.139,0.891,0.802,0.740,0.740
123,COMPLETE,3.762,102,7,0.320,11,1.000,0.430,5.000,0.040,0.100,0.050,0.900,false,false,0.426,0.616,6.098,0.345,0.237,0.213,0.213
123,COMPLETE,3.762,103,7,0.320,11,1.000,0.430,5.000,0.040,0.100,0.050,0.900,false,false,0.385,0.594,5.926,0.308,0.218,0.239,0.218
123,COMPLETE,3.762,104,7,0.320,11,1.000,0.430,5.000,0.040,0.100,0.050,0.900,true,false,1.000,0.640,7.773,0.904,0.782,0.843,0.782
124,COMPLETE,6.000,100,7,0.360,14,0.900,0.430,5.000,0.035,0.090,0.080,0.900,true,false,1.000,0.689,7.880,0.853,0.792,0.791,0.791
124,COMPLETE,6.000,101,7,0.360,14,0.900,0.430,5.000,0.035,0.090,0.080,0.900,true,false,1.000,0.635,7.103,0.829,0.708,0.796,0.708
124,COMPLETE,6.000,102,7,0.360,14,0.900,0.430,5.000,0.035,0.090,0.080,0.900,true,false,1.000,0.652,7.283,0.848,0.844,0.824,0.824
124,COMPLETE,6.000,103,7,0.360,14,0.900,0.430,5.000,0.035,0.090,0.080,0.900,true,false,1.000,0.687,7.763,0.801,0.864,0.880,0.864
124,COMPLETE,6.000,104,7,0.360,14,0.900,0.430,5.000,0.035,0.090,0.080,0.900,true,false,1.000,0.662,7.513,0.866,0.740,0.828,0.740
125,COMPLETE,4.990,100,7,0.360,13,1.000,0.430,5.000,0.035,0.090,0.080,0.900,true,false,1.000,0.658,8.428,0.888,0.763,0.782,0.763
125,COMPLETE,4.990,101,7,0.360,13,1.000,0.430,5.000,0.035,0.090,0.080,0.900,true,false,1.000,0.627,8.197,0.898,0.779,0.738,0.738
125,COMPLETE,4.990,102,7,0.360,13,1.000,0.430,5.000,0.035,0.090,0.080,0.900,true,false,1.000,0.663,8.706,0.857,0.792,0.835,0.792
125,COMPLETE,4.990,103,7,0.360,13,1.000,0.430,5.000,0.035,0.090,0.080,0.900,true,false,1.000,0.683,8.971,0.851,0.856,0.826,0.826
125,COMPLETE,4.990,104,7,0.360,13,1.000,0.430,5.000,0.035,0.090,0.080,0.900,false,false,0.949,0.675,8.504,0.759,0.802,0.824,0.802
126,COMPLETE,6.000,100,7,0.360,13,0.900,0.430,5.000,0.035,0.090,0.080,0.900,true,false,1.000,0.689,7.880,0.853,0.792,0.791,0.791
126,COMPLETE,6.000,101,7,0.360,13,0.900,0.430,5.000,0.035,0.090,0.080,0.900,true,false,1.000,0.635,7.103,0.829,0.708,0.796,0.708
126,COMPLETE,6.000,102,7,0.360,13,0.900,0.430,5.000,0.035,0.090,0.080,0.900,true,false,1.000,0.652,7.283,0.848,0.844,0.824,0.824
126,COMPLETE,6.000,103,7,0.360,13,0.900,0.430,5.000,0.035,0.090,0.080,0.900,true,false,1.000,0.687,7.763,0.801,0.864,0.880,0.864
126,COMPLETE,6.000,104,7,0.360,13,0.900,0.430,5.000,0.035,0.090,0.080,0.900,true,false,1.000,0.662,7.513,0.866,0.740,0.828,0.740
127,COMPLETE,1.593,100,7,0.360,12,0.900,0.320,5.000,0.035,0.090,0.080,0.900,false,false,0.354,0.676,6.122,0.318,0.181,0.177,0.177
127,COMPLETE,1.593,101,7,0.360,12,0.900,0.320,5.000,0.035,0.090,0.080,0.900,true,false,1.000,0.697,7.541,0.930,0.809,0.838,0.809
127,COMPLETE,1.593,102,7,0.360,12,0.900,0.320,5.000,0.035,0.090,0.080,0.900,false,false,0.298,0.700,6.311,0.238,0.232,0.217,0.217
127,COMPLETE,1.593,103,7,0.360,12,0.900,0.320,5.000,0.035,0.090,0.080,0.900,false,false,0.342,0.645,5.958,0.488,0.171,0.226,0.171
127,COMPLETE,1.593,104,7,0.360,12,0.900,0.320,5.000,0.035,0.090,0.080,0.900,false,false,0.969,0.652,6.684,0.775,0.887,0.876,0.876
128,COMPLETE,4.841,100,7,0.370,15,0.900,0.320,5.000,0.030,0.080,0.080,0.900,true,false,1.000,0.699,7.808,0.905,0.767,0.795,0.767
128,COMPLETE,4.841,101,7,0.370,15,0.900,0.320,5.000,0.030,0.080,0.080,0.900,true,false,1.000,0.673,7.471,0.846,0.723,0.775,0.723
128,COMPLETE,4.841,102,7,0.370,15,0.900,0.320,5.000,0.030,0.080,0.080,0.900,true,false,1.000,0.693,7.732,0.863,0.778,0.849,0.778
128,COMPLETE,4.841,103,7,0.370,15,0.900,0.320,5.000,0.030,0.080,0.080,0.900,false,false,0.206,0.689,6.559,0.295,0.103,0.110,0.103
128,COMPLETE,4.841,104,7,0.370,15,0.900,0.320,5.000,0.030,0.080,0.080,0.900,true,false,1.000,0.686,7.521,0.849,0.865,0.810,0.810
129,COMPLETE,3.864,100,7,0.370,13,0.900,0.320,5.000,0.030,0.080,0.100,0.400,true,false,1.000,0.651,7.279,0.868,0.834,0.864,0.834
129,COMPLETE,3.864,101,7,0.370,13,0.900,0.320,5.000,0.030,0.080,0.100,0.400,false,false,0.371,0.647,6.173,0.356,0.303,0.185,0.185
129,COMPLETE,3.864,102,7,0.370,13,0.900,0.320,5.000,0.030,0.080,0.100,0.400,true,false,1.000,0.670,7.309,0.813,0.804,0.876,0.804
129,COMPLETE,3.864,103,7,0.370,13,0.900,0.320,5.000,0.030,0.080,0.100,0.400,false,false,0.951,0.653,6.864,0.760,0.735,0.827,0.735
129,COMPLETE,3.864,104,7,0.370,13,0.900,0.320,5.000,0.030,0.080,0.100,0.400,true,false,1.000,0.695,7.715,0.837,0.820,0.824,0.820
130,COMPLETE,4.959,100,8,0.370,12,0.900,0.410,5.000,0.030,0.080,0.070,0.800,true,false,1.000,0.732,8.778,0.872,0.791,0.739,0.739
130,COMPLETE,4.959,101,8,0.370,12,0.900,0.410,5.000,0.030,0.080,0.070,0.800,true,false,1.000,0.740,8.934,0.854,0.818,0.811,0.811
130,COMPLETE,4.959,102,8,0.370,12,0.900,0.410,5.000,0.030,0.080,0.070,0.800,true,false,1.000,0.695,8.149,0.835,0.753,0.610,0.610
130,COMPLETE,4.959,103,8,0.370,12,0.900,0.410,5.000,0.030,0.080,0.070,0.800,false,false,0.797,0.647,7.284,0.835,0.515,0.398,0.398
130,COMPLETE,4.959,104,8,0.370,12,0.900,0.410,5.000,0.030,0.080,0.070,0.800,true,false,1.000,0.712,8.675,0.920,0.845,0.760,0.760
131,COMPLETE,2.791,100,8,0.370,15,1.100,0.410,5.500,0.030,0.080,0.070,0.800,true,false,1.000,0.684,10.125,0.824,0.728,0.733,0.728
131,COMPLETE,2.791,101,8,0.370,15,1.100,0.410,5.500,0.030,0.080,0.070,0.800,true,false,1.000,0.719,10.830,0.874,0.729,0.777,0.729
131,COMPLETE,2.791,102,8,0.370,15,1.100,0.410,5.500,0.030,0.080,0.070,0.800,false,false,0.466,0.678,8.958,0.531,0.278,0.233,0.233
131,COMPLETE,2.791,103,8,0.370,15,1.100,0.410,5.500,0.030,0.080,0.070,0.800,false,false,0.574,0.675,9.549,0.762,0.287,0.307,0.287
131,COMPLETE,2.791,104,8,0.370,15,1.100,0.410,5.500,0.030,0.080,0.070,0.800,false,false,0.913,0.684,9.752,0.730,0.747,0.763,0.747
132,COMPLETE,2.847,100,8,0.370,7,1.100,0.410,5.500,0.030,0.080,0.070,0.400,false,false,0.366,0.626,8.735,0.735,0.184,0.183,0.183
132,COMPLETE,2.847,101,8,0.370,7,1.100,0.410,5.500,0.030,0.080,0.070,0.400,true,false,1.000,0.631,9.112,0.823,0.723,0.558,0.558
132,COMPLETE,2.847,102,8,0.370,7,1.100,0.410,5.500,0.030,0.080,0.070,0.400,false,false,0.882,0.643,9.266,0.821,0.645,0.441,0.441
132,COMPLETE,2.847,103,8,0.370,7,1.100,0.410,5.500,0.030,0.080,0.070,0.400,true,false,1.000,0.680,10.067,0.858,0.792,0.732,0.732
132,COMPLETE,2.847,104,8,0.370,7,1.100,0.410,5.500,0.030,0.080,0.070,0.400,false,false,0.989,0.664,9.703,0.791,0.810,0.908,0.810
133,COMPLETE,4.992,100,8,0.380,7,1.100,0.410,5.500,0.030,0.090,0.070,0.800,true,false,1.000,0.663,9.703,0.808,0.690,0.698,0.690
133,COMPLETE,4.992,101,8,0.380,7,1.100,0.410,5.500,0.030,0.090,0.070,0.800,true,false,1.000,0.695,10.283,0.866,0.826,0.801,0.801
133,COMPLETE,4.992,102,8,0.380,7,1.100,0.410,5.500,0.030,0.090,0.070,0.800,true,false,1.000,0.680,10.159,0.876,0.833,0.838,0.833
133,COMPLETE,4.992,103,8,0.380,7,1.100,0.410,5.500,0.030,0.090,0.070,0.800,true,false,1.000,0.677,9.832,0.820,0.717,0.732,0.717
133,COMPLETE,4.992,104,8,0.380,7,1.100,0.410,5.500,0.030,0.090,0.070,0.800,false,false,0.962,0.661,9.463,0.792,0.554,0.481,0.481
134,COMPLETE,6.000,100,7,0.380,6,0.800,0.440,5.000,0.035,0.090,0.080,0.800,true,false,1.000,0.642,5.964,0.857,0.771,0.714,0.714
134,COMPLETE,6.000,101,7,0.380,6,0.800,0.440,5.000,0.035,0.090,0.080,0.800,true,false,1.000,0.649,6.252,0.901,0.763,0.772,0.763
134,COMPLETE,6.000,102,7,0.380,6,0.800,0.440,5.000,0.035,0.090,0.080,0.800,true,false,1.000,0.606,5.564,0.802,0.594,0.591,0.591
134,COMPLETE,6.000,103,7,0.380,6,0.800,0.440,5.000,0.035,0.090,0.080,0.800,true,false,1.000,0.601,5.707,0.865,0.843,0.843,0.843
134,COMPLETE,6.000,104,7,0.380,6,0.800,0.440,5.000,0.035,0.090,0.080,0.800,true,false,1.000,0.622,5.724,0.863,0.585,0.654,0.585
135,COMPLETE,6.000,100,7,0.380,6,0.800,0.440,5.000,0.035,0.090,0.080,0.800,true,false,1.000,0.642,5.964,0.857,0.771,0.714,0.714
135,COMPLETE,6.000,101,7,0.380,6,0.800,0.440,5.000,0.035,0.090,0.080,0.800,true,false,1.000,0.649,6.252,0.901,0.763,0.772,0.763
135,COMPLETE,6.000,102,7,0.380,6,0.800,0.440,5.000,0.035,0.090,0.080,0.800,true,false,1.000,0.606,5.564,0.802,0.594,0.591,0.591
135,COMPLETE,6.000,103,7,0.380,6,0.800,0.440,5.000,0.035,0.090,0.080,0.800,true,false,1.000,0.601,5.707,0.865,0.843,0.843,0.843
135,COMPLETE,6.000,104,7,0.380,6,0.800,0.440,5.000,0.035,0.090,0.080,0.800,true,false,1.000,0.622,5.724,0.863,0.585,0.654,0.585
136,COMPLETE,6.000,100,7,0.380,6,0.800,0.440,5.000,0.035,0.090,0.080,0.800,true,false,1.000,0.642,5.964,0.857,0.771,0.714,0.714
136,COMPLETE,6.000,101,7,0.380,6,0.800,0.440,5.000,0.035,0.090,0.080,0.800,true,false,1.000,0.649,6.252,0.901,0.763,0.772,0.763
136,COMPLETE,6.000,102,7,0.380,6,0.800,0.440,5.000,0.035,0.090,0.080,0.800,true,false,1.000,0.606,5.564,0.802,0.594,0.591,0.591
136,COMPLETE,6.000,103,7,0.380,6,0.800,0.440,5.000,0.035,0.090,0.080,0.800,true,false,1.000,0.601,5.707,0.865,0.843,0.843,0.843
136,COMPLETE,6.000,104,7,0.380,6,0.800,0.440,5.000,0.035,0.090,0.080,0.800,true,false,1.000,0.622,5.724,0.863,0.585,0.654,0.585
137,COMPLETE,4.979,100,7,0.350,6,0.800,0.440,5.000,0.035,0.090,0.080,0.800,true,false,1.000,0.602,5.460,0.849,0.815,0.796,0.796
137,COMPLETE,4.979,101,7,0.350,6,0.800,0.440,5.000,0.035,0.090,0.080,0.800,true,false,1.000,0.615,5.497,0.847,0.837,0.875,0.837
137,COMPLETE,4.979,102,7,0.350,6,0.800,0.440,5.000,0.035,0.090,0.080,0.800,true,false,1.000,0.612,5.574,0.874,0.788,0.779,0.779
137,COMPLETE,4.979,103,7,0.350,6,0.800,0.440,5.000,0.035,0.090,0.080,0.800,false,false,0.897,0.611,5.221,0.718,0.671,0.577,0.577
137,COMPLETE,4.979,104,7,0.350,6,0.800,0.440,5.000,0.035,0.090,0.080,0.800,true,false,1.000,0.622,5.785,0.895,0.883,0.819,0.819
138,COMPLETE,4.999,100,7,0.350,16,0.800,0.440,5.000,0.035,0.090,0.080,0.800,true,false,1.000,0.689,6.697,0.829,0.902,0.856,0.856
138,COMPLETE,4.999,101,7,0.350,16,0.800,0.440,5.000,0.035,0.090,0.080,0.800,true,false,1.000,0.664,6.351,0.852,0.792,0.803,0.792
138,COMPLETE,4.999,102,7,0.350,16,0.800,0.440,5.000,0.035,0.090,0.080,0.800,true,false,1.000,0.646,6.277,0.888,0.818,0.740,0.740
138,COMPLETE,4.999,103,7,0.350,16,0.800,0.440,5.000,0.035,0.090,0.080,0.800,false,false,0.993,0.644,6.004,0.794,0.805,0.727,0.727
138,COMPLETE,4.999,104,7,0.350,16,0.800,0.440,5.000,0.035,0.090,0.080,0.800,true,false,1.000,0.663,6.357,0.840,0.810,0.842,0.810
139,COMPLETE,3.981,100,7,0.350,6,0.800,0.440,5.000,0.010,0.090,0.080,0.800,false,false,0.950,0.605,6.957,0.760,0.711,0.728,0.711
139,COMPLETE,3.981,101,7,0.350,6,0.800,0.440,5.000,0.010,0.090,0.080,0.800,true,false,1.000,0.611,7.417,0.923,0.802,0.716,0.716
139,COMPLETE,3.981,102,7,0.350,6,0.800,0.440,5.000,0.010,0.090,0.080,0.800,true,false,1.000,0.550,6.449,0.848,0.560,0.503,0.503
139,COMPLETE,3.981,103,7,0.350,6,0.800,0.440,5.000,0.010,0.090,0.080,0.800,false,false,0.956,0.578,6.621,0.765,0.580,0.606,0.580
139,COMPLETE,3.981,104,7,0.350,6,0.800,0.440,5.000,0.010,0.090,0.080,0.800,true,false,1.000,0.568,6.728,0.853,0.594,0.705,0.594
140,COMPLETE,2.818,100,7,0.350,6,0.800,0.420,5.000,0.035,0.100,0.050,0.900,false,false,0.797,0.574,4.778,0.662,0.436,0.399,0.399
140,COMPLETE,2.818,101,7,0.350,6,0.800,0.420,5.000,0.035,0.100,0.050,0.900,true,false,1.000,0.601,5.410,0.895,0.791,0.685,0.685
140,COMPLETE,2.818,102,7,0.350,6,0.800,0.420,5.000,0.035,0.100,0.050,0.900,false,false,0.890,0.584,4.892,0.712,0.646,0.697,0.646
140,COMPLETE,2.818,103,7,0.350,6,0.800,0.420,5.000,0.035,0.100,0.050,0.900,true,false,1.000,0.605,5.404,0.852,0.773,0.782,0.773
140,COMPLETE,2.818,104,7,0.350,6,0.800,0.420,5.000,0.035,0.100,0.050,0.900,false,false,0.400,0.581,4.513,0.444,0.200,0.204,0.200
141,COMPLETE,4.868,100,7,0.340,6,0.800,0.420,5.000,0.035,0.100,0.050,0.900,false,false,0.342,0.586,4.305,0.275,0.171,0.234,0.171
141,COMPLETE,4.868,101,7,0.340,6,0.800,0.420,5.000,0.035,0.100,0.050,0.900,true,false,1.000,0.578,5.196,0.902,0.692,0.673,0.673
141,COMPLETE,4.868,102,7,0.340,6,0.800,0.420,5.000,0.035,0.100,0.050,0.900,true,false,1.000,0.574,5.049,0.834,0.842,0.825,0.825
141,COMPLETE,4.868,103,7,0.340,6,0.800,0.420,5.000,0.035,0.100,0.050,0.900,true,false,1.000,0.583,5.238,0.877,0.780,0.811,0.780
141,COMPLETE,4.868,104,7,0.340,6,0.800,0.420,5.000,0.035,0.100,0.050,0.900,true,false,1.000,0.608,5.535,0.893,0.838,0.844,0.838
142,COMPLETE,6.000,100,7,0.340,6,1.200,0.420,5.000,0.040,0.100,0.050,0.900,true,false,1.000,0.589,8.657,0.843,0.798,0.769,0.769
142,COMPLETE,6.000,101,7,0.340,6,1.200,0.420,5.000,0.040,0.100,0.050,0.900,true,false,1.000,0.583,8.773,0.873,0.726,0.661,0.661
142,COMPLETE,6.000,102,7,0.340,6,1.200,0.420,5.000,0.040,0.100,0.050,0.900,true,false,1.000,0.559,8.189,0.878,0.578,0.566,0.566
142,COMPLETE,6.000,103,7,0.340,6,1.200,0.420,5.000,0.040,0.100,0.050,0.900,true,false,1.000,0.588,8.709,0.916,0.760,0.732,0.732
142,COMPLETE,6.000,104,7,0.340,6,1.200,0.420,5.000,0.040,0.100,0.050,0.900,true,false,1.000,0.616,9.412,0.887,0.874,0.845,0.845
143,COMPLETE,6.000,100,7,0.360,7,0.900,0.450,5.000,0.040,0.100,0.080,0.800,true,false,1.000,0.662,7.198,0.870,0.845,0.822,0.822
143,COMPLETE,6.000,101,7,0.360,7,0.900,0.450,5.000,0.040,0.100,0.080,0.800,true,false,1.000,0.606,6.461,0.881,0.806,0.866,0.806
143,COMPLETE,6.000,102,7,0.360,7,0.900,0.450,5.000,0.040,0.100,0.080,0.800,true,false,1.000,0.603,6.270,0.813,0.872,0.807,0.807
143,COMPLETE,6.000,103,7,0.360,7,0.900,0.450,5.000,0.040,0.100,0.080,0.800,true,false,1.000,0.610,6.444,0.870,0.823,0.796,0.796
143,COMPLETE,6.000,104,7,0.360,7,0.900,0.450,5.000,0.040,0.100,0.080,0.800,true,false,1.000,0.623,6.744,0.879,0.847,0.807,0.807
