number,state,value,food_site_count,food_site_width,food_site_capacity,food_value,vertical_comb_benefit,food_site_max_distance,travel_cost_per_distance,mutation_sd,transposition_mutation_correlation,stable_count,seed_count,collapse_count,mean_progress,mean_final_success,mean_final_payoff,mean_final_comb_tilt,mean_final_min_transposition,elapsed_seconds
0,COMPLETE,1.352,4,0.250,15,1.000,0.420,6.500,0.040,0.130,0.400,1,10,0,0.352,0.371,1.965,0.290,0.305,925.129
1,COMPLETE,5.979,10,0.270,14,1.000,0.320,5.000,0.045,0.090,0.600,5,10,0,0.979,0.613,6.390,0.812,0.691,1169.692
2,COMPLETE,4.569,4,0.410,10,1.000,0.580,7.500,0.020,0.070,0.700,4,10,0,0.569,0.549,6.702,0.509,0.422,1063.153
3,COMPLETE,1.551,9,0.240,4,1.000,0.220,8.500,0.020,0.060,0.000,1,10,0,0.551,0.450,4.438,0.551,0.305,909.313
4,COMPLETE,4.640,6,0.450,13,1.000,0.300,5.500,0.035,0.090,0.200,4,10,0,0.640,0.691,7.462,0.524,0.494,1243.127
5,COMPLETE,0.186,3,0.420,16,1.000,0.320,8.500,0.040,0.120,0.300,0,10,0,0.186,0.471,3.129,0.148,0.202,1023.080
6,COMPLETE,0.169,4,0.290,16,1.000,0.140,6.500,0.060,0.060,1.000,0,10,0,0.169,0.465,1.878,0.136,0.212,1054.308
7,COMPLETE,1.934,6,0.360,6,1.000,0.400,8.000,0.020,0.130,1.000,1,10,0,0.934,0.503,6.070,0.750,0.701,1053.629
8,COMPLETE,0.260,10,0.220,14,1.000,0.120,4.500,0.045,0.060,0.600,0,10,0,0.260,0.567,4.652,0.228,0.219,1121.926
9,COMPLETE,5.939,10,0.240,10,1.000,0.460,6.500,0.025,0.100,0.400,5,10,0,0.939,0.552,6.961,0.817,0.645,1126.531
10,COMPLETE,6.937,5,0.360,16,1.000,0.460,9.000,0.020,0.130,0.700,6,10,0,0.937,0.458,5.553,0.772,0.691,1019.234
11,COMPLETE,0.176,3,0.220,12,1.000,0.220,7.000,0.025,0.080,0.600,0,10,0,0.176,0.290,1.645,0.141,0.177,780.782
12,COMPLETE,4.958,9,0.440,7,1.000,0.320,6.500,0.045,0.090,1.000,4,10,0,0.958,0.724,8.092,0.779,0.660,1325.532
13,COMPLETE,2.439,7,0.320,13,1.000,0.360,6.500,0.035,0.050,0.500,2,10,0,0.439,0.622,6.111,0.417,0.251,1104.679
14,COMPLETE,6.954,10,0.420,7,1.000,0.460,7.000,0.020,0.080,0.900,6,10,0,0.954,0.756,10.999,0.834,0.689,1328.325
15,COMPLETE,3.914,9,0.430,14,1.000,0.540,7.000,0.015,0.130,0.200,3,10,0,0.914,0.697,10.685,0.787,0.631,1293.649
16,COMPLETE,2.760,9,0.320,5,1.000,0.120,5.500,0.020,0.080,0.500,2,10,0,0.760,0.628,6.861,0.645,0.549,1133.359
17,COMPLETE,0.226,5,0.240,8,1.000,0.260,8.500,0.040,0.110,0.700,0,10,0,0.226,0.366,1.613,0.180,0.204,963.229
18,COMPLETE,0.276,8,0.240,12,1.000,0.380,9.000,0.030,0.050,0.500,0,10,0,0.276,0.482,3.935,0.240,0.196,1004.615
19,COMPLETE,3.504,8,0.210,11,1.000,0.300,6.000,0.060,0.140,0.800,3,10,0,0.504,0.444,2.006,0.406,0.409,1151.160
20,COMPLETE,3.928,9,0.300,11,1.000,0.260,5.500,0.045,0.100,0.200,3,10,0,0.928,0.615,6.058,0.756,0.666,1238.975
21,COMPLETE,9.999,6,0.260,12,1.000,0.480,5.000,0.015,0.120,0.200,9,10,0,0.999,0.450,6.216,0.829,0.685,995.204
22,COMPLETE,0.328,7,0.390,7,1.000,0.300,5.500,0.055,0.040,0.400,0,10,0,0.328,0.680,5.841,0.328,0.220,1148.659
23,COMPLETE,2.487,6,0.230,16,1.000,0.560,6.500,0.025,0.050,0.100,2,10,0,0.487,0.439,4.454,0.501,0.272,881.896
24,COMPLETE,5.643,9,0.400,13,1.000,0.220,8.500,0.050,0.080,0.200,5,10,0,0.643,0.685,6.073,0.544,0.529,1352.496
25,COMPLETE,0.201,4,0.330,15,1.000,0.340,8.000,0.045,0.080,1.000,0,10,0,0.201,0.481,2.861,0.161,0.199,1080.225
26,COMPLETE,1.298,4,0.300,16,1.000,0.160,8.500,0.030,0.110,0.300,1,10,0,0.298,0.393,2.673,0.251,0.253,950.078
27,COMPLETE,7.991,10,0.250,13,1.000,0.560,8.500,0.035,0.100,0.600,7,10,0,0.991,0.522,5.881,0.828,0.765,1155.368
28,COMPLETE,0.254,6,0.270,5,1.000,0.180,8.500,0.020,0.050,0.800,0,10,0,0.254,0.429,3.792,0.242,0.188,927.212
29,COMPLETE,8.966,9,0.420,8,1.000,0.560,6.500,0.035,0.090,0.800,8,10,0,0.966,0.736,10.240,0.824,0.699,1310.445
30,COMPLETE,0.282,6,0.450,5,1.000,0.200,9.000,0.050,0.060,0.500,0,10,0,0.282,0.569,3.757,0.256,0.202,1103.109
31,COMPLETE,0.245,3,0.290,13,1.000,0.540,6.000,0.020,0.070,0.400,0,10,0,0.245,0.383,3.507,0.197,0.185,902.191
32,COMPLETE,0.194,6,0.210,15,1.000,0.240,9.000,0.035,0.060,0.300,0,10,0,0.194,0.377,1.989,0.156,0.174,977.712
33,COMPLETE,2.377,5,0.230,11,1.000,0.420,7.000,0.035,0.090,0.400,2,10,0,0.377,0.397,2.629,0.315,0.320,994.266
34,COMPLETE,0.181,3,0.330,11,1.000,0.260,9.000,0.020,0.060,0.500,0,10,0,0.181,0.401,3.392,0.155,0.156,878.314
35,COMPLETE,2.494,6,0.330,8,1.000,0.380,6.000,0.030,0.050,0.700,2,10,0,0.494,0.565,5.806,0.478,0.332,1066.439
36,COMPLETE,1.233,3,0.200,16,1.000,0.500,8.000,0.040,0.120,0.700,1,10,0,0.233,0.250,0.182,0.199,0.269,705.740
37,COMPLETE,7.945,10,0.260,16,1.000,0.460,9.000,0.040,0.090,1.000,7,10,0,0.945,0.541,5.317,0.790,0.787,1184.385
38,COMPLETE,3.597,9,0.420,6,1.000,0.220,7.000,0.045,0.050,0.600,3,10,0,0.597,0.722,7.186,0.713,0.391,1214.656
39,COMPLETE,1.918,10,0.350,8,1.000,0.400,7.500,0.015,0.140,0.300,1,10,0,0.918,0.638,8.742,0.751,0.539,1257.569
40,COMPLETE,1.343,5,0.220,14,1.000,0.560,8.500,0.025,0.090,0.700,1,10,0,0.343,0.347,2.608,0.281,0.271,922.796
41,COMPLETE,7.865,7,0.280,13,1.000,0.580,4.500,0.015,0.060,0.700,7,10,0,0.865,0.540,8.323,0.856,0.642,998.512
42,COMPLETE,1.309,9,0.200,13,1.000,0.140,8.000,0.045,0.070,0.800,1,10,0,0.309,0.477,2.752,0.255,0.248,1120.025
43,COMPLETE,5.959,8,0.300,5,1.000,0.240,7.000,0.060,0.120,0.700,5,10,0,0.959,0.533,3.370,0.779,0.719,1123.014
44,COMPLETE,0.205,3,0.450,4,1.000,0.100,5.500,0.055,0.040,0.100,0,10,0,0.205,0.415,1.944,0.166,0.217,866.373
45,COMPLETE,11.000,9,0.220,10,1.000,0.460,7.000,0.045,0.100,1.000,10,10,0,1.000,0.506,4.510,0.845,0.829,1182.599
46,COMPLETE,0.151,4,0.240,6,1.000,0.120,7.000,0.045,0.050,0.200,0,10,0,0.151,0.369,1.267,0.121,0.219,926.592
47,COMPLETE,0.190,9,0.180,16,1.000,0.300,7.000,0.060,0.060,0.100,0,10,0,0.190,0.462,1.700,0.155,0.183,1182.920
48,COMPLETE,1.557,9,0.350,4,1.000,0.200,5.500,0.025,0.040,0.300,1,10,0,0.557,0.649,7.281,0.656,0.315,1111.749
49,COMPLETE,2.391,5,0.230,14,1.000,0.560,7.500,0.035,0.080,1.000,2,10,0,0.391,0.390,2.597,0.344,0.318,978.954
50,COMPLETE,4.639,7,0.260,14,1.000,0.340,7.500,0.030,0.080,0.200,4,10,0,0.639,0.495,4.610,0.542,0.467,1081.250
51,COMPLETE,5.977,8,0.400,8,1.000,0.340,6.000,0.040,0.140,1.000,5,10,0,0.977,0.667,7.525,0.787,0.651,1276.604
52,COMPLETE,0.852,10,0.400,8,1.000,0.300,4.500,0.035,0.140,0.800,0,10,0,0.852,0.740,8.907,0.698,0.610,1347.863
53,COMPLETE,0.244,5,0.200,9,1.000,0.160,8.500,0.020,0.090,0.400,0,10,0,0.244,0.314,2.282,0.197,0.221,857.797
54,COMPLETE,2.385,4,0.290,7,1.000,0.280,5.500,0.040,0.110,0.800,2,10,0,0.385,0.421,2.779,0.324,0.307,1006.937
55,COMPLETE,0.540,4,0.450,5,1.000,0.120,6.500,0.045,0.130,0.700,0,10,0,0.540,0.469,3.094,0.444,0.451,1029.432
56,COMPLETE,0.140,4,0.360,9,1.000,0.160,5.000,0.060,0.040,0.400,0,10,0,0.140,0.578,3.903,0.119,0.133,1087.436
57,COMPLETE,1.763,9,0.420,6,1.000,0.220,8.500,0.025,0.110,0.100,1,10,0,0.763,0.643,7.170,0.716,0.433,1256.453
58,COMPLETE,1.443,10,0.230,10,1.000,0.160,6.000,0.025,0.050,0.900,1,10,0,0.443,0.570,5.661,0.456,0.289,1110.692
59,COMPLETE,0.229,6,0.210,13,1.000,0.560,7.500,0.035,0.060,0.700,0,10,0,0.229,0.413,2.684,0.200,0.181,1012.855
60,COMPLETE,2.566,5,0.450,15,1.000,0.240,4.500,0.025,0.080,0.700,2,10,0,0.566,0.669,7.481,0.466,0.473,1253.210
61,COMPLETE,1.565,8,0.430,8,1.000,0.120,8.000,0.020,0.070,0.100,1,10,0,0.565,0.663,7.129,0.520,0.352,1255.410
62,COMPLETE,0.305,7,0.340,12,1.000,0.200,7.000,0.015,0.040,0.600,0,10,0,0.305,0.635,6.939,0.299,0.235,1073.600
63,COMPLETE,5.672,9,0.180,12,1.000,0.480,5.500,0.045,0.070,0.600,5,10,0,0.672,0.461,3.577,0.585,0.492,1062.213
64,COMPLETE,2.681,10,0.300,5,1.000,0.600,4.500,0.030,0.050,0.600,2,10,0,0.681,0.633,9.327,0.874,0.365,1090.159
65,COMPLETE,4.696,9,0.390,7,1.000,0.420,9.000,0.025,0.050,0.600,4,10,0,0.696,0.628,7.858,0.777,0.420,1116.749
66,COMPLETE,2.846,4,0.260,5,1.000,0.240,7.000,0.010,0.110,0.500,2,10,0,0.846,0.322,3.575,0.683,0.567,820.774
67,COMPLETE,2.441,6,0.360,11,1.000,0.400,7.500,0.030,0.050,0.300,2,10,0,0.441,0.602,6.153,0.446,0.296,1093.292
68,COMPLETE,1.313,6,0.280,14,1.000,0.120,7.500,0.040,0.090,0.900,1,10,0,0.313,0.490,3.376,0.253,0.267,1128.078
69,COMPLETE,1.435,9,0.200,9,1.000,0.380,5.000,0.055,0.040,0.700,1,10,0,0.435,0.491,3.480,0.439,0.278,972.619
70,COMPLETE,2.597,7,0.310,7,1.000,0.360,7.000,0.035,0.060,0.400,2,10,0,0.597,0.559,5.369,0.583,0.362,1062.794
71,COMPLETE,3.467,3,0.420,16,1.000,0.340,6.500,0.030,0.100,0.000,3,10,0,0.467,0.514,4.791,0.399,0.380,1084.193
72,COMPLETE,1.583,7,0.370,4,1.000,0.120,5.000,0.060,0.070,0.500,1,10,0,0.583,0.578,4.175,0.554,0.446,1044.918
73,COMPLETE,0.213,7,0.190,12,1.000,0.180,5.000,0.060,0.110,0.400,0,10,0,0.213,0.389,1.574,0.171,0.200,1034.058
74,COMPLETE,0.165,3,0.250,13,1.000,0.100,8.500,0.025,0.060,0.000,0,10,0,0.165,0.310,1.788,0.132,0.149,794.442
75,COMPLETE,1.479,10,0.310,4,1.000,0.240,4.500,0.035,0.040,0.600,1,10,0,0.479,0.645,7.025,0.647,0.255,1097.452
76,COMPLETE,3.795,10,0.450,12,1.000,0.380,8.500,0.015,0.090,0.300,3,10,0,0.795,0.722,10.096,0.800,0.503,1287.991
77,COMPLETE,0.183,3,0.220,7,1.000,0.120,6.000,0.020,0.080,0.300,0,10,0,0.183,0.285,2.011,0.147,0.186,770.311
78,COMPLETE,1.374,8,0.390,10,1.000,0.240,8.000,0.055,0.080,0.200,1,10,0,0.374,0.676,5.305,0.306,0.285,1308.798
79,COMPLETE,5.958,10,0.270,9,1.000,0.480,4.500,0.010,0.100,0.900,5,10,0,0.958,0.616,9.422,0.810,0.677,1149.258
80,COMPLETE,9.986,10,0.250,10,1.000,0.600,5.000,0.010,0.100,0.900,9,10,0,0.986,0.591,9.682,0.838,0.667,1160.028
81,COMPLETE,4.931,10,0.380,10,1.000,0.520,5.000,0.010,0.100,0.900,4,10,0,0.931,0.732,11.591,0.795,0.590,1307.120
82,COMPLETE,4.895,10,0.250,10,1.000,0.500,5.000,0.010,0.100,0.900,4,10,0,0.895,0.570,8.688,0.797,0.576,1097.469
83,COMPLETE,6.980,10,0.260,10,1.000,0.520,5.000,0.010,0.100,0.900,6,10,0,0.980,0.587,9.138,0.812,0.670,1143.182
84,COMPLETE,6.969,10,0.280,10,1.000,0.500,5.000,0.010,0.100,0.900,6,10,0,0.969,0.620,9.599,0.817,0.669,1199.963
85,COMPLETE,6.978,10,0.280,10,1.000,0.520,5.000,0.010,0.100,0.900,6,10,0,0.978,0.629,9.800,0.803,0.708,1195.058
86,COMPLETE,8.982,10,0.270,15,1.000,0.460,5.000,0.015,0.100,0.900,8,10,0,0.982,0.614,8.907,0.808,0.698,1176.933
87,COMPLETE,8.989,10,0.270,10,1.000,0.460,5.000,0.010,0.100,0.900,8,10,0,0.989,0.614,9.311,0.835,0.702,1195.313
88,COMPLETE,9.999,10,0.260,15,1.000,0.500,9.000,0.010,0.100,0.900,9,10,0,0.999,0.514,7.712,0.846,0.710,1094.699
89,COMPLETE,8.988,10,0.270,15,1.000,0.460,9.000,0.010,0.100,0.900,8,10,0,0.988,0.529,7.718,0.830,0.687,1141.716
90,COMPLETE,8.988,10,0.270,15,1.000,0.460,9.000,0.010,0.100,0.900,8,10,0,0.988,0.529,7.718,0.830,0.687,1151.980
91,COMPLETE,6.984,10,0.270,10,1.000,0.460,9.000,0.015,0.100,0.900,6,10,0,0.984,0.522,7.175,0.813,0.719,1123.367
92,COMPLETE,8.995,10,0.260,10,1.000,0.500,9.000,0.010,0.100,0.900,8,10,0,0.995,0.517,7.732,0.838,0.747,1072.645
93,COMPLETE,5.959,10,0.260,10,1.000,0.520,9.000,0.015,0.100,0.900,5,10,0,0.959,0.516,7.354,0.836,0.675,1083.177
94,COMPLETE,9.995,10,0.250,15,1.000,0.440,9.000,0.015,0.100,0.900,9,10,0,0.995,0.497,6.712,0.834,0.756,1101.094
95,COMPLETE,8.990,10,0.250,15,1.000,0.520,9.000,0.015,0.100,0.900,8,10,0,0.990,0.501,7.048,0.824,0.722,1087.797
96,COMPLETE,8.991,10,0.250,10,1.000,0.520,9.000,0.015,0.100,0.900,8,10,0,0.991,0.511,7.215,0.820,0.772,1071.876
97,COMPLETE,7.983,10,0.260,15,1.000,0.440,9.000,0.015,0.100,1.000,7,10,0,0.983,0.518,7.006,0.812,0.755,1118.617
98,COMPLETE,5.960,10,0.270,15,1.000,0.440,9.000,0.015,0.120,1.000,5,10,0,0.960,0.520,7.001,0.790,0.713,1152.536
99,COMPLETE,5.957,10,0.260,11,1.000,0.600,5.000,0.015,0.120,1.000,5,10,0,0.957,0.593,9.273,0.810,0.666,1190.719
100,COMPLETE,5.974,10,0.260,11,1.000,0.580,5.000,0.015,0.100,1.000,5,10,0,0.974,0.606,9.315,0.790,0.747,1190.255
101,COMPLETE,6.966,10,0.260,15,1.000,0.600,4.500,0.015,0.120,1.000,6,10,0,0.966,0.592,9.311,0.808,0.628,1180.677
102,COMPLETE,6.966,10,0.260,15,1.000,0.600,4.500,0.015,0.120,1.000,6,10,0,0.966,0.592,9.311,0.808,0.628,1178.645
103,COMPLETE,9.996,10,0.250,15,1.000,0.440,9.000,0.015,0.110,1.000,9,10,0,0.996,0.505,6.804,0.828,0.770,1070.189
104,COMPLETE,8.945,10,0.250,15,1.000,0.440,9.000,0.015,0.090,1.000,8,10,0,0.945,0.503,6.797,0.839,0.690,1075.379
105,COMPLETE,6.965,10,0.250,15,1.000,0.440,9.000,0.015,0.120,1.000,6,10,0,0.965,0.488,6.467,0.792,0.676,1104.114
106,COMPLETE,5.983,10,0.260,15,1.000,0.440,9.000,0.015,0.120,1.000,5,10,0,0.983,0.506,6.779,0.802,0.718,1121.522
107,COMPLETE,6.965,10,0.250,15,1.000,0.440,9.000,0.015,0.120,1.000,6,10,0,0.965,0.488,6.467,0.792,0.676,1100.552
108,COMPLETE,5.983,10,0.260,15,1.000,0.440,9.000,0.015,0.120,1.000,5,10,0,0.983,0.506,6.779,0.802,0.718,1115.114
109,COMPLETE,8.986,10,0.270,15,1.000,0.440,9.000,0.010,0.110,1.000,8,10,0,0.986,0.522,7.472,0.810,0.712,1099.942
110,COMPLETE,0.939,10,0.250,15,1.000,0.440,9.000,0.010,0.120,1.000,0,10,0,0.939,0.489,6.853,0.773,0.671,1059.649
111,COMPLETE,0.939,10,0.250,15,1.000,0.440,9.000,0.010,0.120,1.000,0,10,0,0.939,0.489,6.853,0.773,0.671,1067.320
112,COMPLETE,8.997,10,0.250,11,1.000,0.480,9.000,0.015,0.120,1.000,8,10,0,0.997,0.493,6.748,0.808,0.723,1086.021
113,COMPLETE,4.967,9,0.250,11,1.000,0.440,9.000,0.010,0.110,1.000,4,10,0,0.967,0.469,6.560,0.795,0.754,1040.072
114,COMPLETE,5.986,9,0.240,11,1.000,0.480,9.000,0.010,0.110,0.800,5,10,0,0.986,0.451,6.432,0.806,0.712,1026.051
115,COMPLETE,7.969,9,0.240,9,1.000,0.480,9.000,0.010,0.110,0.800,7,10,0,0.969,0.454,6.493,0.808,0.691,998.747
116,COMPLETE,7.969,9,0.240,9,1.000,0.480,9.000,0.010,0.110,0.800,7,10,0,0.969,0.454,6.493,0.808,0.691,996.559
117,COMPLETE,7.969,9,0.240,9,1.000,0.480,9.000,0.010,0.110,0.800,7,10,0,0.969,0.454,6.493,0.808,0.691,1001.032
118,COMPLETE,7.969,9,0.240,9,1.000,0.480,9.000,0.010,0.110,0.800,7,10,0,0.969,0.454,6.493,0.808,0.691,1002.384
119,COMPLETE,7.969,9,0.240,9,1.000,0.480,9.000,0.010,0.110,0.800,7,10,0,0.969,0.454,6.493,0.808,0.691,997.023
120,COMPLETE,7.969,9,0.240,9,1.000,0.480,9.000,0.010,0.110,0.800,7,10,0,0.969,0.454,6.493,0.808,0.691,995.855
121,COMPLETE,6.987,9,0.230,14,1.000,0.480,9.000,0.010,0.110,0.800,6,10,0,0.987,0.437,6.229,0.813,0.717,1036.183
122,COMPLETE,8.998,9,0.240,14,1.000,0.480,9.000,0.010,0.110,0.800,8,10,0,0.998,0.454,6.525,0.827,0.727,1007.264
123,COMPLETE,7.988,9,0.240,14,1.000,0.480,8.500,0.010,0.110,0.800,7,10,0,0.988,0.466,6.681,0.803,0.715,1046.206
124,COMPLETE,7.988,9,0.240,14,1.000,0.480,8.500,0.010,0.110,0.800,7,10,0,0.988,0.466,6.681,0.803,0.715,1038.924
125,COMPLETE,7.988,9,0.240,14,1.000,0.480,8.500,0.010,0.110,0.800,7,10,0,0.988,0.466,6.681,0.803,0.715,1036.430
126,COMPLETE,7.988,9,0.240,14,1.000,0.480,8.500,0.010,0.110,0.800,7,10,0,0.988,0.466,6.681,0.803,0.715,1039.940
127,COMPLETE,7.988,9,0.240,14,1.000,0.480,8.500,0.010,0.110,0.800,7,10,0,0.988,0.466,6.681,0.803,0.715,1042.211
128,COMPLETE,4.967,9,0.240,9,1.000,0.540,8.500,0.010,0.110,0.800,4,10,0,0.967,0.471,6.974,0.789,0.704,1025.373
129,COMPLETE,8.982,9,0.240,9,1.000,0.480,8.500,0.010,0.110,0.800,8,10,0,0.982,0.472,6.846,0.822,0.760,1033.090
130,COMPLETE,8.992,9,0.230,9,1.000,0.480,8.500,0.020,0.110,0.800,8,10,0,0.992,0.457,5.700,0.828,0.708,1045.837
131,COMPLETE,8.992,9,0.230,14,1.000,0.500,8.500,0.020,0.090,0.800,8,10,0,0.992,0.482,6.161,0.835,0.789,1053.114
132,COMPLETE,10.000,9,0.230,14,1.000,0.540,8.500,0.020,0.090,0.900,9,10,0,1.000,0.472,6.188,0.846,0.747,1036.002
133,COMPLETE,11.000,10,0.230,14,1.000,0.540,8.500,0.020,0.090,0.900,10,10,0,1.000,0.497,6.687,0.850,0.768,1058.827
134,COMPLETE,11.000,10,0.230,16,1.000,0.540,8.500,0.020,0.090,0.900,10,10,0,1.000,0.497,6.687,0.850,0.768,1062.728
135,COMPLETE,11.000,10,0.230,14,1.000,0.540,8.500,0.020,0.090,0.900,10,10,0,1.000,0.497,6.687,0.850,0.768,1057.408
136,COMPLETE,9.999,10,0.290,14,1.000,0.540,8.500,0.020,0.090,0.900,9,10,0,0.999,0.581,8.224,0.843,0.724,1154.293
137,COMPLETE,11.000,10,0.230,14,1.000,0.540,8.500,0.020,0.090,0.900,10,10,0,1.000,0.497,6.687,0.850,0.768,1058.759
138,COMPLETE,7.991,10,0.220,14,1.000,0.540,8.500,0.015,0.090,0.900,7,10,0,0.991,0.477,6.718,0.828,0.748,1050.974
139,COMPLETE,7.957,10,0.220,16,1.000,0.540,8.500,0.020,0.090,0.900,7,10,0,0.957,0.480,6.313,0.830,0.692,993.781
140,COMPLETE,7.986,10,0.220,16,1.000,0.500,8.500,0.020,0.090,0.900,7,10,0,0.986,0.482,6.208,0.838,0.719,1040.633
141,COMPLETE,8.994,10,0.250,16,1.000,0.540,8.500,0.020,0.090,0.900,8,10,0,0.994,0.534,7.319,0.844,0.738,1066.720
142,COMPLETE,7.957,10,0.220,16,1.000,0.540,8.500,0.020,0.090,0.900,7,10,0,0.957,0.480,6.313,0.830,0.692,998.196
143,COMPLETE,7.986,10,0.220,16,1.000,0.500,8.500,0.020,0.090,0.900,7,10,0,0.986,0.482,6.208,0.838,0.719,1044.680
144,COMPLETE,4.978,10,0.220,16,1.000,0.500,5.500,0.020,0.130,0.900,4,10,0,0.978,0.527,7.140,0.795,0.704,1131.367
145,COMPLETE,7.988,10,0.220,16,1.000,0.500,5.500,0.020,0.090,0.900,7,10,0,0.988,0.552,7.596,0.820,0.718,1098.159
146,COMPLETE,3.970,10,0.220,16,1.000,0.500,9.000,0.020,0.100,0.900,3,10,0,0.970,0.450,5.535,0.788,0.704,1041.645
147,COMPLETE,9.994,8,0.220,16,1.000,0.500,8.000,0.020,0.090,0.900,9,10,0,0.994,0.452,5.665,0.839,0.787,959.401
148,COMPLETE,4.949,10,0.220,16,1.000,0.500,8.000,0.020,0.090,0.900,4,10,0,0.949,0.500,6.481,0.811,0.681,1052.062
149,COMPLETE,11.000,8,0.220,16,1.000,0.540,8.000,0.020,0.090,0.900,10,10,0,1.000,0.454,5.827,0.847,0.788,1006.508
150,COMPLETE,11.000,8,0.220,16,1.000,0.540,8.000,0.020,0.090,0.900,10,10,0,1.000,0.454,5.827,0.847,0.788,1015.674
151,COMPLETE,9.994,8,0.220,16,1.000,0.500,8.000,0.020,0.090,0.900,9,10,0,0.994,0.452,5.665,0.839,0.787,980.871
152,COMPLETE,11.000,10,0.210,13,1.000,0.540,8.000,0.020,0.090,0.900,10,10,0,1.000,0.478,6.258,0.821,0.715,1099.069
153,COMPLETE,8.999,8,0.210,13,1.000,0.580,8.000,0.020,0.090,0.900,8,10,0,0.999,0.438,5.673,0.842,0.828,987.673
154,COMPLETE,9.987,10,0.210,13,1.000,0.580,8.000,0.020,0.090,0.900,9,10,0,0.987,0.488,6.616,0.846,0.729,1077.824
155,COMPLETE,11.000,8,0.210,13,1.000,0.560,8.000,0.020,0.090,0.900,10,10,0,1.000,0.438,5.616,0.852,0.800,1023.219
156,COMPLETE,9.997,8,0.230,13,1.000,0.540,8.000,0.020,0.090,0.900,9,10,0,0.997,0.463,6.033,0.850,0.764,1066.431
157,COMPLETE,8.999,8,0.210,13,1.000,0.580,8.000,0.020,0.090,0.900,8,10,0,0.999,0.438,5.673,0.842,0.828,1006.993
158,COMPLETE,11.000,8,0.210,13,1.000,0.560,8.000,0.020,0.090,0.900,10,10,0,1.000,0.438,5.616,0.852,0.800,1057.577
159,COMPLETE,8.988,8,0.210,13,1.000,0.560,8.000,0.020,0.130,0.900,8,10,0,0.988,0.401,4.960,0.821,0.692,1046.651
160,COMPLETE,8.999,8,0.210,13,1.000,0.580,8.000,0.020,0.090,0.900,8,10,0,0.999,0.438,5.673,0.842,0.828,1040.640
161,COMPLETE,11.000,8,0.210,13,1.000,0.560,8.000,0.020,0.090,0.900,10,10,0,1.000,0.438,5.616,0.852,0.800,1059.426
162,COMPLETE,8.940,10,0.210,13,1.000,0.580,8.000,0.025,0.080,0.900,8,10,0,0.940,0.494,6.256,0.851,0.691,1070.998
163,COMPLETE,3.953,8,0.210,13,1.000,0.560,8.000,0.025,0.130,0.900,3,10,0,0.953,0.410,4.556,0.784,0.695,1023.332
164,COMPLETE,11.000,7,0.210,13,1.000,0.560,8.000,0.025,0.090,0.900,10,10,0,1.000,0.406,4.542,0.856,0.804,979.841
165,COMPLETE,10.000,8,0.210,13,1.000,0.580,8.000,0.025,0.090,0.900,9,10,0,1.000,0.435,5.097,0.844,0.796,1023.060
166,COMPLETE,9.999,8,0.210,13,1.000,0.560,8.000,0.025,0.080,0.900,9,10,0,0.999,0.442,5.167,0.837,0.809,1003.821
167,COMPLETE,9.992,8,0.230,13,1.000,0.560,8.000,0.025,0.080,0.900,9,10,0,0.992,0.473,5.809,0.856,0.802,1053.307
168,COMPLETE,11.000,8,0.210,13,1.000,0.560,8.000,0.025,0.090,0.900,10,10,0,1.000,0.438,5.111,0.845,0.778,1041.547
169,COMPLETE,11.000,8,0.190,13,1.000,0.560,8.000,0.025,0.080,0.900,10,10,0,1.000,0.405,4.496,0.856,0.800,990.542
170,COMPLETE,7.801,7,0.190,13,1.000,0.560,8.000,0.025,0.080,0.900,7,10,0,0.801,0.377,3.723,0.693,0.641,944.904
171,COMPLETE,8.999,8,0.210,13,1.000,0.560,8.000,0.020,0.080,0.900,8,10,0,0.999,0.445,5.729,0.855,0.809,965.363
172,COMPLETE,9.945,8,0.200,13,1.000,0.560,8.000,0.020,0.080,0.900,9,10,0,0.945,0.415,5.168,0.836,0.725,971.807
173,COMPLETE,11.000,8,0.200,13,1.000,0.560,8.000,0.025,0.080,0.900,10,10,0,1.000,0.425,4.915,0.861,0.821,988.070
174,COMPLETE,11.000,8,0.190,13,1.000,0.560,8.000,0.025,0.080,0.900,10,10,0,1.000,0.405,4.496,0.856,0.800,974.651
175,COMPLETE,11.000,8,0.190,13,1.000,0.560,7.500,0.025,0.080,0.900,10,10,0,1.000,0.421,4.814,0.851,0.801,968.747
176,COMPLETE,11.000,8,0.190,12,1.000,0.560,7.500,0.025,0.080,0.900,10,10,0,1.000,0.421,4.814,0.851,0.801,976.910
177,COMPLETE,11.000,8,0.190,12,1.000,0.560,7.500,0.025,0.080,0.900,10,10,0,1.000,0.421,4.814,0.851,0.801,965.167
178,COMPLETE,11.000,8,0.190,12,1.000,0.560,7.500,0.025,0.080,0.900,10,10,0,1.000,0.421,4.814,0.851,0.801,971.659
179,COMPLETE,7.996,8,0.200,13,1.000,0.560,7.500,0.025,0.080,0.900,7,10,0,0.996,0.435,5.050,0.833,0.798,982.974
180,COMPLETE,7.996,8,0.200,12,1.000,0.560,7.500,0.025,0.080,0.900,7,10,0,0.996,0.435,5.050,0.833,0.798,984.518
181,COMPLETE,9.927,7,0.190,12,1.000,0.560,7.500,0.025,0.080,0.900,9,10,0,0.927,0.393,4.181,0.813,0.732,930.968
182,COMPLETE,11.000,8,0.190,12,1.000,0.560,7.500,0.025,0.080,0.900,10,10,0,1.000,0.421,4.814,0.851,0.801,963.184
183,COMPLETE,9.927,7,0.190,12,1.000,0.560,7.500,0.025,0.080,0.900,9,10,0,0.927,0.393,4.181,0.813,0.732,915.916
184,COMPLETE,9.927,7,0.190,12,1.000,0.560,7.500,0.025,0.080,0.900,9,10,0,0.927,0.393,4.181,0.813,0.732,916.334
185,COMPLETE,9.976,7,0.200,12,1.000,0.520,7.500,0.025,0.090,0.900,9,10,0,0.976,0.396,4.248,0.833,0.772,934.031
186,COMPLETE,9.988,8,0.200,12,1.000,0.520,7.500,0.025,0.080,0.900,9,10,0,0.988,0.439,4.996,0.831,0.824,965.742
187,COMPLETE,6.807,7,0.190,13,1.000,0.520,7.500,0.025,0.090,0.900,6,10,0,0.807,0.380,3.738,0.719,0.604,949.559
188,COMPLETE,6.807,7,0.190,12,1.000,0.520,7.500,0.025,0.090,0.900,6,10,0,0.807,0.380,3.738,0.719,0.604,946.755
189,COMPLETE,9.976,7,0.200,12,1.000,0.520,7.500,0.025,0.090,0.900,9,10,0,0.976,0.396,4.248,0.833,0.772,932.797
190,COMPLETE,8.987,8,0.190,12,1.000,0.540,7.500,0.025,0.080,0.900,8,10,0,0.987,0.412,4.575,0.844,0.746,901.151
191,COMPLETE,9.988,8,0.200,12,1.000,0.520,7.500,0.025,0.080,0.900,9,10,0,0.988,0.439,4.996,0.831,0.824,972.698
192,COMPLETE,9.951,8,0.190,12,1.000,0.520,7.500,0.030,0.080,0.900,9,10,0,0.951,0.420,4.204,0.822,0.794,984.642
193,COMPLETE,11.000,8,0.180,12,1.000,0.520,7.500,0.030,0.080,0.900,10,10,0,1.000,0.406,3.934,0.853,0.828,952.971
194,COMPLETE,9.946,7,0.180,12,1.000,0.520,7.500,0.030,0.080,0.900,9,10,0,0.946,0.378,3.334,0.808,0.780,947.055
195,COMPLETE,4.584,7,0.180,12,1.000,0.520,7.500,0.030,0.070,0.900,4,10,0,0.584,0.376,2.971,0.510,0.443,953.571
196,COMPLETE,11.000,8,0.180,12,1.000,0.540,7.500,0.030,0.080,0.900,10,10,0,1.000,0.407,4.042,0.859,0.839,983.653
197,COMPLETE,9.996,8,0.190,12,1.000,0.540,7.500,0.030,0.070,0.900,9,10,0,0.996,0.425,4.360,0.852,0.845,970.706
198,COMPLETE,11.000,8,0.180,12,1.000,0.540,7.500,0.030,0.080,0.900,10,10,0,1.000,0.407,4.042,0.859,0.839,964.588
199,COMPLETE,8.935,8,0.180,12,1.000,0.540,8.000,0.025,0.070,0.900,8,10,0,0.935,0.394,4.140,0.804,0.738,931.140
200,COMPLETE,8.882,8,0.180,12,1.000,0.520,8.000,0.030,0.070,1.000,8,10,0,0.882,0.395,3.558,0.754,0.723,956.022
201,COMPLETE,8.861,8,0.180,13,1.000,0.540,8.000,0.030,0.070,1.000,8,10,0,0.861,0.399,3.629,0.747,0.718,931.181
202,COMPLETE,8.861,8,0.180,13,1.000,0.540,8.000,0.030,0.070,1.000,8,10,0,0.861,0.399,3.629,0.747,0.718,926.743
203,COMPLETE,8.861,8,0.180,13,1.000,0.540,8.000,0.030,0.070,1.000,8,10,0,0.861,0.399,3.629,0.747,0.718,930.038
204,COMPLETE,8.870,8,0.200,13,1.000,0.540,8.000,0.030,0.080,1.000,8,10,0,0.870,0.432,4.313,0.762,0.735,1020.910
205,COMPLETE,8.861,8,0.180,13,1.000,0.540,8.000,0.030,0.070,1.000,8,10,0,0.861,0.399,3.629,0.747,0.718,928.487
206,COMPLETE,8.861,8,0.180,13,1.000,0.540,8.000,0.030,0.070,1.000,8,10,0,0.861,0.399,3.629,0.747,0.718,927.244
207,COMPLETE,9.947,8,0.180,13,1.000,0.540,8.000,0.030,0.080,1.000,9,10,0,0.947,0.393,3.628,0.806,0.785,956.265
208,COMPLETE,8.861,8,0.180,13,1.000,0.540,8.000,0.030,0.070,1.000,8,10,0,0.861,0.399,3.629,0.747,0.718,925.119
209,COMPLETE,9.990,8,0.200,13,1.000,0.580,8.000,0.030,0.070,1.000,9,10,0,0.990,0.437,4.628,0.865,0.817,1010.844
210,COMPLETE,8.930,8,0.200,13,1.000,0.540,8.000,0.030,0.070,1.000,8,10,0,0.930,0.423,4.224,0.817,0.738,977.461
211,COMPLETE,1.328,8,0.180,13,1.000,0.580,8.000,0.050,0.070,1.000,1,10,0,0.328,0.420,1.669,0.269,0.296,1085.241
212,COMPLETE,8.942,8,0.200,13,1.000,0.580,8.000,0.020,0.070,1.000,8,10,0,0.942,0.421,5.357,0.853,0.754,928.566
213,COMPLETE,8.942,8,0.200,13,1.000,0.580,8.000,0.020,0.070,1.000,8,10,0,0.942,0.421,5.357,0.853,0.754,936.802
214,COMPLETE,4.660,8,0.200,13,1.000,0.580,8.000,0.050,0.090,1.000,4,10,0,0.660,0.442,2.385,0.571,0.557,1094.498
215,COMPLETE,4.660,8,0.200,13,1.000,0.580,8.000,0.050,0.090,1.000,4,10,0,0.660,0.442,2.385,0.571,0.557,1096.776
216,COMPLETE,7.995,8,0.200,13,1.000,0.580,7.000,0.025,0.090,1.000,7,10,0,0.995,0.437,5.202,0.819,0.807,1018.180
217,COMPLETE,5.627,8,0.200,13,1.000,0.580,7.000,0.050,0.090,0.900,5,10,0,0.627,0.450,2.775,0.531,0.520,1096.245
218,COMPLETE,5.627,8,0.200,13,1.000,0.580,7.000,0.050,0.090,0.900,5,10,0,0.627,0.450,2.775,0.531,0.520,1095.905
219,COMPLETE,10.000,8,0.200,13,1.000,0.580,7.000,0.025,0.090,0.900,9,10,0,1.000,0.440,5.273,0.837,0.774,1018.724
220,COMPLETE,10.000,8,0.200,14,1.000,0.580,7.000,0.025,0.090,0.900,9,10,0,1.000,0.440,5.273,0.837,0.774,1017.853
221,COMPLETE,10.000,8,0.200,14,1.000,0.580,7.000,0.025,0.090,0.900,9,10,0,1.000,0.440,5.273,0.837,0.774,1016.166
222,COMPLETE,10.000,8,0.200,14,1.000,0.580,7.000,0.025,0.090,0.900,9,10,0,1.000,0.440,5.273,0.837,0.774,1019.923
223,COMPLETE,5.627,8,0.200,14,1.000,0.580,7.000,0.050,0.090,0.900,5,10,0,0.627,0.450,2.775,0.531,0.520,1128.096
224,COMPLETE,10.000,8,0.200,14,1.000,0.580,7.000,0.025,0.090,0.900,9,10,0,1.000,0.440,5.273,0.837,0.774,1012.032
225,COMPLETE,10.000,8,0.200,14,1.000,0.580,7.000,0.025,0.090,0.900,9,10,0,1.000,0.440,5.273,0.837,0.774,1018.374
226,COMPLETE,11.000,8,0.190,14,1.000,0.580,7.000,0.025,0.090,0.900,10,10,0,1.000,0.427,5.035,0.854,0.785,1023.130
227,COMPLETE,8.993,8,0.230,14,1.000,0.560,8.000,0.025,0.090,0.900,8,10,0,0.993,0.469,5.741,0.858,0.807,1062.878
228,COMPLETE,8.992,8,0.190,14,1.000,0.560,7.000,0.025,0.090,0.900,8,10,0,0.992,0.419,4.826,0.832,0.782,1000.072
229,COMPLETE,9.999,8,0.230,14,1.000,0.560,7.000,0.025,0.090,0.900,9,10,0,0.999,0.498,6.274,0.839,0.773,1051.417
230,COMPLETE,11.000,8,0.210,14,1.000,0.560,8.000,0.025,0.090,0.900,10,10,0,1.000,0.438,5.111,0.845,0.778,1040.026
231,COMPLETE,9.999,8,0.230,14,1.000,0.560,7.000,0.025,0.090,0.900,9,10,0,0.999,0.498,6.274,0.839,0.773,1084.077
232,COMPLETE,9.996,8,0.230,14,1.000,0.560,7.000,0.025,0.080,0.900,9,10,0,0.996,0.487,6.109,0.833,0.784,1075.868
233,COMPLETE,9.996,8,0.230,14,1.000,0.560,7.000,0.025,0.080,0.900,9,10,0,0.996,0.487,6.109,0.833,0.784,1092.117
234,COMPLETE,6.957,8,0.230,14,1.000,0.560,7.500,0.025,0.080,0.900,6,10,0,0.957,0.481,5.930,0.831,0.762,991.201
235,COMPLETE,6.957,8,0.230,14,1.000,0.560,7.500,0.025,0.080,0.900,6,10,0,0.957,0.481,5.930,0.831,0.762,1004.966
236,COMPLETE,6.957,8,0.230,14,1.000,0.560,7.500,0.025,0.080,0.900,6,10,0,0.957,0.481,5.930,0.831,0.762,1036.898
237,COMPLETE,11.000,8,0.230,14,1.000,0.560,7.500,0.020,0.080,0.900,10,10,0,1.000,0.493,6.689,0.870,0.800,1060.198
238,COMPLETE,6.867,8,0.230,11,1.000,0.560,7.500,0.020,0.080,0.900,6,10,0,0.867,0.475,6.153,0.782,0.654,1005.193
239,COMPLETE,11.000,8,0.190,11,1.000,0.560,7.500,0.020,0.080,0.900,10,10,0,1.000,0.417,5.223,0.856,0.810,949.155
240,COMPLETE,6.867,8,0.230,11,1.000,0.560,7.500,0.020,0.080,0.900,6,10,0,0.867,0.475,6.153,0.782,0.654,1016.407
241,COMPLETE,6.867,8,0.230,11,1.000,0.560,7.500,0.020,0.080,0.900,6,10,0,0.867,0.475,6.153,0.782,0.654,1013.605
242,COMPLETE,6.867,8,0.230,11,1.000,0.560,7.500,0.020,0.080,0.900,6,10,0,0.867,0.475,6.153,0.782,0.654,1061.725
243,COMPLETE,6.867,8,0.230,11,1.000,0.560,7.500,0.020,0.080,0.900,6,10,0,0.867,0.475,6.153,0.782,0.654,1066.347
244,COMPLETE,9.988,8,0.220,11,1.000,0.560,7.500,0.020,0.080,0.900,9,10,0,0.988,0.467,6.169,0.844,0.777,1025.546
245,COMPLETE,9.988,8,0.220,11,1.000,0.560,7.500,0.020,0.080,0.900,9,10,0,0.988,0.467,6.169,0.844,0.777,1025.530
246,COMPLETE,9.988,8,0.220,12,1.000,0.560,7.500,0.020,0.080,0.900,9,10,0,0.988,0.458,6.051,0.857,0.738,982.832
247,COMPLETE,9.988,8,0.220,12,1.000,0.560,7.500,0.020,0.080,0.900,9,10,0,0.988,0.458,6.051,0.857,0.738,984.168
248,COMPLETE,11.000,8,0.190,12,1.000,0.560,7.500,0.020,0.080,0.900,10,10,0,1.000,0.415,5.218,0.863,0.765,960.383
249,COMPLETE,11.000,8,0.190,12,1.000,0.560,7.500,0.020,0.080,0.900,10,10,0,1.000,0.415,5.218,0.863,0.765,958.843
250,COMPLETE,8.966,8,0.190,12,1.000,0.540,7.500,0.020,0.080,0.900,8,10,0,0.966,0.412,5.026,0.817,0.754,949.408
251,COMPLETE,8.966,8,0.190,12,1.000,0.540,7.500,0.020,0.080,0.900,8,10,0,0.966,0.412,5.026,0.817,0.754,961.258
252,COMPLETE,8.966,8,0.190,12,1.000,0.540,7.500,0.020,0.080,0.900,8,10,0,0.966,0.412,5.026,0.817,0.754,948.327
253,COMPLETE,8.966,8,0.190,12,1.000,0.540,7.500,0.020,0.080,0.900,8,10,0,0.966,0.412,5.026,0.817,0.754,956.859
254,COMPLETE,8.966,8,0.190,12,1.000,0.540,7.500,0.020,0.080,0.900,8,10,0,0.966,0.412,5.026,0.817,0.754,949.663
255,COMPLETE,8.958,8,0.220,12,1.000,0.540,7.500,0.020,0.080,0.900,8,10,0,0.958,0.458,5.921,0.835,0.725,981.119
256,COMPLETE,8.995,8,0.190,12,1.000,0.540,6.500,0.020,0.080,0.900,8,10,0,0.995,0.420,5.299,0.832,0.730,915.575
257,COMPLETE,8.995,8,0.190,12,1.000,0.540,6.500,0.020,0.080,0.900,8,10,0,0.995,0.420,5.299,0.832,0.730,906.919
258,COMPLETE,10.000,8,0.190,12,1.000,0.540,8.500,0.020,0.080,0.900,9,10,0,1.000,0.403,4.871,0.865,0.824,910.725
259,COMPLETE,8.995,8,0.190,12,1.000,0.540,6.500,0.020,0.080,0.900,8,10,0,0.995,0.420,5.299,0.832,0.730,910.116
260,COMPLETE,8.995,8,0.190,12,1.000,0.540,6.500,0.020,0.080,0.900,8,10,0,0.995,0.420,5.299,0.832,0.730,914.466
261,COMPLETE,10.000,8,0.190,12,1.000,0.540,8.500,0.020,0.080,0.900,9,10,0,1.000,0.403,4.871,0.865,0.824,909.867
262,COMPLETE,6.725,8,0.190,12,1.000,0.540,8.500,0.035,0.080,0.900,6,10,0,0.725,0.399,3.027,0.631,0.573,1004.846
263,COMPLETE,8.995,8,0.190,12,1.000,0.540,6.500,0.020,0.090,0.900,8,10,0,0.995,0.432,5.515,0.846,0.795,973.560
264,COMPLETE,8.878,8,0.190,12,1.000,0.540,6.500,0.035,0.090,0.900,8,10,0,0.878,0.427,3.972,0.751,0.699,1029.212
265,COMPLETE,6.791,8,0.210,12,1.000,0.540,8.500,0.040,0.090,0.900,6,10,0,0.791,0.435,3.317,0.678,0.632,1060.225
266,COMPLETE,9.923,8,0.210,12,1.000,0.540,6.500,0.040,0.090,0.900,9,10,0,0.923,0.461,4.296,0.806,0.749,1071.706
267,COMPLETE,9.931,8,0.210,12,1.000,0.540,6.500,0.035,0.090,0.900,9,10,0,0.931,0.463,4.703,0.793,0.725,1049.723
268,COMPLETE,7.922,8,0.210,12,1.000,0.600,8.500,0.035,0.090,0.800,7,10,0,0.922,0.429,3.912,0.776,0.729,1018.827
269,COMPLETE,7.789,8,0.210,13,1.000,0.540,8.500,0.035,0.090,0.800,7,10,0,0.789,0.427,3.635,0.671,0.632,1051.046
270,COMPLETE,11.000,8,0.210,13,1.000,0.600,6.500,0.035,0.090,0.800,10,10,0,1.000,0.472,5.138,0.869,0.758,1017.379
271,COMPLETE,10.000,8,0.210,13,1.000,0.600,6.500,0.035,0.090,0.900,9,10,0,1.000,0.471,5.103,0.848,0.833,1039.647
272,COMPLETE,8.989,8,0.210,13,1.000,0.540,8.500,0.025,0.090,0.800,8,10,0,0.989,0.422,4.736,0.831,0.795,993.920
273,COMPLETE,7.922,8,0.210,13,1.000,0.600,8.500,0.035,0.090,0.800,7,10,0,0.922,0.429,3.912,0.776,0.729,1021.953
274,COMPLETE,11.000,8,0.210,13,1.000,0.600,8.500,0.025,0.090,0.800,10,10,0,1.000,0.428,5.073,0.865,0.807,970.496
275,COMPLETE,11.000,8,0.210,13,1.000,0.520,8.500,0.025,0.090,0.800,10,10,0,1.000,0.420,4.740,0.868,0.786,975.323
276,COMPLETE,9.994,8,0.210,13,1.000,0.600,8.000,0.025,0.090,0.800,9,10,0,0.994,0.436,5.225,0.846,0.786,969.086
277,COMPLETE,9.994,8,0.210,13,1.000,0.600,8.000,0.025,0.090,0.800,9,10,0,0.994,0.436,5.225,0.846,0.786,982.458
278,COMPLETE,11.000,6,0.210,13,1.000,0.600,8.000,0.025,0.090,0.800,10,10,0,1.000,0.370,3.962,0.857,0.825,911.748
279,COMPLETE,7.834,6,0.210,13,1.000,0.520,8.000,0.025,0.090,0.800,7,10,0,0.834,0.370,3.537,0.701,0.689,948.103
280,COMPLETE,11.000,6,0.210,13,1.000,0.600,8.000,0.025,0.090,0.800,10,10,0,1.000,0.370,3.962,0.857,0.825,905.105
281,COMPLETE,11.000,6,0.210,13,1.000,0.600,8.000,0.025,0.090,0.800,10,10,0,1.000,0.370,3.962,0.857,0.825,903.513
282,COMPLETE,8.967,8,0.210,13,1.000,0.520,8.000,0.025,0.090,0.800,8,10,0,0.967,0.428,4.859,0.838,0.750,971.716
283,COMPLETE,9.970,6,0.180,13,1.000,0.600,8.000,0.025,0.090,0.800,9,10,0,0.970,0.323,3.017,0.834,0.785,886.137
284,COMPLETE,9.970,6,0.180,13,1.000,0.600,8.000,0.025,0.090,0.800,9,10,0,0.970,0.323,3.017,0.834,0.785,880.760
285,COMPLETE,11.000,8,0.180,13,1.000,0.520,8.000,0.025,0.090,0.800,10,10,0,1.000,0.391,4.116,0.853,0.796,953.721
286,COMPLETE,11.000,8,0.180,13,1.000,0.520,8.000,0.025,0.090,0.900,10,10,0,1.000,0.389,4.069,0.854,0.786,931.910
287,COMPLETE,11.000,8,0.180,16,1.000,0.520,8.000,0.025,0.090,0.800,10,10,0,1.000,0.391,4.116,0.853,0.796,955.080
288,COMPLETE,11.000,8,0.180,13,1.000,0.520,8.000,0.025,0.090,0.900,10,10,0,1.000,0.389,4.069,0.854,0.786,929.001
289,COMPLETE,9.991,10,0.180,16,1.000,0.520,8.000,0.025,0.090,0.900,9,10,0,0.991,0.437,4.974,0.840,0.762,997.305
290,COMPLETE,7.865,6,0.180,16,1.000,0.520,8.000,0.025,0.090,0.900,7,10,0,0.865,0.322,2.741,0.726,0.693,879.329
291,COMPLETE,7.865,6,0.180,16,1.000,0.520,8.000,0.025,0.090,0.900,7,10,0,0.865,0.322,2.741,0.726,0.693,875.487
292,COMPLETE,9.989,10,0.180,13,1.000,0.520,8.000,0.025,0.100,0.900,9,10,0,0.989,0.434,4.923,0.824,0.768,1045.404
293,COMPLETE,9.989,10,0.180,16,1.000,0.520,8.000,0.025,0.100,0.900,9,10,0,0.989,0.434,4.923,0.824,0.768,1032.933
294,COMPLETE,9.989,10,0.180,16,1.000,0.520,8.000,0.025,0.100,0.900,9,10,0,0.989,0.434,4.923,0.824,0.768,1028.840
295,COMPLETE,9.989,10,0.180,16,1.000,0.520,8.000,0.025,0.100,0.900,9,10,0,0.989,0.434,4.923,0.824,0.768,1040.461
296,COMPLETE,9.989,10,0.180,16,1.000,0.520,8.000,0.025,0.100,0.900,9,10,0,0.989,0.434,4.923,0.824,0.768,1037.117
297,COMPLETE,9.989,10,0.180,16,1.000,0.520,8.000,0.025,0.100,0.900,9,10,0,0.989,0.434,4.923,0.824,0.768,1022.274
298,COMPLETE,9.989,10,0.180,16,1.000,0.520,8.000,0.025,0.100,0.900,9,10,0,0.989,0.434,4.923,0.824,0.768,1049.701
299,COMPLETE,8.991,10,0.180,13,1.000,0.560,8.000,0.025,0.100,0.900,8,10,0,0.991,0.434,5.029,0.825,0.786,1005.392
300,COMPLETE,9.965,10,0.180,16,1.000,0.560,8.000,0.030,0.100,0.900,9,10,0,0.965,0.432,4.506,0.819,0.747,1097.005
301,COMPLETE,9.965,10,0.180,16,1.000,0.560,8.000,0.030,0.100,0.900,9,10,0,0.965,0.432,4.506,0.819,0.747,1087.872
302,COMPLETE,8.975,10,0.220,16,1.000,0.560,8.000,0.025,0.100,0.900,8,10,0,0.975,0.487,6.070,0.819,0.675,1144.607
303,COMPLETE,8.998,10,0.220,16,1.000,0.560,8.000,0.030,0.100,0.900,8,10,0,0.998,0.505,5.959,0.842,0.768,1103.986
304,COMPLETE,8.998,10,0.220,15,1.000,0.560,8.000,0.030,0.100,0.900,8,10,0,0.998,0.505,5.959,0.842,0.768,1142.937
305,COMPLETE,8.993,10,0.220,16,1.000,0.560,8.000,0.030,0.080,0.900,8,10,0,0.993,0.515,6.097,0.832,0.778,1067.283
306,COMPLETE,8.991,7,0.220,15,1.000,0.560,8.000,0.030,0.100,0.900,8,10,0,0.991,0.416,4.221,0.828,0.807,1026.804
307,COMPLETE,8.991,7,0.220,15,1.000,0.560,8.000,0.030,0.100,0.900,8,10,0,0.991,0.416,4.221,0.828,0.807,1028.078
308,COMPLETE,6.787,7,0.220,16,1.000,0.560,7.500,0.030,0.080,0.900,6,10,0,0.787,0.445,4.479,0.689,0.632,1041.916
309,COMPLETE,6.787,7,0.220,14,1.000,0.560,7.500,0.030,0.080,0.900,6,10,0,0.787,0.445,4.479,0.689,0.632,1052.424
310,COMPLETE,8.863,7,0.200,14,1.000,0.560,7.500,0.030,0.080,0.900,8,10,0,0.863,0.410,3.972,0.750,0.699,1052.835
311,COMPLETE,6.787,7,0.220,14,1.000,0.560,7.500,0.030,0.080,0.900,6,10,0,0.787,0.445,4.479,0.689,0.632,1016.298
312,COMPLETE,6.787,7,0.220,14,1.000,0.560,7.500,0.030,0.080,0.900,6,10,0,0.787,0.445,4.479,0.689,0.632,1012.163
313,COMPLETE,6.787,7,0.220,14,1.000,0.560,7.500,0.030,0.080,0.900,6,10,0,0.787,0.445,4.479,0.689,0.632,1017.487
314,COMPLETE,6.787,7,0.220,14,1.000,0.560,7.500,0.030,0.080,0.900,6,10,0,0.787,0.445,4.479,0.689,0.632,1047.526
315,COMPLETE,6.787,7,0.220,14,1.000,0.560,7.500,0.030,0.080,0.900,6,10,0,0.787,0.445,4.479,0.689,0.632,1034.924
316,COMPLETE,8.997,7,0.220,14,1.000,0.560,7.500,0.020,0.080,0.900,8,10,0,0.997,0.430,5.472,0.847,0.771,979.434
317,COMPLETE,8.997,7,0.220,14,1.000,0.560,7.500,0.020,0.080,0.900,8,10,0,0.997,0.430,5.472,0.847,0.771,974.471
318,COMPLETE,11.000,7,0.220,14,1.000,0.580,7.500,0.020,0.080,0.900,10,10,0,1.000,0.451,5.943,0.874,0.834,1018.515
319,COMPLETE,0.318,7,0.220,14,1.000,0.580,7.500,0.055,0.080,0.900,0,10,0,0.318,0.464,2.084,0.264,0.237,1148.915
320,COMPLETE,9.940,7,0.200,14,1.000,0.580,7.500,0.020,0.080,0.900,9,10,0,0.940,0.394,4.826,0.814,0.713,980.924
321,COMPLETE,0.318,7,0.220,14,1.000,0.580,7.500,0.055,0.080,0.900,0,10,0,0.318,0.464,2.084,0.264,0.237,1147.649
322,COMPLETE,0.258,8,0.200,14,1.000,0.580,7.500,0.055,0.080,0.900,0,10,0,0.258,0.451,1.924,0.206,0.198,1131.277
323,COMPLETE,11.000,8,0.200,14,1.000,0.580,7.500,0.020,0.080,0.900,10,10,0,1.000,0.434,5.677,0.876,0.786,989.176
324,COMPLETE,9.996,8,0.200,14,1.000,0.420,7.500,0.020,0.080,0.900,9,10,0,0.996,0.435,5.113,0.853,0.780,965.413
325,COMPLETE,11.000,9,0.200,14,1.000,0.400,7.500,0.020,0.080,0.900,10,10,0,1.000,0.453,5.364,0.842,0.739,1029.978
326,COMPLETE,9.931,9,0.200,12,1.000,0.580,7.500,0.045,0.080,0.900,9,10,0,0.931,0.477,3.953,0.811,0.761,1102.561
327,COMPLETE,7.998,9,0.200,12,1.000,0.580,7.500,0.020,0.080,0.900,7,10,0,0.998,0.471,6.263,0.837,0.758,1009.820
328,COMPLETE,8.868,9,0.200,13,1.000,0.400,8.500,0.020,0.080,0.900,8,10,0,0.868,0.433,4.885,0.777,0.683,1008.318
329,COMPLETE,5.861,8,0.200,13,1.000,0.400,8.500,0.020,0.080,0.900,5,10,0,0.861,0.400,4.292,0.726,0.671,985.517
330,COMPLETE,9.997,9,0.200,13,1.000,0.580,8.500,0.020,0.080,0.900,9,10,0,0.997,0.439,5.670,0.849,0.833,1001.314
331,COMPLETE,9.997,9,0.200,13,1.000,0.580,8.500,0.020,0.080,0.900,9,10,0,0.997,0.439,5.670,0.849,0.833,968.528
332,COMPLETE,8.995,9,0.200,13,1.000,0.420,8.500,0.020,0.080,0.900,8,10,0,0.995,0.431,5.022,0.844,0.761,969.048
333,COMPLETE,9.997,9,0.200,12,1.000,0.420,8.500,0.020,0.090,0.900,9,10,0,0.997,0.426,4.946,0.840,0.761,1000.378
334,COMPLETE,1.304,9,0.200,12,1.000,0.580,8.500,0.055,0.090,0.900,1,10,0,0.304,0.460,2.023,0.252,0.262,1144.405
335,COMPLETE,8.997,8,0.190,12,1.000,0.580,8.500,0.020,0.090,1.000,8,10,0,0.997,0.374,4.530,0.841,0.831,949.809
336,COMPLETE,9.999,9,0.190,12,1.000,0.540,8.500,0.020,0.090,1.000,9,10,0,0.999,0.408,5.005,0.846,0.802,954.688
337,COMPLETE,9.999,9,0.190,12,1.000,0.540,8.500,0.020,0.090,1.000,9,10,0,0.999,0.408,5.005,0.846,0.802,946.518
338,COMPLETE,4.585,9,0.190,12,1.000,0.420,8.500,0.045,0.090,0.900,4,10,0,0.585,0.431,2.469,0.506,0.490,1099.729
339,COMPLETE,6.723,9,0.190,12,1.000,0.540,8.500,0.045,0.090,1.000,6,10,0,0.723,0.421,2.592,0.614,0.612,1083.351
340,COMPLETE,9.999,9,0.190,12,1.000,0.540,8.500,0.020,0.090,1.000,9,10,0,0.999,0.408,5.005,0.846,0.802,969.367
341,COMPLETE,8.996,8,0.190,12,1.000,0.540,8.500,0.020,0.090,1.000,8,10,0,0.996,0.387,4.596,0.845,0.806,934.649
342,COMPLETE,8.996,8,0.190,13,1.000,0.540,8.500,0.020,0.090,1.000,8,10,0,0.996,0.387,4.596,0.845,0.806,923.702
343,COMPLETE,8.996,8,0.190,12,1.000,0.540,8.500,0.020,0.090,1.000,8,10,0,0.996,0.387,4.596,0.845,0.806,938.621
344,COMPLETE,8.996,8,0.190,12,1.000,0.540,8.500,0.020,0.090,1.000,8,10,0,0.996,0.387,4.596,0.845,0.806,930.491
345,COMPLETE,8.996,8,0.190,13,1.000,0.540,8.500,0.020,0.090,1.000,8,10,0,0.996,0.387,4.596,0.845,0.806,931.950
346,COMPLETE,8.996,8,0.190,12,1.000,0.540,8.500,0.020,0.090,1.000,8,10,0,0.996,0.387,4.596,0.845,0.806,933.021
347,COMPLETE,8.996,8,0.190,12,1.000,0.540,8.500,0.020,0.090,1.000,8,10,0,0.996,0.387,4.596,0.845,0.806,945.848
348,COMPLETE,8.996,8,0.190,12,1.000,0.540,8.500,0.020,0.090,1.000,8,10,0,0.996,0.387,4.596,0.845,0.806,927.975
349,COMPLETE,11.000,8,0.190,12,1.000,0.540,7.000,0.020,0.090,1.000,10,10,0,1.000,0.425,5.349,0.852,0.779,988.034
350,COMPLETE,7.997,8,0.190,12,1.000,0.540,7.000,0.025,0.090,1.000,7,10,0,0.997,0.420,4.835,0.845,0.834,1014.637
351,COMPLETE,8.994,8,0.190,11,1.000,0.540,7.000,0.025,0.090,1.000,8,10,0,0.994,0.423,4.874,0.847,0.813,996.276
352,COMPLETE,8.995,8,0.190,6,1.000,0.540,7.000,0.025,0.090,1.000,8,10,0,0.995,0.416,4.709,0.842,0.795,963.477
353,COMPLETE,8.983,8,0.190,11,1.000,0.540,7.000,0.025,0.090,0.900,8,10,0,0.983,0.417,4.705,0.820,0.789,1009.539
354,COMPLETE,8.983,8,0.190,11,1.000,0.540,7.000,0.025,0.090,0.900,8,10,0,0.983,0.417,4.705,0.820,0.789,1007.905
355,COMPLETE,8.996,8,0.190,13,1.000,0.540,7.000,0.025,0.090,0.900,8,10,0,0.996,0.417,4.744,0.832,0.800,1015.838
356,COMPLETE,8.993,8,0.230,11,1.000,0.540,7.000,0.025,0.090,0.900,8,10,0,0.993,0.494,6.187,0.851,0.789,1073.585
357,COMPLETE,8.993,8,0.230,11,1.000,0.540,7.000,0.025,0.090,0.900,8,10,0,0.993,0.494,6.187,0.851,0.789,1073.182
358,COMPLETE,8.993,8,0.230,11,1.000,0.540,7.000,0.025,0.090,0.900,8,10,0,0.993,0.494,6.187,0.851,0.789,1073.811
359,COMPLETE,11.000,8,0.230,8,1.000,0.540,7.000,0.025,0.090,0.900,10,10,0,1.000,0.481,5.969,0.844,0.786,1063.735
360,COMPLETE,8.993,8,0.230,11,1.000,0.540,7.000,0.025,0.090,0.900,8,10,0,0.993,0.494,6.187,0.851,0.789,1067.737
361,COMPLETE,8.993,8,0.230,11,1.000,0.540,7.000,0.025,0.090,0.900,8,10,0,0.993,0.494,6.187,0.851,0.789,1070.345
362,COMPLETE,8.993,8,0.230,11,1.000,0.540,7.000,0.025,0.090,0.900,8,10,0,0.993,0.494,6.187,0.851,0.789,1081.598
363,COMPLETE,5.786,8,0.230,11,1.000,0.320,7.000,0.025,0.090,0.900,5,10,0,0.786,0.490,5.074,0.658,0.612,1082.605
364,COMPLETE,11.000,8,0.230,11,1.000,0.560,7.000,0.025,0.090,0.900,10,10,0,1.000,0.490,6.205,0.844,0.818,1036.161
365,COMPLETE,9.997,8,0.210,11,1.000,0.560,8.000,0.025,0.080,0.900,9,10,0,0.997,0.439,5.166,0.856,0.817,972.142
366,COMPLETE,9.997,8,0.230,11,1.000,0.560,8.000,0.025,0.080,0.900,9,10,0,0.997,0.472,5.762,0.839,0.815,1035.156
367,COMPLETE,7.966,8,0.230,11,1.000,0.560,8.000,0.015,0.080,0.900,7,10,0,0.966,0.471,6.699,0.851,0.766,1020.072
368,COMPLETE,9.967,8,0.230,13,1.000,0.560,8.000,0.015,0.080,0.900,9,10,0,0.967,0.472,6.704,0.846,0.767,1013.897
369,COMPLETE,8.998,8,0.230,8,1.000,0.560,8.000,0.015,0.080,0.900,8,10,0,0.998,0.462,6.529,0.845,0.770,998.334
370,COMPLETE,9.945,5,0.210,13,1.000,0.560,8.000,0.015,0.080,0.900,9,10,0,0.945,0.335,4.160,0.819,0.761,836.931
371,COMPLETE,5.716,5,0.230,13,1.000,0.560,8.000,0.015,0.080,0.900,5,10,0,0.716,0.369,4.358,0.617,0.541,872.821
372,COMPLETE,7.975,8,0.210,8,1.000,0.560,8.000,0.015,0.080,0.900,7,10,0,0.975,0.425,5.859,0.839,0.724,914.701
373,COMPLETE,8.992,8,0.210,13,1.000,0.560,8.000,0.015,0.080,0.900,8,10,0,0.992,0.428,5.891,0.827,0.777,943.560
374,COMPLETE,6.987,8,0.210,8,1.000,0.280,8.000,0.015,0.080,0.900,6,10,0,0.987,0.425,4.898,0.825,0.755,961.482
375,COMPLETE,8.992,8,0.210,13,1.000,0.560,8.000,0.015,0.080,0.900,8,10,0,0.992,0.428,5.891,0.827,0.777,944.253
376,COMPLETE,5.784,8,0.210,13,1.000,0.320,8.000,0.025,0.080,0.900,5,10,0,0.784,0.444,4.293,0.656,0.624,989.041
377,COMPLETE,8.992,8,0.210,13,1.000,0.560,8.000,0.015,0.080,0.900,8,10,0,0.992,0.428,5.891,0.827,0.777,939.901
378,COMPLETE,8.992,8,0.210,13,1.000,0.560,8.000,0.015,0.080,0.900,8,10,0,0.992,0.428,5.891,0.827,0.777,940.595
379,COMPLETE,8.992,8,0.210,13,1.000,0.560,8.000,0.015,0.080,0.900,8,10,0,0.992,0.428,5.891,0.827,0.777,949.733
380,COMPLETE,8.992,8,0.210,13,1.000,0.560,8.000,0.015,0.080,0.900,8,10,0,0.992,0.428,5.891,0.827,0.777,938.966
381,COMPLETE,8.992,8,0.210,13,1.000,0.560,8.000,0.015,0.080,0.900,8,10,0,0.992,0.428,5.891,0.827,0.777,950.343
382,COMPLETE,9.945,5,0.210,13,1.000,0.560,8.000,0.015,0.080,0.900,9,10,0,0.945,0.335,4.160,0.819,0.761,857.491
383,COMPLETE,4.565,5,0.210,13,1.000,0.560,8.000,0.020,0.080,0.900,4,10,0,0.565,0.346,3.259,0.474,0.469,874.932
384,COMPLETE,7.921,8,0.210,13,1.000,0.360,8.000,0.020,0.080,0.900,7,10,0,0.921,0.437,4.872,0.782,0.705,983.692
385,COMPLETE,7.796,8,0.210,13,1.000,0.560,8.000,0.040,0.080,0.900,7,10,0,0.796,0.449,3.633,0.695,0.651,1080.397
386,COMPLETE,7.921,8,0.210,13,1.000,0.360,8.000,0.020,0.080,0.900,7,10,0,0.921,0.437,4.872,0.782,0.705,986.399
387,COMPLETE,7.969,10,0.210,15,1.000,0.580,8.000,0.040,0.070,0.000,7,10,0,0.969,0.493,4.876,0.880,0.629,1019.266
388,COMPLETE,11.000,10,0.240,13,1.000,0.580,8.000,0.040,0.080,0.900,10,10,0,1.000,0.555,6.114,0.855,0.799,1139.552
389,COMPLETE,3.474,10,0.240,15,1.000,0.360,8.000,0.060,0.080,0.900,3,10,0,0.474,0.557,3.364,0.406,0.402,1252.015
390,COMPLETE,8.939,10,0.240,15,1.000,0.580,7.500,0.020,0.070,0.900,8,10,0,0.939,0.562,8.033,0.851,0.693,1096.735
391,COMPLETE,1.294,10,0.180,15,1.000,0.580,7.500,0.060,0.070,0.900,1,10,0,0.294,0.479,1.981,0.243,0.269,1177.982
392,COMPLETE,7.921,10,0.240,15,1.000,0.580,7.500,0.020,0.080,0.900,7,10,0,0.921,0.548,7.787,0.845,0.649,1058.818
393,COMPLETE,11.000,10,0.180,15,1.000,0.580,7.500,0.040,0.070,0.900,10,10,0,1.000,0.466,4.293,0.868,0.808,999.522
394,COMPLETE,9.994,10,0.180,15,1.000,0.580,7.500,0.020,0.080,0.900,9,10,0,0.994,0.445,5.843,0.845,0.756,980.150
395,COMPLETE,11.000,10,0.180,15,1.000,0.580,7.500,0.040,0.070,0.900,10,10,0,1.000,0.466,4.293,0.868,0.808,1009.220
396,COMPLETE,7.944,10,0.180,15,1.000,0.580,7.500,0.020,0.070,0.900,7,10,0,0.944,0.450,5.956,0.871,0.668,957.646
397,COMPLETE,8.997,10,0.240,15,1.000,0.580,7.500,0.020,0.090,0.900,8,10,0,0.997,0.553,7.861,0.837,0.739,1130.351
398,COMPLETE,11.000,10,0.180,13,1.000,0.580,7.500,0.040,0.090,0.900,10,10,0,1.000,0.443,3.966,0.849,0.772,1026.034
399,COMPLETE,7.875,10,0.180,15,1.000,0.360,7.500,0.020,0.070,0.900,7,10,0,0.875,0.452,5.088,0.784,0.596,970.434
400,COMPLETE,8.946,10,0.240,15,1.000,0.580,7.500,0.040,0.070,0.900,8,10,0,0.946,0.560,6.258,0.853,0.743,1052.628
401,COMPLETE,8.939,10,0.240,13,1.000,0.580,7.500,0.020,0.070,0.900,8,10,0,0.939,0.562,8.033,0.851,0.693,1102.168
402,COMPLETE,11.000,10,0.240,15,1.000,0.580,7.500,0.025,0.070,0.900,10,10,0,1.000,0.577,7.909,0.871,0.779,1125.258
403,COMPLETE,7.928,10,0.180,15,1.000,0.520,7.500,0.025,0.070,0.900,7,10,0,0.928,0.449,5.219,0.846,0.685,1022.677
404,COMPLETE,9.974,10,0.180,12,1.000,0.580,7.500,0.025,0.070,0.900,9,10,0,0.974,0.458,5.616,0.867,0.751,1000.412
405,COMPLETE,11.000,10,0.180,13,1.000,0.580,7.500,0.025,0.090,0.800,10,10,0,1.000,0.444,5.349,0.852,0.741,1018.909
406,COMPLETE,8.921,10,0.430,13,1.000,0.520,7.500,0.025,0.090,0.800,8,10,0,0.921,0.748,10.929,0.832,0.641,1312.608
407,COMPLETE,7.980,8,0.200,7,1.000,0.520,7.500,0.025,0.090,0.800,7,10,0,0.980,0.425,4.806,0.846,0.740,988.560
408,COMPLETE,6.996,8,0.180,12,1.000,0.520,7.500,0.025,0.090,0.800,6,10,0,0.996,0.403,4.318,0.831,0.804,1003.236
409,COMPLETE,11.000,8,0.200,12,1.000,0.520,7.500,0.025,0.090,0.800,10,10,0,1.000,0.422,4.792,0.854,0.754,975.988
410,COMPLETE,11.000,8,0.200,12,1.000,0.520,6.000,0.025,0.090,0.800,10,10,0,1.000,0.446,5.344,0.845,0.794,1019.976
411,COMPLETE,11.000,8,0.200,12,1.000,0.520,7.500,0.025,0.090,0.800,10,10,0,1.000,0.422,4.792,0.854,0.754,987.244
412,COMPLETE,11.000,8,0.200,12,1.000,0.520,6.000,0.025,0.090,0.800,10,10,0,1.000,0.446,5.344,0.845,0.794,1008.999
413,COMPLETE,11.000,8,0.200,12,1.000,0.520,7.500,0.025,0.090,0.800,10,10,0,1.000,0.422,4.792,0.854,0.754,990.684
414,COMPLETE,11.000,8,0.200,12,1.000,0.520,7.500,0.025,0.090,0.800,10,10,0,1.000,0.422,4.792,0.854,0.754,988.868
415,COMPLETE,11.000,8,0.200,12,1.000,0.500,7.500,0.025,0.090,0.800,10,10,0,1.000,0.441,5.022,0.869,0.759,1028.279
416,COMPLETE,11.000,8,0.200,12,1.000,0.520,7.500,0.025,0.090,0.800,10,10,0,1.000,0.422,4.792,0.854,0.754,982.120
417,COMPLETE,7.994,8,0.200,12,1.000,0.520,7.500,0.025,0.090,0.900,7,10,0,0.994,0.425,4.762,0.827,0.810,989.838
418,COMPLETE,8.997,8,0.200,12,1.000,0.500,8.000,0.025,0.090,0.800,8,10,0,0.997,0.414,4.530,0.847,0.803,993.898
419,COMPLETE,8.997,8,0.200,12,1.000,0.500,8.000,0.025,0.090,0.800,8,10,0,0.997,0.414,4.530,0.847,0.803,983.150
420,COMPLETE,8.997,8,0.200,12,1.000,0.500,8.000,0.025,0.090,0.800,8,10,0,0.997,0.414,4.530,0.847,0.803,991.365
421,COMPLETE,7.984,8,0.220,12,1.000,0.540,8.000,0.025,0.090,0.800,7,10,0,0.984,0.451,5.293,0.823,0.788,989.426
422,COMPLETE,7.984,8,0.220,12,1.000,0.540,8.000,0.025,0.090,0.800,7,10,0,0.984,0.451,5.293,0.823,0.788,998.002
423,COMPLETE,11.000,8,0.440,12,1.000,0.500,8.000,0.025,0.090,0.800,10,10,0,1.000,0.716,10.094,0.843,0.722,1256.662
424,COMPLETE,11.000,8,0.220,10,1.000,0.540,8.000,0.020,0.090,0.900,10,10,0,1.000,0.451,5.837,0.862,0.803,1023.893
425,COMPLETE,11.000,8,0.220,14,1.000,0.540,8.000,0.020,0.090,0.900,10,10,0,1.000,0.454,5.827,0.847,0.788,1005.559
426,COMPLETE,11.000,8,0.220,14,1.000,0.540,8.000,0.020,0.090,0.900,10,10,0,1.000,0.454,5.827,0.847,0.788,1014.289
427,COMPLETE,11.000,8,0.220,10,1.000,0.540,8.000,0.020,0.090,0.900,10,10,0,1.000,0.451,5.837,0.862,0.803,1013.086
428,COMPLETE,8.967,8,0.220,10,1.000,0.540,8.000,0.020,0.090,0.500,8,10,0,0.967,0.450,5.771,0.844,0.726,1013.535
429,COMPLETE,9.994,8,0.220,14,1.000,0.500,8.000,0.020,0.090,0.900,9,10,0,0.994,0.452,5.665,0.839,0.787,959.927
430,COMPLETE,9.982,8,0.220,10,1.000,0.500,8.000,0.020,0.090,0.900,9,10,0,0.982,0.454,5.668,0.829,0.780,991.230
431,COMPLETE,11.000,8,0.220,14,1.000,0.540,8.000,0.020,0.090,0.900,10,10,0,1.000,0.454,5.827,0.847,0.788,1007.968
432,COMPLETE,11.000,8,0.220,14,1.000,0.540,8.000,0.020,0.080,0.900,10,10,0,1.000,0.458,5.922,0.859,0.806,970.913
433,COMPLETE,11.000,8,0.220,10,1.000,0.540,8.000,0.020,0.080,0.900,10,10,0,1.000,0.464,6.024,0.859,0.796,973.041
434,COMPLETE,11.000,8,0.220,14,1.000,0.540,8.000,0.020,0.080,0.900,10,10,0,1.000,0.458,5.922,0.859,0.806,972.781
435,COMPLETE,11.000,8,0.220,14,1.000,0.540,8.000,0.020,0.080,0.900,10,10,0,1.000,0.458,5.922,0.859,0.806,957.623
436,COMPLETE,8.990,8,0.220,14,1.000,0.540,8.000,0.030,0.080,0.900,8,10,0,0.990,0.455,4.922,0.837,0.818,1030.918
437,COMPLETE,11.000,8,0.220,14,1.000,0.540,8.000,0.020,0.080,0.900,10,10,0,1.000,0.458,5.922,0.859,0.806,957.264
438,COMPLETE,11.000,8,0.220,14,1.000,0.560,8.000,0.020,0.080,0.900,10,10,0,1.000,0.459,6.043,0.867,0.783,946.350
439,COMPLETE,10.000,8,0.410,14,1.000,0.560,8.000,0.020,0.080,0.900,9,10,0,1.000,0.680,10.188,0.843,0.785,1209.850
440,COMPLETE,8.866,8,0.190,14,1.000,0.560,8.500,0.030,0.080,0.900,8,10,0,0.866,0.398,3.700,0.747,0.734,972.221
441,COMPLETE,8.922,8,0.320,13,1.000,0.560,8.500,0.030,0.080,0.900,8,10,0,0.922,0.586,7.363,0.790,0.734,1179.494
442,COMPLETE,8.959,8,0.190,13,1.000,0.560,8.500,0.020,0.080,0.900,8,10,0,0.959,0.386,4.671,0.853,0.783,913.357
443,COMPLETE,8.866,8,0.190,13,1.000,0.560,8.500,0.030,0.080,0.900,8,10,0,0.866,0.398,3.700,0.747,0.734,968.520
444,COMPLETE,8.922,8,0.320,13,1.000,0.560,8.500,0.030,0.080,0.900,8,10,0,0.922,0.586,7.363,0.790,0.734,1178.327
445,COMPLETE,8.866,8,0.190,13,1.000,0.560,8.500,0.030,0.080,0.900,8,10,0,0.866,0.398,3.700,0.747,0.734,973.270
446,COMPLETE,8.866,8,0.190,13,1.000,0.560,8.500,0.030,0.080,0.900,8,10,0,0.866,0.398,3.700,0.747,0.734,975.662
447,COMPLETE,8.866,8,0.190,13,1.000,0.560,8.500,0.030,0.080,0.900,8,10,0,0.866,0.398,3.700,0.747,0.734,987.129
448,COMPLETE,6.987,8,0.190,13,1.000,0.560,8.500,0.030,0.140,0.900,6,10,0,0.987,0.366,3.324,0.817,0.793,990.332
449,COMPLETE,8.866,8,0.190,13,1.000,0.560,8.500,0.030,0.080,0.900,8,10,0,0.866,0.398,3.700,0.747,0.734,1032.395
450,COMPLETE,9.999,8,0.410,13,1.000,0.560,8.500,0.030,0.100,0.900,9,10,0,0.999,0.661,9.043,0.839,0.789,1247.321
451,COMPLETE,6.987,8,0.190,13,1.000,0.560,8.500,0.030,0.140,0.900,6,10,0,0.987,0.366,3.324,0.817,0.793,979.101
452,COMPLETE,7.991,8,0.190,13,1.000,0.560,8.500,0.020,0.100,0.900,7,10,0,0.991,0.379,4.474,0.817,0.790,952.926
453,COMPLETE,11.000,8,0.190,13,1.000,0.560,8.500,0.030,0.100,0.900,10,10,0,1.000,0.383,3.606,0.844,0.804,999.595
454,COMPLETE,11.000,8,0.190,13,1.000,0.560,8.500,0.030,0.100,0.900,10,10,0,1.000,0.383,3.606,0.844,0.804,1039.512
455,COMPLETE,11.000,8,0.190,13,1.000,0.560,8.500,0.030,0.100,0.900,10,10,0,1.000,0.383,3.606,0.844,0.804,1041.961
456,COMPLETE,1.292,4,0.190,13,1.000,0.560,8.500,0.030,0.100,0.900,1,10,0,0.292,0.267,1.023,0.245,0.285,793.365
457,COMPLETE,11.000,8,0.190,13,1.000,0.560,8.500,0.030,0.100,0.900,10,10,0,1.000,0.383,3.606,0.844,0.804,1032.151
458,COMPLETE,6.926,8,0.190,13,1.000,0.460,8.500,0.030,0.100,0.900,6,10,0,0.926,0.385,3.327,0.789,0.750,1001.793
459,COMPLETE,8.998,8,0.190,13,1.000,0.560,8.500,0.030,0.100,1.000,8,10,0,0.998,0.391,3.740,0.832,0.850,1030.961
460,COMPLETE,9.942,8,0.190,13,1.000,0.560,8.500,0.030,0.080,1.000,9,10,0,0.942,0.395,3.763,0.810,0.803,1022.095
461,COMPLETE,11.000,9,0.190,16,1.000,0.560,7.500,0.035,0.100,1.000,10,10,0,1.000,0.443,4.309,0.858,0.821,1024.348
462,COMPLETE,8.992,9,0.350,16,1.000,0.560,7.500,0.035,0.100,1.000,8,10,0,0.992,0.651,8.470,0.836,0.737,1312.351
463,COMPLETE,6.984,9,0.190,16,1.000,0.560,7.500,0.025,0.100,1.000,6,10,0,0.984,0.433,5.042,0.819,0.790,1030.189
464,COMPLETE,6.984,9,0.190,16,1.000,0.560,7.500,0.025,0.100,1.000,6,10,0,0.984,0.433,5.042,0.819,0.790,1042.727
465,COMPLETE,7.991,9,0.350,16,1.000,0.560,7.500,0.025,0.100,0.900,7,10,0,0.991,0.639,9.013,0.823,0.709,1258.135
466,COMPLETE,7.988,9,0.180,13,1.000,0.460,7.500,0.025,0.100,1.000,7,10,0,0.988,0.424,4.581,0.824,0.814,1034.882
467,COMPLETE,1.761,9,0.180,16,1.000,0.180,7.500,0.025,0.090,1.000,1,10,0,0.761,0.419,3.606,0.617,0.603,1050.951
468,COMPLETE,7.988,9,0.180,16,1.000,0.460,7.500,0.025,0.100,1.000,7,10,0,0.988,0.424,4.581,0.824,0.814,1060.638
469,COMPLETE,9.995,9,0.370,16,1.000,0.540,7.500,0.035,0.090,1.000,9,10,0,0.995,0.685,9.064,0.842,0.785,1255.258
470,COMPLETE,8.999,9,0.180,16,1.000,0.540,7.500,0.025,0.090,1.000,8,10,0,0.999,0.428,4.910,0.832,0.837,1029.505
471,COMPLETE,2.459,9,0.180,16,1.000,0.140,7.500,0.035,0.090,1.000,2,10,0,0.459,0.430,2.888,0.384,0.402,1061.535
472,COMPLETE,8.999,9,0.180,16,1.000,0.540,7.500,0.025,0.090,1.000,8,10,0,0.999,0.428,4.910,0.832,0.837,1001.161
473,COMPLETE,9.993,9,0.180,16,1.000,0.540,7.500,0.025,0.090,0.900,9,10,0,0.993,0.425,4.828,0.849,0.777,982.593
474,COMPLETE,8.999,10,0.180,13,1.000,0.540,7.500,0.035,0.090,1.000,8,10,0,0.999,0.463,4.558,0.833,0.803,1050.589
475,COMPLETE,8.999,9,0.180,16,1.000,0.540,7.500,0.025,0.090,1.000,8,10,0,0.999,0.428,4.910,0.832,0.837,980.694
476,COMPLETE,9.997,9,0.180,12,1.000,0.540,7.500,0.035,0.090,1.000,9,10,0,0.997,0.427,3.985,0.851,0.835,1053.663
477,COMPLETE,1.761,9,0.180,16,1.000,0.180,7.500,0.025,0.090,1.000,1,10,0,0.761,0.419,3.606,0.617,0.603,1025.063
478,COMPLETE,9.993,9,0.180,16,1.000,0.540,7.500,0.025,0.090,0.900,9,10,0,0.993,0.425,4.828,0.849,0.777,973.641
479,COMPLETE,6.998,10,0.210,12,1.000,0.540,8.000,0.025,0.090,0.900,6,10,0,0.998,0.491,6.064,0.841,0.742,1060.282
480,COMPLETE,11.000,10,0.210,12,1.000,0.540,8.000,0.020,0.090,0.900,10,10,0,1.000,0.478,6.258,0.821,0.715,1037.846
481,COMPLETE,5.973,10,0.380,12,1.000,0.540,8.000,0.020,0.090,0.900,5,10,0,0.973,0.704,10.338,0.792,0.724,1335.331
482,COMPLETE,11.000,10,0.210,12,1.000,0.540,8.000,0.020,0.090,0.900,10,10,0,1.000,0.478,6.258,0.821,0.715,1026.041
483,COMPLETE,11.000,10,0.210,12,1.000,0.540,8.000,0.020,0.090,0.900,10,10,0,1.000,0.478,6.258,0.821,0.715,1047.420
484,COMPLETE,9.998,10,0.380,12,1.000,0.540,8.000,0.020,0.090,0.700,9,10,0,0.998,0.702,10.515,0.846,0.706,1325.090
485,COMPLETE,7.989,10,0.200,12,1.000,0.540,8.000,0.020,0.090,0.900,7,10,0,0.989,0.466,6.005,0.816,0.738,1024.123
486,COMPLETE,11.000,10,0.210,12,1.000,0.540,8.000,0.020,0.080,0.900,10,10,0,1.000,0.490,6.548,0.858,0.728,1014.189
487,COMPLETE,8.988,10,0.210,12,1.000,0.580,8.000,0.020,0.080,0.900,8,10,0,0.988,0.498,6.825,0.858,0.762,1034.942
488,COMPLETE,9.987,10,0.210,12,1.000,0.580,8.000,0.020,0.090,0.900,9,10,0,0.987,0.488,6.616,0.846,0.729,1034.283
489,COMPLETE,8.988,10,0.210,12,1.000,0.580,8.000,0.020,0.080,0.900,8,10,0,0.988,0.498,6.825,0.858,0.762,1036.231
490,COMPLETE,7.932,10,0.200,12,1.000,0.580,8.000,0.020,0.080,0.900,7,10,0,0.932,0.474,6.273,0.818,0.676,1032.280
491,COMPLETE,8.988,10,0.210,12,1.000,0.580,8.000,0.020,0.080,0.900,8,10,0,0.988,0.498,6.825,0.858,0.762,1030.708
492,COMPLETE,8.988,10,0.210,12,1.000,0.580,8.000,0.020,0.080,0.900,8,10,0,0.988,0.498,6.825,0.858,0.762,1038.247
493,COMPLETE,8.988,10,0.210,12,1.000,0.580,8.000,0.020,0.080,0.900,8,10,0,0.988,0.498,6.825,0.858,0.762,1032.884
494,COMPLETE,7.963,10,0.210,12,1.000,0.580,8.000,0.020,0.080,0.700,7,10,0,0.963,0.487,6.574,0.839,0.671,996.410
495,COMPLETE,9.998,8,0.200,12,1.000,0.580,8.000,0.020,0.080,0.900,9,10,0,0.998,0.426,5.455,0.858,0.792,956.027
496,COMPLETE,8.998,8,0.200,12,1.000,0.580,8.000,0.020,0.080,0.700,8,10,0,0.998,0.419,5.341,0.861,0.732,935.862
497,COMPLETE,9.998,8,0.200,12,1.000,0.580,8.000,0.020,0.080,0.900,9,10,0,0.998,0.426,5.455,0.858,0.792,966.712
498,COMPLETE,9.998,8,0.200,14,1.000,0.580,8.000,0.020,0.080,0.900,9,10,0,0.998,0.426,5.455,0.858,0.792,963.844
499,COMPLETE,9.994,8,0.230,14,1.000,0.580,8.000,0.020,0.080,0.900,9,10,0,0.994,0.480,6.409,0.847,0.775,986.268
500,COMPLETE,7.985,8,0.230,14,1.000,0.600,8.000,0.020,0.080,0.900,7,10,0,0.985,0.474,6.366,0.832,0.809,1010.010
501,COMPLETE,9.994,8,0.230,14,1.000,0.580,8.000,0.020,0.080,0.900,9,10,0,0.994,0.480,6.409,0.847,0.775,989.637
502,COMPLETE,7.985,8,0.230,14,1.000,0.600,8.000,0.020,0.080,0.900,7,10,0,0.985,0.474,6.366,0.832,0.809,1011.484
503,COMPLETE,7.874,8,0.230,14,1.000,0.380,7.000,0.020,0.080,0.900,7,10,0,0.874,0.490,5.769,0.746,0.654,1049.885
504,COMPLETE,7.989,8,0.230,14,1.000,0.600,7.000,0.025,0.080,0.900,7,10,0,0.989,0.493,6.361,0.841,0.770,982.432
505,COMPLETE,7.989,8,0.230,14,1.000,0.600,7.000,0.025,0.080,0.900,7,10,0,0.989,0.493,6.361,0.841,0.770,978.340
506,COMPLETE,8.970,8,0.230,14,1.000,0.600,7.000,0.025,0.080,0.100,8,10,0,0.970,0.493,6.376,0.857,0.706,1020.966
507,COMPLETE,7.989,8,0.230,14,1.000,0.600,7.000,0.025,0.080,0.900,7,10,0,0.989,0.493,6.361,0.841,0.770,977.634
508,COMPLETE,9.972,8,0.230,14,1.000,0.600,7.000,0.025,0.060,0.900,9,10,0,0.972,0.493,6.488,0.891,0.750,922.911
509,COMPLETE,9.972,8,0.230,14,1.000,0.600,7.000,0.025,0.060,0.900,9,10,0,0.972,0.493,6.488,0.891,0.750,924.428
510,COMPLETE,9.972,8,0.230,14,1.000,0.600,7.000,0.025,0.060,0.900,9,10,0,0.972,0.493,6.488,0.891,0.750,930.961
511,COMPLETE,11.000,7,0.230,13,1.000,0.600,7.000,0.025,0.080,0.900,10,10,0,1.000,0.469,5.863,0.856,0.785,1029.923
